t,fx,fy,fz,tx,ty,tz,tau_raw,tau_screw,tau_perp_mag,u,pA,pB
1786016685.2222018,-6.5396904945373535,-3.652817964553833,-111.81558227539062,-0.011378208175301552,0.8424800634384155,0.1631404012441635,-0.011378208175301552,-0.5593009028583765,0.8581302044615976,-0.2611799501837828,0.0,10.447198007351313
1786016685.2712889,-6.343837738037109,-3.452756881713867,-111.71199798583984,-0.015541339293122292,0.8338200449943542,0.1663953810930252,-0.015541339293122292,-0.5334548715502023,0.8502607190053414,-0.24792557515394992,0.0,9.917023006157997
1786016685.3213573,-6.77329683303833,-3.4766788482666016,-111.843505859375,-0.020575735718011856,0.8261567950248718,0.16582651436328888,-0.020575735718011856,-0.542077562958002,0.8426348454886293,-0.2523474681835908,0.0,10.093898727343632
1786016685.3713853,-6.559686660766602,-3.65285587310791,-111.74441528320312,-0.014075727201998234,0.8248088359832764,0.16870269179344177,-0.014075727201998234,-0.5620041081681847,0.8418849173933693,-0.2625662093170178,0.0,10.502648372680712
1786016685.4212866,-6.745996952056885,-3.614330291748047,-111.85360717773438,-0.014942854642868042,0.8304152488708496,0.15906129777431488,-0.014942854642868042,-0.5570923984050751,0.8455116687585597,-0.2600473837974744,0.0,10.401895351898975
1786016685.4715402,-6.523355960845947,-3.3090803623199463,-111.59229278564453,-0.02909122407436371,0.8336999416351318,0.16692721843719482,-0.02909122407436371,-0.5254532784223556,0.8502471928431173,-0.24382219406274647,0.0,9.75288776250986
1786016685.5213141,-6.592796802520752,-3.437432289123535,-111.86592864990234,-0.020273718982934952,0.841127872467041,0.16573700308799744,-0.020273718982934952,-0.5358885623514652,0.8573009110187167,-0.2491736217187001,0.0,9.966944868748005
1786016685.5712962,-6.631407737731934,-3.4925708770751953,-111.77965545654297,-0.016895394772291183,0.8306617736816406,0.1648435741662979,-0.016895394772291183,-0.5407810263335705,0.8468603109131098,-0.2516825776069592,0.0,10.06730310427837
1786016685.6212885,-6.902713775634766,-3.449796199798584,-111.77119445800781,-0.02081810124218464,0.8330951929092407,0.1648942232131958,-0.02081810124218464,-0.5382875312119723,0.849257149100064,-0.2504038621599858,0.0,10.016154486399431
1786016685.6713333,-6.727078437805176,-3.2859370708465576,-111.62530517578125,-0.03611481934785843,0.8301107883453369,0.16401518881320953,-0.03611481934785843,-0.529005379974842,0.8461589112505697,-0.24564378460248307,0.0,9.825751384099323
1786016685.7212744,-6.89285945892334,-3.49637508392334,-111.86036682128906,-0.009892146103084087,0.8295037150382996,0.1648644059896469,-0.009892146103084087,-0.5343484086915851,0.8457284940361532,-0.248383799329018,0.0,9.93535197316072
1786016685.771308,-6.752957344055176,-3.4907376766204834,-111.84211730957031,-0.020789358764886856,0.82283616065979,0.16193145513534546,-0.020789358764886856,-0.5444000102579594,0.8386185923598368,-0.25353846679895353,0.0,10.141538671958141
1786016685.8213658,-6.937737464904785,-3.2900819778442383,-111.77819061279297,-0.027134163305163383,0.8285490274429321,0.1612684577703476,-0.027134163305163383,-0.520646459981799,0.8440977469157557,-0.24135715896502516,0.0,9.654286358601006
1786016685.871355,-6.792308807373047,-3.2942283153533936,-111.82792663574219,-0.02673393115401268,0.8291856646537781,0.16568505764007568,-0.02673393115401268,-0.5208681784570217,0.8455769656231908,-0.24147086074719062,0.0,9.658834429887625
1786016685.9212918,-6.822126388549805,-3.434380292892456,-111.8133544921875,-0.023985493928194046,0.8391698598861694,0.16747164726257324,-0.023985493928194046,-0.5391425378620625,0.8557177141897981,-0.25084232710875,0.0,10.033693084349999
1786016685.9712813,-6.626295566558838,-3.3531975746154785,-111.82148742675781,-0.017467964440584183,0.8323462605476379,0.1654769480228424,-0.017467964440584183,-0.520447600632906,0.8486359159112881,-0.24125517981174666,0.0,9.650207192469866
1786016686.0213141,-6.803063869476318,-3.450273275375366,-111.77855682373047,-0.01620955765247345,0.8491427302360535,0.16585944592952728,-0.01620955765247345,-0.5337505489587784,0.8651894197901341,-0.24807720459424534,0.0,9.923088183769813
1786016686.0713184,-6.617499828338623,-3.5970258712768555,-111.81021881103516,-0.01508702989667654,0.8372764587402344,0.16832619905471802,-0.01508702989667654,-0.5546409105882049,0.8540290262331813,-0.25879021055805373,0.0,10.35160842232215
1786016686.1214223,-6.698843002319336,-3.534404993057251,-111.77544403076172,-0.020144861191511154,0.8399280905723572,0.1658312976360321,-0.020144861191511154,-0.5503056101500988,0.8561420539888086,-0.25656697956415325,0.0,10.26267918256613
1786016686.1713042,-6.633543491363525,-3.4376325607299805,-111.7952651977539,-0.02096441760659218,0.8384093046188354,0.16677477955818176,-0.02096441760659218,-0.5366093017160892,0.8548356503843996,-0.24954323164927653,0.0,9.981729265971062
1786016686.2212844,-6.944761276245117,-3.4269590377807617,-111.84292602539062,-0.019168220460414886,0.8285812139511108,0.1640596240758896,-0.019168220460414886,-0.5332120761275291,0.8446670281031566,-0.24780106468078417,0.0,9.912042587231367
1786016686.2712846,-6.673254489898682,-3.2660486698150635,-111.81696319580078,-0.03338202089071274,0.8289296627044678,0.16620682179927826,-0.03338202089071274,-0.5232893213629722,0.8454283490183895,-0.24271247249383193,0.0,9.708498899753277
1786016686.3212771,-6.849625110626221,-3.5593388080596924,-111.82709503173828,-0.01691434718668461,0.8346400260925293,0.1640087515115738,-0.01691434718668461,-0.5508151683956385,0.8506014599847117,-0.2568282914849428,0.0,10.273131659397713
1786016686.3713055,-6.600494384765625,-3.5203351974487305,-111.74851989746094,-0.008038223721086979,0.8359959125518799,0.16629444062709808,-0.008038223721086979,-0.5360885033383965,0.852374921491083,-0.24927615555815208,0.0,9.971046222326084
1786016686.4213028,-6.762298583984375,-3.4399619102478027,-111.82637786865234,-0.015632042661309242,0.8372811079025269,0.16546162962913513,-0.015632042661309242,-0.5316263291984796,0.8534736109160095,-0.24698786112742546,0.0,9.87951444509702
1786016686.4712996,-6.761590957641602,-3.313392162322998,-111.75865936279297,-0.026434021070599556,0.8156217336654663,0.16324730217456818,-0.026434021070599556,-0.5234428454190492,0.8317983494181361,-0.2427912027789996,0.0,9.711648111159985
1786016686.5212886,-6.641561508178711,-3.229302167892456,-111.8314208984375,-0.0230422206223011,0.8334985971450806,0.16392900049686432,-0.0230422206223011,-0.5074375458061695,0.849466084459361,-0.23458335682367668,0.0,9.383334272947067
1786016686.5712676,-6.2643961906433105,-3.3807873725891113,-111.75286102294922,-0.017811069265007973,0.8354133367538452,0.16598252952098846,-0.017811069265007973,-0.5249291751533747,0.8517427095856938,-0.24355342315557676,0.0,9.74213692622307
1786016686.6212718,-6.683594703674316,-3.7223291397094727,-111.79412078857422,-0.012827525846660137,0.8242924213409424,0.16709518432617188,-0.012827525846660137,-0.571176896803081,0.8410581409778465,-0.26727020348875946,0.0,10.690808139550379
1786016686.6712854,-6.770028591156006,-3.3284568786621094,-111.71644592285156,-0.02322988770902157,0.8121060132980347,0.1602620631456375,-0.02322988770902157,-0.522498419508338,0.827768147320567,-0.2423068817991477,0.0,9.692275271965908
1786016686.7212725,-6.6731767654418945,-3.3118748664855957,-111.74595642089844,-0.034774571657180786,0.8285444974899292,0.16589294373989105,-0.034774571657180786,-0.5315558016300201,0.844989025433778,-0.24695169314360008,0.0,9.878067725744003
1786016686.7712765,-6.468751907348633,-3.4551596641540527,-111.825439453125,-0.016438672319054604,0.8343477249145508,0.1629386842250824,-0.016438672319054604,-0.5347126219421625,0.8501088994282368,-0.24857057535495514,0.0,9.942823014198206
1786016686.8212993,-6.53439998626709,-3.659226894378662,-111.79698181152344,-0.00980248674750328,0.8334731459617615,0.1667785495519638,-0.00980248674750328,-0.5586865209043026,0.8499956291829109,-0.26086488251502693,0.0,10.434595300601078
1786016686.8712766,-6.535362243652344,-3.507530450820923,-111.75350189208984,-0.0059316447004675865,0.8219047784805298,0.16882897913455963,-0.0059316447004675865,-0.532061212323606,0.8390653663956976,-0.24721087811466977,0.0,9.88843512458679
1786016686.9212635,-6.6977081298828125,-3.418750286102295,-111.7493896484375,-0.019860433414578438,0.8267644047737122,0.16492880880832672,-0.019860433414578438,-0.5326729763299226,0.8430545017825147,-0.24752460324611417,0.0,9.900984129844566
1786016686.9713275,-6.015322208404541,-3.4867987632751465,-111.91852569580078,-0.017835786566138268,0.8467438817024231,0.16373738646507263,-0.017835786566138268,-0.5408556010574103,0.8624297843458908,-0.2517208210550822,0.0,10.068832842203289
1786016687.021285,-6.70573091506958,-3.286320924758911,-111.77666473388672,-0.028967006132006645,0.8265863656997681,0.16306543350219727,-0.028967006132006645,-0.5219151448458432,0.8425172731546875,-0.24200776658761192,0.0,9.680310663504477
1786016687.071303,-6.515287399291992,-3.1353471279144287,-111.8139877319336,-0.03321807458996773,0.8229101896286011,0.16590873897075653,-0.03321807458996773,-0.503520143777132,0.8394682184939742,-0.23257443270622152,0.0,9.302977308248861
1786016687.1213074,-6.559057235717773,-3.4691202640533447,-111.84921264648438,-0.016445349901914597,0.8421836495399475,0.16452009975910187,-0.016445349901914597,-0.5368133895099163,0.8581026528202613,-0.24964789205636734,0.0,9.985915682254694
1786016687.1712976,-6.655031204223633,-3.582533359527588,-111.76699829101562,-0.011417582631111145,0.831984281539917,0.16329410672187805,-0.011417582631111145,-0.5487975865602494,0.8478577770001217,-0.25579363413346123,0.0,10.23174536533845
1786016687.221322,-6.7330546379089355,-3.316419839859009,-111.73617553710938,-0.025989236310124397,0.8345953822135925,0.1652928590774536,-0.025989236310124397,-0.5234522122889758,0.8508061948964943,-0.24279600630203887,0.0,9.711840252081554
1786016687.271302,-6.4431047439575195,-3.6058616638183594,-111.74500274658203,-0.011943083256483078,0.83712238073349,0.16592085361480713,-0.011943083256483078,-0.552822332829237,0.8534070599597665,-0.2578576065790959,0.0,10.314304263163836
1786016687.3212643,-6.5850958824157715,-3.4703710079193115,-111.77857208251953,-0.017139896750450134,0.8422147631645203,0.16574497520923615,-0.017139896750450134,-0.5376955479383468,0.8583688624940791,-0.25010028099402404,0.0,10.004011239760962
1786016687.37128,-5.907376289367676,-2.5506794452667236,-111.1470718383789,-0.11317669600248337,0.8901601433753967,0.1520819216966629,-0.11317669600248337,-0.4957786127924919,0.9030581331016607,-0.22860441681666252,0.0,9.1441766726665
1786016687.4212823,-6.631786346435547,-3.559304714202881,-111.8765869140625,-0.015752749517560005,0.8389648199081421,0.16523714363574982,-0.015752749517560005,-0.5496484566479921,0.8550820327199038,-0.2562299777682011,0.0,10.249199110728044
1786016687.471352,-6.637343406677246,-3.542562961578369,-111.73881530761719,-0.014914242550730705,0.8282238841056824,0.16729725897312164,-0.014914242550730705,-0.546298686787486,0.8449515814903376,-0.2545121470705057,0.0,10.180485882820227
1786016687.5213053,-6.8697285652160645,-3.471313238143921,-111.7579116821289,-0.015540714375674725,0.8356906175613403,0.16709956526756287,-0.015540714375674725,-0.5362377000972628,0.8522329921991185,-0.24935266671654505,0.0,9.974106668661802
1786016687.5713203,-6.672882080078125,-3.3688502311706543,-111.74903869628906,-0.01905684359371662,0.8263464570045471,0.16431337594985962,-0.01905684359371662,-0.5243843782693147,0.8425243928338264,-0.24327404013811013,0.0,9.730961605524405
1786016687.6212943,-6.727921962738037,-3.3825700283050537,-111.9178466796875,-0.029145754873752594,0.8344852328300476,0.1608150601387024,-0.029145754873752594,-0.5365312591195106,0.8498394480011111,-0.24950320980487725,0.0,9.98012839219509
1786016687.6712723,-6.780119895935059,-3.3542230129241943,-111.78253936767578,-0.011473391205072403,0.8327560424804688,0.16199170053005219,-0.011473391205072403,-0.5146068431437015,0.8483654503386795,-0.23825991956087259,0.0,9.530396782434904
1786016687.7213137,-6.910715579986572,-3.567579984664917,-111.76852416992188,-0.009943806566298008,0.8369304537773132,0.16461269557476044,-0.009943806566298008,-0.5450808042660356,0.8529653709291416,-0.2538875919313003,0.0,10.15550367725201
1786016687.7713075,-6.633408546447754,-3.528740644454956,-111.75370788574219,-0.018962061032652855,0.8385100960731506,0.16491654515266418,-0.018962061032652855,-0.5482731577008962,0.854573957057957,-0.25552469625686985,0.0,10.220987850274794
1786016687.8212607,-6.8848981857299805,-3.454787015914917,-111.89218139648438,-0.01847771368920803,0.8392263054847717,0.16635863482952118,-0.01847771368920803,-0.5366957660764455,0.8555559521153256,-0.24958757234689516,0.0,9.983502893875807
1786016687.8712926,-6.779849529266357,-3.4366614818573,-111.8471908569336,-0.0166691392660141,0.831935465335846,0.16323627531528473,-0.0166691392660141,-0.532168361544609,0.8477987379457332,-0.24726582643313283,0.0,9.890633057325314
1786016687.921343,-6.832175254821777,-3.5446646213531494,-111.8087387084961,-0.013630707748234272,0.8433924317359924,0.1651776134967804,-0.013630707748234272,-0.5453304009512067,0.8594151720269095,-0.25401559023138803,0.0,10.160623609255522
1786016687.9712765,-6.698178768157959,-3.3707425594329834,-111.7477798461914,-0.01970396190881729,0.8383260369300842,0.16518667340278625,-0.01970396190881729,-0.5253153458237648,0.8544455402568263,-0.24375145939680248,0.0,9.750058375872099
1786016688.0212917,-6.798088073730469,-3.5044593811035156,-111.9212417602539,-0.01642587222158909,0.8435004353523254,0.16845589876174927,-0.01642587222158909,-0.5420947793871164,0.8601571799777011,-0.2523562971215981,0.0,10.094251884863926
1786016688.0712948,-6.5763773918151855,-3.4112863540649414,-111.79218292236328,-0.008446387015283108,0.8377691507339478,0.16833408176898956,-0.008446387015283108,-0.5201393401250243,0.8545136119492123,-0.24109709750001246,0.0,9.643883900000498
1786016688.1212683,-6.869361400604248,-3.6412513256073,-111.8001480102539,-0.005693983286619186,0.8367816209793091,0.1626177877187729,-0.005693983286619186,-0.5518816821277142,0.8524365232035216,-0.257375221603956,0.0,10.29500886415824
1786016688.1718278,-6.591981887817383,-3.332113027572632,-111.67424011230469,-0.035704273730516434,0.8357954621315002,0.16429020464420319,-0.035704273730516434,-0.5355212278664112,0.8517894844746806,-0.24898524505969807,0.0,9.959409802387922
1786016688.2213988,-6.815302848815918,-3.6122472286224365,-111.83736419677734,-0.011912200599908829,0.8376016616821289,0.16560117900371552,-0.011912200599908829,-0.5537492848932742,0.8538151404959297,-0.2583329666119355,0.0,10.33331866447742
1786016688.271426,-6.692314624786377,-3.5262160301208496,-111.77581024169922,-0.01872505433857441,0.8316277265548706,0.16095183789730072,-0.01872505433857441,-0.5476574588567018,0.8470597202661343,-0.2552089532598471,0.0,10.208358130393885
1786016688.3214655,-6.774685859680176,-3.3149445056915283,-111.83544158935547,-0.02251427434384823,0.8323785066604614,0.16618560254573822,-0.02251427434384823,-0.5197559501975775,0.8488060042458405,-0.24090048728080898,0.0,9.636019491232359
1786016688.3725543,-6.725480556488037,-3.3523378372192383,-111.74298095703125,-0.021358750760555267,0.83460533618927,0.16126494109630585,-0.021358750760555267,-0.524209426343441,0.8500426156507681,-0.24318432120176464,0.0,9.727372848070585
1786016688.4213605,-6.639716148376465,-3.4781594276428223,-111.85372161865234,-0.013378290459513664,0.8387230038642883,0.16305387020111084,-0.013378290459513664,-0.5351022046059369,0.8544254454302586,-0.24877036133637792,0.0,9.950814453455116
1786016688.4712622,-6.660967826843262,-3.304060697555542,-111.589111328125,-0.017009025439620018,0.8212969899177551,0.16844408214092255,-0.017009025439620018,-0.5126181300729513,0.8383926016230481,-0.2372400667040776,0.0,9.489602668163105
1786016688.5215912,-6.6207170486450195,-3.334099531173706,-111.89480590820312,-0.029211798682808876,0.8394304513931274,0.1649368703365326,-0.029211798682808876,-0.5293267283588647,0.8554809488951112,-0.24580857864557168,0.0,9.832343145822867
1786016688.5713086,-6.489504337310791,-3.535646915435791,-111.78531646728516,-0.015617516823112965,0.830278754234314,0.1692480742931366,-0.015617516823112965,-0.5459645541384816,0.8473533621723699,-0.2543407969940931,0.0,10.173631879763725
1786016688.6212363,-6.515746593475342,-3.481142997741699,-111.83330535888672,-0.012992165051400661,0.835220456123352,0.1669536679983139,-0.012992165051400661,-0.5351636147126555,0.8517433519464601,-0.2488018536987977,0.0,9.952074147951908
1786016688.671272,-6.370849609375,-3.3602993488311768,-111.74409484863281,-0.022691283375024796,0.8377634286880493,0.1662665754556656,-0.022691283375024796,-0.5267361856997013,0.8541031182245565,-0.24448009523061603,0.0,9.779203809224642
1786016688.7213147,-6.374875545501709,-3.3363938331604004,-111.91525268554688,-0.016181210055947304,0.8476957082748413,0.1627933531999588,-0.016181210055947304,-0.5166402850300074,0.8631857793509294,-0.23930271027179867,0.0,9.572108410871946
1786016688.7713082,-6.506094932556152,-3.510148525238037,-111.71735382080078,-0.01263171061873436,0.8261135816574097,0.16423474252223969,-0.01263171061873436,-0.5391539894044399,0.8422806542062925,-0.2508481996945846,0.0,10.033927987783384
1786016688.821269,-6.49874210357666,-3.5991580486297607,-111.82415771484375,-0.020706361159682274,0.8322123289108276,0.16601590812206268,-0.020706361159682274,-0.5605800684541463,0.8486098291563542,-0.26183593254058785,0.0,10.473437301623514
1786016688.8713171,-6.671375751495361,-3.586709499359131,-111.7083511352539,-0.005748613737523556,0.8133394122123718,0.16620832681655884,-0.005748613737523556,-0.5437550386413932,0.8301483044379038,-0.2532077121237914,0.0,10.128308484951656
1786016688.9213066,-6.575575351715088,-3.4136199951171875,-111.84024810791016,-0.020118091255426407,0.8322356939315796,0.1602359414100647,-0.020118091255426407,-0.5321610905230045,0.847520977423773,-0.2472620977041049,0.0,9.890483908164196
1786016688.9713302,-6.554726600646973,-3.28477144241333,-111.70506286621094,-0.01620831899344921,0.8180808424949646,0.1639740765094757,-0.01620831899344921,-0.5089240353554487,0.8343523012639245,-0.23534565915664038,0.0,9.413826366265615
1786016689.0212653,-6.649848937988281,-3.4761550426483154,-111.8124008178711,-0.025246907025575638,0.8382213115692139,0.16584178805351257,-0.025246907025575638,-0.5466701634228229,0.8544696986046956,-0.25470264790914,0.0,10.1881059163656
1786016689.0712895,-6.4653449058532715,-3.227125644683838,-111.83958435058594,-0.019095906987786293,0.8292286396026611,0.1666046679019928,-0.019095906987786293,-0.503164753690362,0.845799770692812,-0.2323921813796728,0.0,9.295687255186913
1786016689.1213982,-6.595541000366211,-3.4402549266815186,-111.8377456665039,-0.023130256682634354,0.840727686882019,0.16495797038078308,-0.023130256682634354,-0.5391684956848621,0.8567579445106638,-0.2508556388127498,0.0,10.034225552509993
1786016689.1713052,-6.720672130584717,-3.685532569885254,-111.79473114013672,0.001768897520378232,0.8248629570007324,0.1709444224834442,0.001768897520378232,-0.5510609879624099,0.8423899889066764,-0.2569543528012358,0.0,10.278174112049431
1786016689.22127,-6.6546950340271,-3.5962977409362793,-111.80107879638672,-0.005595531780272722,0.8313882350921631,0.16545669734477997,-0.005595531780272722,-0.5450401929207146,0.8476923475801253,-0.0,0.0,0.0
1786016689.2712843,-6.577045440673828,-3.4275057315826416,-111.80154418945312,-0.016907554119825363,0.835339367389679,0.16614969074726105,-0.016907554119825363,-0.5310334138572216,0.8517027524003897,0.0,0.0,0.0
1786016689.3213465,-6.527602195739746,-3.5858688354492188,-111.88661193847656,-0.010308634489774704,0.8415270447731018,0.16592691838741302,-0.010308634489774704,-0.5481889598071575,0.8577292750804845,-0.0,0.0,0.0
1786016689.3712962,-6.704108238220215,-3.583909034729004,-111.72603607177734,-0.008005092851817608,0.8336148858070374,0.16421110928058624,-0.008005092851817608,-0.5455914480611682,0.8496346663420935,-0.0,0.0,0.0
1786016689.42132,-6.717539310455322,-3.5968260765075684,-111.7908935546875,-0.01210086327046156,0.833001434803009,0.16668672859668732,-0.01210086327046156,-0.5516247747465968,0.8495150710105956,-0.0,0.0,0.0
1786016689.4715137,-6.680069446563721,-3.307544231414795,-111.66238403320312,-0.028446843847632408,0.8329128623008728,0.16576480865478516,-0.028446843847632408,-0.5245784785598516,0.8492477895023279,0.0,0.0,0.0
1786016689.5218942,-6.8129682540893555,-3.5892815589904785,-111.87812805175781,-0.01497831754386425,0.8412118554115295,0.16532881557941437,-0.01497831754386425,-0.553370551392436,0.8573044983818761,-0.0,0.0,0.0
1786016689.5716763,-6.760504722595215,-3.288891553878784,-111.71632385253906,-0.02321750484406948,0.8242571949958801,0.1639406681060791,-0.02321750484406948,-0.5165512379258871,0.8404025619675037,0.0,0.0,0.0
1786016689.6213133,-7.1990838050842285,-3.5306129455566406,-111.77603149414062,-0.01899614930152893,0.8189737796783447,0.16416412591934204,-0.01899614930152893,-0.548588091135025,0.835265174683762,-0.0,0.0,0.0
1786016689.6713195,-6.690482139587402,-3.2846643924713135,-111.6624984741211,-0.013423074968159199,0.8259653449058533,0.1649080514907837,-0.013423074968159199,-0.5061227338388562,0.8422668320858492,0.0,0.0,0.0
1786016689.7213204,-6.802209854125977,-3.4518675804138184,-111.91321563720703,-0.019484469667077065,0.8359822034835815,0.16404448449611664,-0.019484469667077065,-0.5372646067291498,0.8519253708129961,0.0,0.0,0.0
1786016689.7713196,-6.666759490966797,-3.353856325149536,-111.80245208740234,-0.02914191409945488,0.8357070088386536,0.16549715399742126,-0.02914191409945488,-0.5322203628718852,0.8519363313084467,0.0,0.0,0.0
1786016689.821326,-6.744588851928711,-3.5514864921569824,-111.81088256835938,-0.01307748444378376,0.8423570394515991,0.1669142097234726,-0.01307748444378376,-0.5458004582673311,0.858734962209688,-0.0,0.0,0.0
1786016689.871328,-6.729350566864014,-3.7216544151306152,-111.78162384033203,-0.005218093749135733,0.8390457034111023,0.1658068597316742,-0.005218093749135733,-0.563466256018728,0.8552716569293703,-0.0,0.0,0.0
1786016689.9212794,-6.833393573760986,-3.5903286933898926,-111.84774780273438,-0.01976129040122032,0.8421747088432312,0.16703534126281738,-0.01976129040122032,-0.5583105944097042,0.8585796675009064,-0.0,0.0,0.0
1786016689.9713213,-6.764142036437988,-3.264876365661621,-111.76603698730469,-0.02110402099788189,0.8236103057861328,0.16470780968666077,-0.02110402099788189,-0.510835475847125,0.8399182093328519,0.0,0.0,0.0
1786016690.021303,-6.797964572906494,-3.5497565269470215,-111.824462890625,-0.018038945272564888,0.8337615728378296,0.16232018172740936,-0.018038945272564888,-0.550502424314618,0.8494152116232854,-0.0,0.0,0.0
1786016690.0713172,-6.7408366203308105,-3.418743133544922,-111.68887329101562,-0.014074218459427357,0.8212552070617676,0.16500522196292877,-0.014074218459427357,-0.5268856884911656,0.8376674987136018,0.0,0.0,0.0
1786016690.1212842,-6.94705867767334,-3.240692377090454,-111.829345703125,-0.038005463778972626,0.8269113898277283,0.16141314804553986,-0.038005463778972626,-0.5241093203425407,0.8425180419366677,0.0,0.0,0.0
1786016690.1713154,-6.631723403930664,-3.515352487564087,-111.78517150878906,-0.01532686036080122,0.8340885043144226,0.17061002552509308,-0.01532686036080122,-0.5426297334954142,0.8513585694871131,-0.0,0.0,0.0
1786016690.2213533,-6.855679512023926,-3.8848509788513184,-111.91856384277344,0.0042532747611403465,0.8369722962379456,0.1668219119310379,0.0042532747611403465,-0.5784743720665574,0.8534355130706398,-0.0,0.0,0.0
1786016690.2714913,-6.633275985717773,-3.1361939907073975,-111.68901824951172,-0.024198560044169426,0.8332701325416565,0.1690342128276825,-0.024198560044169426,-0.494627658650279,0.8502421295679625,0.0,0.0,0.0
1786016690.3214252,-6.783161163330078,-3.1846630573272705,-111.59487915039062,-0.03865713253617287,0.8200613260269165,0.16327215731143951,-0.03865713253617287,-0.5163565911352634,0.8361569085991911,0.0,0.0,0.0
1786016690.3713322,-6.5121893882751465,-3.445216417312622,-111.83757781982422,-0.009826600551605225,0.8359652757644653,0.16757796704769135,-0.009826600551605225,-0.5266090631484985,0.8525962217391042,0.0,0.0,0.0
1786016690.421328,-6.612351417541504,-3.386425018310547,-111.80632781982422,-0.027041032910346985,0.8378795981407166,0.16430270671844482,-0.027041032910346985,-0.535004785656929,0.8538369870270648,0.0,0.0,0.0
1786016690.471306,-6.50710391998291,-3.3267288208007812,-111.71183013916016,-0.02763901650905609,0.8260178565979004,0.1659407913684845,-0.02763901650905609,-0.5266483396291732,0.8425211247550939,0.0,0.0,0.0
1786016690.5213149,-6.446840763092041,-3.631011724472046,-111.97701263427734,-0.012703056447207928,0.8431733846664429,0.16459399461746216,-0.012703056447207928,-0.5573548151180148,0.8590882024996027,-0.0,0.0,0.0
1786016690.5712688,-6.514731407165527,-3.476609230041504,-111.69093322753906,-0.014242126606404781,0.835159420967102,0.1664815992116928,-0.014242126606404781,-0.5357335111126303,0.8515910880852311,0.0,0.0,0.0
1786016690.6213212,-6.7667694091796875,-3.397106409072876,-111.75296020507812,-0.031648579984903336,0.8193680047988892,0.16421736776828766,-0.031648579984903336,-0.5412145413458347,0.8356621752627419,-0.0,0.0,0.0
1786016690.671324,-6.565483570098877,-3.347567081451416,-111.77046203613281,-0.020423974841833115,0.823802649974823,0.1654266119003296,-0.020423974841833115,-0.5225590370595455,0.8402480407774617,0.0,0.0,0.0
1786016690.7212913,-6.530083656311035,-3.348021984100342,-111.78279113769531,-0.02598634362220764,0.8320512771606445,0.16133880615234375,-0.02598634362220764,-0.5281896412372589,0.8475491361539597,0.0,0.0,0.0
1786016690.7712784,-6.4170989990234375,-3.355794906616211,-111.80239868164062,-0.015744978561997414,0.8289778828620911,0.16693685948848724,-0.015744978561997414,-0.5191142145544291,0.8456194447447348,0.0,0.0,0.0
1786016690.8212848,-6.59861946105957,-3.399017572402954,-111.83342742919922,-0.02510995790362358,0.8265050649642944,0.16358564794063568,-0.02510995790362358,-0.5349625937640666,0.8425383591408703,0.0,0.0,0.0
1786016690.8713112,-6.360165119171143,-3.482146978378296,-111.88492584228516,-0.009929086081683636,0.8342551589012146,0.16577810049057007,-0.009929086081683636,-0.532251132838428,0.8505668984598168,0.0,0.0,0.0
1786016690.9213204,-6.603065490722656,-3.5045909881591797,-111.74022674560547,-0.013619059696793556,0.8400023579597473,0.16943316161632538,-0.013619059696793556,-0.5393077079206705,0.8569198081694922,-0.0,0.0,0.0
1786016690.9713247,-6.50479793548584,-3.7083144187927246,-111.79743194580078,-0.010579373687505722,0.8330031037330627,0.16710129380226135,-0.010579373687505722,-0.5668265365064143,0.8495981480790229,-0.0,0.0,0.0
1786016691.0212777,-6.651249885559082,-3.5455329418182373,-111.87095642089844,-0.019447332248091698,0.8347007632255554,0.1665859967470169,-0.019447332248091698,-0.5512772735208272,0.8511617110993197,-0.0,0.0,0.0
1786016691.071293,-7.290756702423096,-3.884889602661133,-111.8875732421875,-0.005436119623482227,0.7762267589569092,0.18141354620456696,-0.005436119623482227,-0.5881695600226521,0.7971441877522938,-0.0,0.0,0.0
1786016691.1212828,-6.446628570556641,-3.59126615524292,-111.91746520996094,-0.0055802930146455765,0.851535439491272,0.16589955985546112,-0.0055802930146455765,-0.5442702163010835,0.8675455427064503,-0.0,0.0,0.0
1786016691.171453,-6.568094730377197,-3.3116440773010254,-111.63394165039062,-0.017267730087041855,0.8291195034980774,0.16484218835830688,-0.017267730087041855,-0.5140143416821956,0.8453473239702447,0.0,0.0,0.0
1786016691.2212656,-6.6162214279174805,-3.4727604389190674,-111.89060974121094,-0.019970020279288292,0.8422887325286865,0.16558456420898438,-0.019970020279288292,-0.5408840861171483,0.8584104827231902,-0.0,0.0,0.0
1786016691.2717874,-6.641206741333008,-3.417224407196045,-111.77001190185547,-0.021551715210080147,0.8235594630241394,0.1643083542585373,-0.021551715210080147,-0.5341353762894868,0.8397901073576408,0.0,0.0,0.0
1786016691.3212838,-6.999988555908203,-3.5520029067993164,-111.72399139404297,-0.023610355332493782,0.821601927280426,0.16645345091819763,-0.023610355332493782,-0.5564107913523912,0.8382937899289766,-0.0,0.0,0.0
1786016691.3714235,-6.838944435119629,-3.2756435871124268,-111.80103302001953,-0.028635701164603233,0.823161244392395,0.16545221209526062,-0.028635701164603233,-0.5199822392314672,0.8396242425971581,0.0,0.0,0.0
1786016691.421325,-6.7181620597839355,-3.4015157222747803,-111.8412094116211,-0.019954726099967957,0.8405396342277527,0.1645844280719757,-0.019954726099967957,-0.530182084441185,0.8565015532218863,0.0,0.0,0.0
1786016691.471305,-6.8169379234313965,-3.5663490295410156,-111.79664611816406,-0.008420666679739952,0.8305870890617371,0.16878385841846466,-0.008420666679739952,-0.5433730211108923,0.8475629200116498,-0.0,0.0,0.0
1786016691.5214012,-6.737812519073486,-3.4325499534606934,-111.8330307006836,-0.026296576485037804,0.8410999178886414,0.16737663745880127,-0.026296576485037804,-0.5411790695041417,0.8575919837774221,-0.0,0.0,0.0
1786016691.5713208,-6.718484401702881,-3.3531529903411865,-111.83287048339844,-0.024395473301410675,0.8321849703788757,0.16419848799705505,-0.024395473301410675,-0.5273684218525886,0.8482293135614976,0.0,0.0,0.0
1786016691.621318,-6.9476494789123535,-3.5391342639923096,-111.89808654785156,-0.015957364812493324,0.8358822464942932,0.16490624845027924,-0.015957364812493324,-0.5468275044113398,0.8519936624073512,-0.0,0.0,0.0
1786016691.671332,-6.732451438903809,-3.4199395179748535,-111.68798828125,-0.014718828722834587,0.8282020688056946,0.1660032421350479,-0.014718828722834587,-0.5277097564190626,0.8446749334349752,0.0,0.0,0.0
1786016691.721303,-6.83909273147583,-3.4338812828063965,-111.81193542480469,-0.02527998946607113,0.8409106135368347,0.1693405658006668,-0.02527998946607113,-0.5403621818870306,0.8577918670543488,-0.0,0.0,0.0
1786016691.7712653,-6.7106404304504395,-3.361456871032715,-111.79351043701172,-0.020418468862771988,0.8385103940963745,0.16642512381076813,-0.020418468862771988,-0.5246369995176792,0.854866657931567,0.0,0.0,0.0
1786016691.8214283,-6.459920883178711,-3.3888025283813477,-111.94921875,-0.0390339270234108,0.8537864089012146,0.16221223771572113,-0.0390339270234108,-0.5473543062806129,0.8690592857159825,-0.0,0.0,0.0
1786016691.871277,-6.759983062744141,-3.2104244232177734,-111.78360748291016,-0.024589592590928078,0.8152068257331848,0.16711387038230896,-0.024589592590928078,-0.5061532560735941,0.8321593683881293,0.0,0.0,0.0
1786016691.9212961,-6.615115642547607,-3.5015435218811035,-111.7833251953125,-0.014425194822251797,0.8341975212097168,0.16379721462726593,-0.014425194822251797,-0.5396567231044173,0.8501264799499464,-0.0,0.0,0.0
1786016691.9713492,-6.710211277008057,-3.399728775024414,-111.72245025634766,-0.021740887314081192,0.8216773271560669,0.16441047191619873,-0.021740887314081192,-0.5317002035677433,0.8379644582188707,0.0,0.0,0.0
1786016692.021316,-6.872192859649658,-3.163706064224243,-111.75596618652344,-0.04005178064107895,0.8199853301048279,0.16525357961654663,-0.04005178064107895,-0.5146076902747154,0.8364715698475387,0.0,0.0,0.0
1786016692.071304,-6.7498393058776855,-3.4688422679901123,-111.80010986328125,-0.018972769379615784,0.8187087774276733,0.16700531542301178,-0.018972769379615784,-0.5392991095781327,0.8355685714629622,-0.0,0.0,0.0
1786016692.1212697,-6.497734546661377,-3.4425530433654785,-111.92731475830078,-0.011460412293672562,0.8424168229103088,0.16609983146190643,-0.011460412293672562,-0.5278433687984944,0.8586356954692557,0.0,0.0,0.0
1786016692.1712708,-6.647847652435303,-3.405555009841919,-111.59136962890625,-0.01731780171394348,0.8233817219734192,0.1680099070072174,-0.01731780171394348,-0.5281510531902313,0.8403480165577157,0.0,0.0,0.0
1786016692.2212656,-6.649089336395264,-3.44687819480896,-111.90298461914062,-0.025844469666481018,0.8340701460838318,0.16317304968833923,-0.025844469666481018,-0.542876198887825,0.8498814345147785,-0.0,0.0,0.0
1786016692.2714489,-6.44105863571167,-3.5589542388916016,-111.74705505371094,-0.00993258971720934,0.8266476988792419,0.1652020514011383,-0.00993258971720934,-0.5437757255509496,0.8429935562324841,-0.0,0.0,0.0
1786016692.32129,-6.740627288818359,-3.4097495079040527,-111.84515380859375,-0.01818896271288395,0.8301224112510681,0.16556280851364136,-0.01818896271288395,-0.5296513888984918,0.8464716541173792,0.0,0.0,0.0
1786016692.3712711,-6.323921203613281,-3.3383755683898926,-111.83843231201172,-0.036141447722911835,0.8329230546951294,0.16532914340496063,-0.036141447722911835,-0.5368977829813957,0.8491728567857568,0.0,0.0,0.0
1786016692.4213262,-6.548722743988037,-3.6697921752929688,-111.82149505615234,-0.00978105328977108,0.8273664712905884,0.1681128442287445,-0.00978105328977108,-0.5602498795837164,0.8442731822168215,-0.0,0.0,0.0
1786016692.4712908,-6.495081901550293,-3.3758890628814697,-111.78278350830078,-0.027745835483074188,0.8284702897071838,0.16535533964633942,-0.027745835483074188,-0.5341291949152946,0.8448108718980014,0.0,0.0,0.0
1786016692.521317,-7.616249084472656,-4.189175128936768,-112.10091400146484,0.03890705481171608,0.7596600651741028,0.16529083251953125,0.03890705481171608,-0.5894692145287991,0.7774345463994521,-0.00031024361841196473,0.0,0.01240974473647859
1786016692.5713053,-6.411231994628906,-2.979825496673584,-111.8456802368164,-0.05270158499479294,0.8228709697723389,0.1597665399312973,-0.05270158499479294,-0.4996754094958305,0.8382374247047719,0.0,0.0,0.0
1786016692.6213033,-6.531083583831787,-3.50484561920166,-111.94485473632812,-0.016827814280986786,0.8294225335121155,0.1672138273715973,-0.016827814280986786,-0.5425546571612357,0.8461100419933064,-0.0,0.0,0.0
1786016692.6713045,-6.484450340270996,-3.553443670272827,-111.78652954101562,-0.013275448232889175,0.8310052752494812,0.16212612390518188,-0.013275448232889175,-0.5462919987738132,0.846672692098301,-0.0,0.0,0.0
1786016692.7213292,-6.834117412567139,-3.6474947929382324,-111.82144927978516,-0.008858558721840382,0.8271738886833191,0.16797547042369843,-0.008858558721840382,-0.5559827776625752,0.8440571075368933,-0.0,0.0,0.0
1786016692.7712686,-6.696610450744629,-3.3390097618103027,-111.76960754394531,-0.019682493060827255,0.8173581957817078,0.16143009066581726,-0.019682493060827255,-0.5205339573323726,0.8331471024878515,0.0,0.0,0.0
1786016692.8213146,-6.684604167938232,-3.4823122024536133,-111.92382049560547,-0.014097503386437893,0.8405693769454956,0.16615436971187592,-0.014097503386437893,-0.5364443337544799,0.8568337948709128,0.0,0.0,0.0
1786016692.8713317,-6.680889129638672,-3.2899811267852783,-111.83866119384766,-0.034184735268354416,0.8283016085624695,0.16372054815292358,-0.034184735268354416,-0.5276819042861461,0.8443269346850591,0.0,0.0,0.0
1786016692.921301,-6.421181678771973,-3.341620922088623,-111.82532501220703,-0.029920848086476326,0.847741425037384,0.16789360344409943,-0.029920848086476326,-0.5311639863997698,0.8642070271652847,0.0,0.0,0.0
1786016692.9713254,-6.731611251831055,-3.235083818435669,-111.75292205810547,-0.029031049460172653,0.8292170166969299,0.16632850468158722,-0.029031049460172653,-0.514293622225523,0.8457340198013613,0.0,0.0,0.0
1786016693.0212674,-6.865856647491455,-3.5600383281707764,-111.84464263916016,-0.006565117742866278,0.8366578221321106,0.166337251663208,-0.006565117742866278,-0.5405708669684827,0.853032468682005,-0.0,0.0,0.0
1786016693.0714498,-6.650043487548828,-3.5277228355407715,-111.9027328491211,-0.013745861127972603,0.8381741046905518,0.16645954549312592,-0.013745861127972603,-0.5429042864590883,0.854543509752187,-0.0,0.0,0.0
1786016693.1214561,-6.836604595184326,-3.45920729637146,-111.78579711914062,-0.026557549834251404,0.8341242671012878,0.16509553790092468,-0.026557549834251404,-0.5454386442899704,0.8503057271370434,-0.0,0.0,0.0
1786016693.1713026,-6.563419342041016,-3.2761476039886475,-111.7710189819336,-0.03330275043845177,0.8297581076622009,0.16626381874084473,-0.03330275043845177,-0.5247248910367488,0.8462518387888118,0.0,0.0,0.0
1786016693.2226167,-6.4536638259887695,-3.0876083374023438,-111.96636199951172,-0.05058839172124863,0.8636645674705505,0.15858028829097748,-0.05058839172124863,-0.5137296423316002,0.8781026095727894,0.0,0.0,0.0
1786016693.2712793,-6.668567180633545,-3.2908120155334473,-111.91847229003906,-0.02835325337946415,0.8278777003288269,0.16449712216854095,-0.02835325337946415,-0.5219750557094812,0.8440620770437911,0.0,0.0,0.0
1786016693.3216302,-7.043540954589844,-3.559087038040161,-111.79585266113281,-0.007734751794487238,0.8227116465568542,0.16550464928150177,-0.007734751794487238,-0.5415978075005113,0.8391938049783751,-0.0,0.0,0.0
1786016693.3712857,-6.716807842254639,-3.6941263675689697,-111.77027130126953,0.002085332525894046,0.8270487785339355,0.1667800396680832,0.002085332525894046,-0.5520336226094514,0.8436973768515357,-0.0,0.0,0.0
1786016693.421397,-6.838794708251953,-3.4129467010498047,-111.70828247070312,-0.029720032587647438,0.8318027257919312,0.16243420541286469,-0.029720032587647438,-0.5416620377451181,0.8475143926347182,-0.0,0.0,0.0
1786016693.4713395,-6.491791725158691,-3.375148296356201,-111.88325500488281,-0.022274047136306763,0.836400032043457,0.16233041882514954,-0.022274047136306763,-0.5285462915897369,0.8520071469642989,0.0,0.0,0.0
1786016693.521266,-6.4073662757873535,-2.877450942993164,-111.6083984375,-0.0651656836271286,0.876209557056427,0.15606321394443512,-0.0651656836271286,-0.4967833250761032,0.8899993902378173,0.0,0.0,0.0
1786016693.5713224,-6.79767370223999,-3.606853723526001,-111.69393920898438,-0.0011537544196471572,0.81365966796875,0.16924865543842316,-0.0011537544196471572,-0.5421818129485473,0.8310759066696198,-0.0,0.0,0.0
1786016693.6213052,-6.3994526863098145,-3.5354971885681152,-112.1271743774414,-0.01931454800069332,0.8526487946510315,0.16595150530338287,-0.01931454800069332,-0.5496391262859106,0.8686483000226937,-0.0,0.0,0.0
1786016693.6712794,-6.399415016174316,-3.2029905319213867,-111.79984283447266,-0.029284643009305,0.8297533392906189,0.1678851842880249,-0.029284643009305,-0.509733222797513,0.8465672088897355,0.0,0.0,0.0
1786016693.7212892,-6.579153537750244,-3.4857876300811768,-111.8244400024414,-0.018919212743639946,0.8364866971969604,0.16880010068416595,-0.018919212743639946,-0.5417873572558164,0.8533483864040899,-0.0,0.0,0.0
1786016693.7712686,-6.491562366485596,-3.3776395320892334,-111.75340270996094,-0.01654663123190403,0.8271910548210144,0.16331970691680908,-0.01654663123190403,-0.523192561045289,0.8431597522672052,0.0,0.0,0.0
1786016693.8219295,-6.523359298706055,-3.5784549713134766,-111.80363464355469,-0.018642568960785866,0.838628351688385,0.16714423894882202,-0.018642568960785866,-0.5554108146578073,0.8551226279717772,-0.0,0.0,0.0
1786016693.871265,-6.43009090423584,-3.362156391143799,-111.70289611816406,-0.005291251465678215,0.8290706276893616,0.1673830896615982,-0.005291251465678215,-0.509614710137248,0.845798560179606,0.0,0.0,0.0
1786016693.9212785,-6.619291305541992,-3.542511463165283,-111.8194580078125,-0.0077518378384411335,0.82997727394104,0.16530533134937286,-0.0077518378384411335,-0.5391285573132336,0.8462789893593756,-0.0,0.0,0.0
1786016693.97127,-6.408048152923584,-3.310359477996826,-111.8455581665039,-0.031181614845991135,0.8340269923210144,0.16591477394104004,-0.031181614845991135,-0.527735536545515,0.8503697643566261,0.0,0.0,0.0
1786016694.021287,-6.6011176109313965,-3.5116944313049316,-111.78663635253906,-0.013310409151017666,0.8302698135375977,0.1660926640033722,-0.013310409151017666,-0.5400645738467574,0.8467199869540664,-0.0,0.0,0.0
1786016694.0712738,-6.383820056915283,-3.354602098464966,-111.83506774902344,-0.02368946187198162,0.8278643488883972,0.16385038197040558,-0.02368946187198162,-0.5268797766417265,0.8439231764990565,0.0,0.0,0.0
1786016694.1212864,-6.55253267288208,-3.335984230041504,-111.83565521240234,-0.022780362516641617,0.832495927810669,0.16474205255508423,-0.022780362516641617,-0.5231779970228672,0.8486397431781101,0.0,0.0,0.0
1786016694.1712868,-6.417910575866699,-3.352459192276001,-111.74118041992188,-0.009876121766865253,0.8265121579170227,0.16535566747188568,-0.009876121766865253,-0.5127450006082653,0.8428907663213107,0.0,0.0,0.0
1786016694.2212918,-6.786655902862549,-3.5742578506469727,-111.7923355102539,-0.010474355891346931,0.8289233446121216,0.16552963852882385,-0.010474355891346931,-0.5466130334883929,0.845289283307454,-0.0,0.0,0.0
1786016694.2712803,-6.305234432220459,-3.3771402835845947,-111.70169067382812,-0.0201417226344347,0.8363884091377258,0.1648862212896347,-0.0201417226344347,-0.5267127651721238,0.8524863851763911,0.0,0.0,0.0
1786016694.3213184,-6.6748738288879395,-3.522822618484497,-111.82020568847656,-0.021456224843859673,0.84136962890625,0.16709864139556885,-0.021456224843859673,-0.5498796176165343,0.8578023131246999,-0.0,0.0,0.0
1786016694.371312,-6.587698936462402,-3.289799451828003,-111.6474609375,-0.022547757253050804,0.8233169317245483,0.16276878118515015,-0.022547757253050804,-0.5160176750272512,0.8392523137846114,0.0,0.0,0.0
1786016694.4213595,-6.7760443687438965,-3.5911707878112793,-111.81944274902344,-0.007902589626610279,0.8344284296035767,0.16403523087501526,-0.007902589626610279,-0.5465782077983021,0.8503989423199624,-0.0,0.0,0.0
1786016694.4714139,-6.49265718460083,-3.448795795440674,-111.78849792480469,-0.011617470532655716,0.8363491892814636,0.16836461424827576,-0.011617470532655716,-0.5289368398487567,0.8531275459992674,0.0,0.0,0.0
1786016694.5212853,-6.746575355529785,-3.584139108657837,-112.05802917480469,-0.004948632325977087,0.8291773796081543,0.16478624939918518,-0.004948632325977087,-0.5425694986246526,0.8453931835808092,-0.0,0.0,0.0
1786016694.5712817,-6.658874034881592,-3.22810435295105,-111.70906829833984,-0.02739165909588337,0.8314260244369507,0.1669987440109253,-0.02739165909588337,-0.5116073120385408,0.8480317297202148,0.0,0.0,0.0
1786016694.6212673,-6.4936065673828125,-3.3845365047454834,-111.895751953125,-0.029302148148417473,0.8467255234718323,0.1639808863401413,-0.029302148148417473,-0.53698262386024,0.8624580240125004,0.0,0.0,0.0
1786016694.6713536,-6.73718786239624,-3.318417549133301,-111.78404235839844,-0.012240520678460598,0.8267917633056641,0.16986115276813507,-0.012240520678460598,-0.5100031530484557,0.8440600873692636,0.0,0.0,0.0
1786016694.7213998,-6.713642597198486,-3.4743196964263916,-111.95777130126953,-0.02326863259077072,0.8441828489303589,0.17207269370555878,-0.02326863259077072,-0.5444165870547294,0.8615414640905359,-0.0,0.0,0.0
1786016694.7712653,-6.476042747497559,-3.287717342376709,-111.77429962158203,-0.01682114601135254,0.832854151725769,0.16539053618907928,-0.01682114601135254,-0.5099787473678589,0.8491172283658844,0.0,0.0,0.0
1786016694.8213344,-6.7393927574157715,-3.6045405864715576,-111.79278564453125,-0.010910704731941223,0.8401170372962952,0.16705113649368286,-0.010910704731941223,-0.5515917927026749,0.8565644859316406,-0.0,0.0,0.0
1786016694.871531,-6.628976345062256,-3.536776304244995,-111.95895385742188,-0.01806495524942875,0.8458274006843567,0.042235590517520905,-0.01806495524942875,-0.548581400886178,0.8468812412934997,-0.0,0.0,0.0
1786016694.921285,-6.801362991333008,-3.5091304779052734,-111.89877319335938,-0.00817066989839077,0.8452233076095581,0.13947728276252747,-0.00817066989839077,-0.5345402415841818,0.8566541613354013,0.0,0.0,0.0
1786016694.9712763,-6.895987033843994,-3.3072726726531982,-111.85057830810547,-0.02344387210905552,0.8317011594772339,0.15186364948749542,-0.02344387210905552,-0.5195347730070352,0.8454521788436269,0.0,0.0,0.0
1786016695.0212798,-6.846632957458496,-3.4040133953094482,-111.60724639892578,-0.0323566235601902,0.8381968140602112,0.15582016110420227,-0.0323566235601902,-0.5429586328566074,0.8525572248871203,-0.0,0.0,0.0
1786016695.071272,-6.664720058441162,-3.3953921794891357,-111.7593994140625,-0.04095863550901413,0.8563246130943298,0.16337107121944427,-0.04095863550901413,-0.5502674624323844,0.8717694362057794,-0.0,0.0,0.0
1786016695.1212718,-6.836036682128906,-3.3217740058898926,-111.76235961914062,-0.025196893140673637,0.8527435064315796,0.1713017374277115,-0.025196893140673637,-0.5234629940241575,0.8697791518580898,0.0,0.0,0.0
1786016695.1712704,-6.948932647705078,-3.432204008102417,-111.86627960205078,-0.03302277997136116,0.8395193815231323,0.1626204550266266,-0.03302277997136116,-0.5478533811867237,0.855124671814613,-0.0,0.0,0.0
1786016695.2215593,-6.588533878326416,-0.36694467067718506,-112.63800811767578,-0.8501028418540955,0.9021661877632141,0.2939526438713074,-0.8501028418540955,-0.9051445424556732,0.9488477154855476,-0.16219502717065512,0.0,6.487801086826205
1786016695.2728696,-5.875006675720215,-5.274691104888916,-111.93817138671875,0.41789162158966064,0.7180403470993042,1.5855865478515625,0.41789162158966064,-0.3733120441436767,1.7405937609879925,0.05925753606626618,2.3703014426506472,0.0
1786016695.3229396,-7.033105850219727,-3.3222086429595947,-112.6656265258789,0.1119011864066124,0.593533992767334,1.4038249254226685,0.1119011864066124,-0.3864301100373268,1.5241414047942843,0.05253032278747125,2.10121291149885,0.0
1786016695.3727171,-4.989532470703125,-1.3653491735458374,-111.64675903320312,-0.40795987844467163,0.9845606088638306,1.3089579343795776,-0.40795987844467163,-0.6127622544765472,1.63790429100774,-0.012255392309564846,0.0,0.4902156923825939
1786016695.4213338,-6.6137471199035645,-4.333364963531494,-112.3669204711914,0.13070674240589142,0.7206025123596191,1.2320683002471924,0.13070674240589142,-0.5192980021238327,1.427326268690169,0.0,0.0,0.0
1786016695.4743605,-6.174596786499023,-2.2566726207733154,-112.22096252441406,-0.12621097266674042,0.7437755465507507,1.1290380954742432,-0.12621097266674042,-0.4647118657827377,1.352009276846492,0.012385832661619503,0.4954333064647801,0.0
1786016695.5228536,-6.125730037689209,-2.5768136978149414,-110.954345703125,-0.15394502878189087,0.7835203409194946,1.145824670791626,-0.15394502878189087,-0.5404670834541321,1.3880988080210066,-0.0,0.0,0.0
1786016695.5727549,-6.373316287994385,-3.0802247524261475,-111.5086441040039,-0.007722789887338877,0.7276347279548645,1.1425002813339233,-0.007722789887338877,-0.46975650275126096,1.3545328309694245,0.009798839344428092,0.3919535737771237,0.0
1786016695.622779,-5.972746849060059,-2.54424786567688,-111.5683822631836,-0.14901264011859894,0.825201153755188,1.0959300994873047,-0.14901264011859894,-0.5306498199701308,1.3718672410700485,0.0,0.0,0.0
1786016695.671266,-6.001215934753418,-2.7216598987579346,-110.95820617675781,-0.12636996805667877,0.7997694611549377,1.0968817472457886,-0.12636996805667877,-0.5346189528703689,1.3574906108098992,0.0,0.0,0.0
1786016695.7213798,-6.115457534790039,-2.9845821857452393,-111.02401733398438,-0.061793308705091476,0.7723877429962158,1.0962326526641846,-0.061793308705091476,-0.5094806365668774,1.3410103856040576,0.0,0.0,0.0
1786016695.7726665,-6.1187968254089355,-2.3456475734710693,-110.82801818847656,-0.15881982445716858,0.7569335699081421,1.1003094911575317,-0.15881982445716858,-0.5106669604778289,1.3355258910201744,0.0,0.0,0.0
1786016695.8213215,-5.995936870574951,-2.8171136379241943,-110.5477294921875,-0.085870660841465,0.8369791507720947,1.1278647184371948,-0.085870660841465,-0.5084377065300941,1.4044973912124543,0.0,0.0,0.0
1786016695.871289,-5.882675647735596,-2.7830233573913574,-110.89778900146484,-0.09120284020900726,0.8182126879692078,1.1472978591918945,-0.09120284020900726,-0.5086563438177109,1.4091715227253567,0.0,0.0,0.0
1786016695.9212663,-6.219552993774414,-2.640308141708374,-111.06519317626953,-0.16170397400856018,0.783799946308136,1.157578945159912,-0.16170397400856018,-0.5577501952648163,1.3979740234032145,-0.0,0.0,0.0
1786016695.9712672,-5.86783504486084,-2.8599512577056885,-111.2491226196289,-0.11091464757919312,0.8452252149581909,1.1674309968948364,-0.11091464757919312,-0.5399073362350464,1.4412844259590096,-0.0,0.0,0.0
1786016696.022799,-6.50355339050293,-3.3183321952819824,-111.07247924804688,0.04998914524912834,0.7566544413566589,1.0938212871551514,0.04998914524912834,-0.447760684043169,1.3300266733635493,0.02107874637421885,0.8431498549687539,0.0
1786016696.0727746,-6.899901866912842,-3.7404944896698,-110.56395721435547,0.16713055968284607,0.7004058957099915,1.013814926147461,0.16713055968284607,-0.3939436137676239,1.232229330613704,0.04867724395142147,1.947089758056859,0.0
1786016696.1228123,-6.9931769371032715,-4.46953010559082,-110.6087417602539,0.2875543236732483,0.7206633687019348,0.999639093875885,0.2875543236732483,-0.3828751921653747,1.232328693569139,0.05435335759360054,2.1741343037440215,0.0
1786016696.172808,-6.810528755187988,-4.2666473388671875,-110.87217712402344,0.3721850514411926,0.7365044951438904,1.0384005308151245,0.3721850514411926,-0.2678120493888855,1.2730728705633032,0.11336009747897963,4.5344038991591855,0.0
1786016696.2228017,-7.110619068145752,-4.366932392120361,-110.96395111083984,0.393465131521225,0.7124998569488525,1.0560132265090942,0.393465131521225,-0.2615747272968292,1.2738995175108132,0.11655872419285465,4.662348967714186,0.0
1786016696.2728477,-7.109709739685059,-4.232956409454346,-110.97433471679688,0.4471239745616913,0.6725622415542603,0.9925132393836975,0.4471239745616913,-0.18781948685646055,1.1989255602898838,0.15438192441868473,6.175276976747389,0.0
1786016696.322863,-7.881638050079346,-4.130326747894287,-110.7742919921875,0.4450491666793823,0.5810933113098145,0.9170547127723694,0.4450491666793823,-0.17449984550476072,1.0856605282808331,0.16121250972724874,6.44850038908995,0.0
1786016696.3727798,-8.243104934692383,-4.3164520263671875,-110.07755279541016,0.4972801208496094,0.4425981938838959,0.86625736951828,0.4972801208496094,-0.1501876831054687,0.9727769484696975,0.17368028531662927,6.947211412665171,0.0
1786016696.4228764,-9.291664123535156,-4.571879863739014,-109.83038330078125,0.6272263526916504,0.2669128477573395,0.8600234389305115,0.6272263526916504,-0.05855562686920168,0.9004903018954706,0.2206710833865098,8.826843335460392,0.0
1786016696.4727902,-9.468273162841797,-4.440547466278076,-109.72964477539062,0.6323993802070618,0.20559579133987427,0.8810634016990662,0.6323993802070618,-0.033682739734649636,0.9047333017139355,0.2334264101221775,9.3370564048871,0.0
1786016696.5229955,-10.446699142456055,-5.0359978675842285,-109.37078857421875,0.7458267211914062,0.06667445600032806,0.8742935061454773,0.7458267211914062,-0.009572958946228005,0.8768321492572517,0.24579040027008603,9.83161601080344,0.0
1786016696.5728188,-11.445677757263184,-5.619810104370117,-108.55732727050781,0.9511837363243103,-0.17541368305683136,0.866470456123352,0.9511837363243103,0.10821222066879277,0.884048082141561,0.30619305648291717,12.247722259316687,0.0
1786016696.6228132,-11.933938026428223,-5.9512858390808105,-108.72374725341797,1.0369879007339478,-0.2398984581232071,0.796942949295044,1.0369879007339478,0.14429502487182622,0.8322675859607744,0.32469705863831894,12.987882345532757,0.0
1786016696.6728103,-12.16480541229248,-6.14155912399292,-107.25733947753906,1.1866559982299805,-0.2825733721256256,0.7175129652023315,1.1866559982299805,0.2654221296310425,0.7711501577954124,0.3868135226174042,15.472540904696167,0.0
1786016696.722905,-13.174076080322266,-6.606658458709717,-105.92672729492188,1.35007905960083,-0.501041054725647,0.6519303321838379,1.35007905960083,0.35908029079437265,0.8222258184598182,0.4348433488550094,17.39373395420038,0.0
1786016696.7729049,-13.219151496887207,-6.9730224609375,-105.54490661621094,1.4167331457138062,-0.45594364404678345,0.5800355672836304,1.4167331457138062,0.3707797765731813,0.7377844304813588,0.44084308515183435,17.633723406073372,0.0
1786016696.8228137,-13.937511444091797,-7.4677653312683105,-103.70984649658203,1.6590242385864258,-0.5741231441497803,0.5185171365737915,1.6590242385864258,0.5388594388961792,0.773613214448353,0.5270377837790128,21.08151135116051,0.0
1786016696.8729258,-15.534914016723633,-7.4432053565979,-101.22695922851562,1.7834084033966064,-0.935987114906311,0.4917460083961487,1.7834084033966064,0.6669275999069215,1.0573012891528057,0.5927137637845217,23.708550551380867,0.0
1786016696.9228463,-16.445167541503906,-7.3283820152282715,-99.57341003417969,1.8163965940475464,-1.0658483505249023,0.4841187298297882,1.8163965940475464,0.7171392917633057,1.17064240948663,0.6184633493518982,24.738533974075928,0.0
1786016696.9728663,-17.318645477294922,-7.527837753295898,-97.61125946044922,1.9316028356552124,-1.269539713859558,0.5061465501785278,1.9316028356552124,0.8024271726608276,1.3667170209389483,0.6622007241711402,26.488028966845608,0.0
1786016697.0228791,-18.78849220275879,-7.630372524261475,-95.8894271850586,2.095726251602173,-1.5340163707733154,0.5820226073265076,2.095726251602173,0.9511703729629517,1.6407183003915329,0.7384792884286397,29.53917153714559,0.0
1786016697.0728002,-19.374189376831055,-7.991534233093262,-94.35419464111328,2.2987825870513916,-1.665757656097412,0.6116241216659546,2.2987825870513916,1.1000524520874024,1.7744950366374077,0.8148290725950247,32.59316290380099,0.0
1786016697.122938,-20.44362449645996,-7.981398582458496,-92.82544708251953,2.3889172077178955,-1.8819389343261719,0.6100735664367676,2.3889172077178955,1.1917074203491211,1.9783538381688965,0.8618316204215472,34.473264816861885,0.0
1786016697.1728034,-21.236536026000977,-8.271697044372559,-90.77879333496094,2.503908157348633,-2.0162694454193115,0.654474139213562,2.503908157348633,1.263153600692749,2.1198299166279426,0.8984706872644332,35.93882749057733,0.0
1786016697.2227814,-21.878582000732422,-7.936375617980957,-89.19535827636719,2.541529417037964,-2.157522201538086,0.7502428889274597,2.541529417037964,1.3510730743408204,2.2842430786840464,0.9435575968275467,37.74230387310187,0.0
1786016697.2731085,-21.910093307495117,-8.409926414489746,-88.09918975830078,2.5623018741607666,-2.268566846847534,0.9004409313201904,2.5623018741607666,1.3008129119873046,2.440735423886115,0.9177831545949745,36.71132618379898,0.0
1786016697.3230133,-23.023908615112305,-8.39118766784668,-87.71784973144531,2.6315433979034424,-2.4559226036071777,1.0444482564926147,2.6315433979034424,1.3728652477264405,2.668787738918013,0.954733070358634,38.18932281434536,0.0
1786016697.3728752,-23.427833557128906,-8.2850980758667,-86.25581359863281,2.5757079124450684,-2.585142135620117,1.2679436206817627,2.5757079124450684,1.3329432010650635,2.879347302182583,0.9342602259169022,37.37040903667609,0.0
1786016697.4227953,-24.633888244628906,-8.286791801452637,-85.54012298583984,2.732513904571533,-2.8285398483276367,1.493302822113037,2.732513904571533,1.4894951343536378,3.1985295046486737,1.0,40.0,0.0
1786016697.4728525,-25.2850284576416,-8.083879470825195,-84.82981872558594,2.628974676132202,-3.016947031021118,1.6915698051452637,2.628974676132202,1.4163927555084228,3.458811615810599,0.977054869221189,39.08219476884756,0.0
1786016697.5228634,-25.333576202392578,-7.77985954284668,-84.94295501708984,2.63747239112854,-3.0369105339050293,1.8331741094589233,2.63747239112854,1.4704934597015382,3.5473022011852677,1.0,40.0,0.0
1786016697.5712721,-25.688648223876953,-7.499966621398926,-83.55944061279297,2.7012524604797363,-3.222466468811035,1.9595096111297607,2.7012524604797363,1.5762574672698975,3.77146762663043,1.0,40.0,0.0
1786016697.6228476,-16.272584915161133,-5.422032833099365,-88.64993286132812,2.0087130069732666,-1.48019278049469,2.012831211090088,2.0087130069732666,1.195408082008362,2.498491575284374,0.8637293956314142,34.54917582525657,0.0
1786016697.6728384,-8.185253143310547,-3.8027002811431885,-98.56500244140625,1.0536240339279175,0.011895767413079739,2.007474422454834,1.0536240339279175,0.48321899175643923,2.007509667745766,0.49850422114324877,19.94016884572995,0.0
1786016697.722901,-7.82925271987915,-4.243322849273682,-102.5210952758789,0.9680514931678772,0.06650751829147339,1.9497026205062866,0.9680514931678772,0.331553065776825,1.9508366303712805,0.42072682320498495,16.8290729281994,0.0
1786016697.7728555,-7.2270355224609375,-3.2447526454925537,-101.76862335205078,0.8144804835319519,0.2287406623363495,1.7805345058441162,0.8144804835319519,0.3277675867080689,1.795167239314383,0.4187855518876742,16.751422075506966,0.0
1786016697.8229077,-6.908698558807373,-3.6253223419189453,-104.67296600341797,0.7674986124038696,0.32319387793540955,1.6377674341201782,0.7674986124038696,0.2237002611160278,1.6693521051592204,0.36541769260970436,14.616707704388174,0.0
1786016697.8728461,-6.6064348220825195,-3.9036574363708496,-105.7442398071289,0.7511513829231262,0.3161192834377289,1.5091242790222168,0.7511513829231262,0.1656027674674988,1.541877910502485,0.33562410612327925,13.42496424493117,0.0
1786016697.9229717,-6.335077285766602,-3.8134377002716064,-106.25707244873047,0.6323361992835999,0.4850001335144043,1.433415174484253,0.6323361992835999,0.06032054424285893,1.5132429388405257,0.2816332224183357,11.265328896733429,0.0
1786016697.9728632,-5.337937355041504,-3.7125461101531982,-106.98480224609375,0.5448006391525269,0.6518382430076599,1.4102486371994019,0.5448006391525269,-0.012081277370452836,1.55360687233614,0.2445040831294579,9.780163325178316,0.0
1786016698.0229862,-5.970738887786865,-3.8699100017547607,-107.85613250732422,0.5244380235671997,0.5687193274497986,1.3261833190917969,0.5244380235671997,-0.056048476696014427,1.4429843620955447,0.2219568014240417,8.878272056961668,0.0
1786016698.0728626,-5.036363124847412,-3.812567949295044,-108.00591278076172,0.5117447972297668,0.6984330415725708,1.30007803440094,0.5117447972297668,-0.06014039516448977,1.4758087982838848,0.21985838169661845,8.794335267864739,0.0
1786016698.122901,-5.726105690002441,-3.974666118621826,-108.84663391113281,0.4859005808830261,0.5590038299560547,1.2675540447235107,0.4859005808830261,-0.11029933691024774,1.3853441948485112,0.19413584746802462,7.7654338987209846,0.0
1786016698.1729329,-4.9423017501831055,-4.122154712677002,-109.34024047851562,0.4803078770637512,0.7516577243804932,1.2486426830291748,0.4803078770637512,-0.13801532983779907,1.4574285178022137,0.17992251776158805,7.196900710463522,0.0
1786016698.2228532,-4.929864883422852,-4.262581825256348,-109.20108032226562,0.5209460854530334,0.8048438429832458,1.257472038269043,0.5209460854530334,-0.11844118833541872,1.4929867844748463,0.18996053904486002,7.5984215617944,0.0
1786016698.2728834,-4.6493239402771,-3.757096529006958,-109.21045684814453,0.37765052914619446,0.7679622769355774,1.193495750427246,0.37765052914619446,-0.18591395020484924,1.4192244942516923,0.15535912270156232,6.2143649080624925,0.0
1786016698.3229594,-4.791843414306641,-3.7029850482940674,-109.7026596069336,0.345681369304657,0.8347964882850647,1.1133347749710083,0.345681369304657,-0.20976638793945312,1.3915457225735781,0.1431271033504834,5.725084134019336,0.0
1786016698.3729181,-2.609003782272339,-3.803022861480713,-111.25382232666016,0.280180960893631,1.2838025093078613,1.1413930654525757,0.280180960893631,-0.290272468328476,1.7178262463847702,0.10184193392021527,4.073677356808611,0.0
1786016698.4229076,-1.9780683517456055,-3.847381830215454,-111.99842071533203,0.2775574028491974,1.415717601776123,1.370482087135315,0.2775574028491974,-0.29954987168312075,1.970400334738478,0.0970842911742436,3.883371646969744,0.0
1786016698.4729323,-0.5700692534446716,-4.168427467346191,-112.4405517578125,0.3371889591217041,1.6480512619018555,1.6810920238494873,0.3371889591217041,-0.28807516098022456,2.354175727193419,0.10296875820136984,4.1187503280547935,0.0
1786016698.5229015,-0.0014610663056373596,-4.619787693023682,-112.62708282470703,0.4662648141384125,1.854283094406128,1.8908758163452148,0.4662648141384125,-0.2267033398151398,2.64835366728833,0.13444148700397743,5.377659480159097,0.0
1786016698.5728557,1.1076838970184326,-4.732999324798584,-112.87578582763672,0.5588629245758057,2.0494401454925537,2.074631690979004,0.5588629245758057,-0.15108697414398187,2.9162135661111894,0.17321911042508406,6.928764417003363,0.0
1786016698.6228592,1.1461867094039917,-5.49503755569458,-113.18911743164062,0.6251975893974304,2.1359243392944336,2.2403647899627686,0.6251975893974304,-0.19905804395675653,3.0953848186122648,0.14861856180314834,5.944742472125934,0.0
1786016698.6729114,1.9749164581298828,-5.771821975708008,-114.25121307373047,0.6319272518157959,2.2951486110687256,2.3445773124694824,0.6319272518157959,-0.23384604454040525,3.2809678329781473,0.1307785615038413,5.231142460153651,0.0
1786016698.7230017,2.0230860710144043,-6.267519950866699,-113.96964263916016,0.658173680305481,2.367924451828003,2.4877007007598877,0.658173680305481,-0.28195431232452384,3.43448991643973,0.10610765494788303,4.244306197915321,0.0
1786016698.7729347,1.9955815076828003,-6.3900837898254395,-113.48551940917969,0.6002259850502014,2.3267552852630615,2.597078561782837,0.6002259850502014,-0.3582865834236144,3.4869194446633838,0.06696290053809299,2.67851602152372,0.0
1786016698.8229783,1.420791506767273,-6.800212860107422,-113.53473663330078,0.6202029585838318,2.251458168029785,2.712378740310669,0.6202029585838318,-0.3998289704322815,3.525062029706332,0.04565911232852013,1.8263644931408052,0.0
1786016698.8729107,0.8114842772483826,-6.77268648147583,-112.45834350585938,0.5401995778083801,2.094223737716675,2.7222845554351807,0.5401995778083801,-0.47570339441299425,3.4346187946229083,0.006749151312769996,0.26996605251079986,0.0
1786016698.9229488,0.8621834516525269,-7.286985397338867,-112.29396057128906,0.5156329870223999,2.190305471420288,2.7869300842285156,0.5156329870223999,-0.5774148225784301,3.5446321886073893,-0.0,0.0,0.0
1786016698.971276,0.9475982189178467,-7.070284366607666,-111.66815948486328,0.37547194957733154,2.092364549636841,2.890922784805298,0.37547194957733154,-0.6850707054138183,3.568672576222621,-0.049336649200473114,0.0,1.9734659680189246
1786016699.0212932,-0.33953991532325745,-7.5054931640625,-110.19175720214844,0.3418596684932709,1.9054977893829346,3.0144402980804443,0.3418596684932709,-0.7839643061161041,3.56619855532955,-0.10005131622728636,0.0,4.002052649091454
1786016699.0712738,0.9034092426300049,-8.004777908325195,-111.17393493652344,0.2569456696510315,2.1459193229675293,3.1584208011627197,0.2569456696510315,-0.9437710165977478,3.8184540979174773,-0.18200347544864207,0.0,7.280139017945682
1786016699.1213508,0.8533844947814941,-8.005459785461426,-111.69169616699219,0.13938646018505096,2.1872923374176025,3.233764410018921,0.13938646018505096,-1.0614325076341629,3.9040338150214295,-0.24234270162116264,0.0,9.693708064846506
1786016699.1712806,1.02817964553833,-8.357400894165039,-110.5181655883789,0.09548400342464447,2.1137592792510986,3.3489491939544678,0.09548400342464447,-1.1581261307001114,3.9602321894439982,-0.2919291749883157,0.0,11.677166999532629
1786016699.2212787,1.116727352142334,-8.325770378112793,-109.98936462402344,9.728939039632678e-05,2.2176730632781982,3.520644187927246,9.728939039632678e-05,-1.2487682673265226,4.160890447197042,-0.33841232197621884,0.0,13.536492879048755
1786016699.2712677,1.7475476264953613,-8.557273864746094,-109.98326110839844,-0.1494746059179306,2.2495779991149902,3.6700100898742676,-0.1494746059179306,-1.4330656856298447,4.304599311652727,-0.4329238185420251,0.0,17.316952741681003
1786016699.3212693,2.129202127456665,-8.80066204071045,-110.38064575195312,-0.19034601747989655,2.3607852458953857,3.871845006942749,-0.19034601747989655,-1.5104453235864639,4.5348087870410625,-0.4726056841608042,0.0,18.904227366432167
1786016699.3712993,2.8306286334991455,-9.291268348693848,-110.84249877929688,-0.22030434012413025,2.467935562133789,4.054579734802246,-0.22030434012413025,-1.6139945924282073,4.746611714129741,-0.5257078733104161,0.0,21.028314932416645
1786016699.4212677,2.3656370639801025,-9.841984748840332,-110.56867218017578,-0.19870154559612274,2.3970329761505127,4.270865440368652,-0.19870154559612274,-1.6749992579221724,4.897556400746019,-0.5569923171534752,0.0,22.279692686139008
1786016699.4713564,1.728615403175354,-10.862005233764648,-109.8827896118164,-0.11391869932413101,2.1988437175750732,4.440906524658203,-0.11391869932413101,-1.7432194843888282,4.955458046948957,-0.5919770486748371,0.0,23.679081946993485
1786016699.521296,-0.3001248836517334,-12.234124183654785,-108.12277221679688,0.0891365334391594,1.857836365699768,4.515697956085205,0.0891365334391594,-1.7459820941090582,4.882938049198312,-0.5933937716082884,0.0,23.735750864331536
1786016699.5712783,-2.6725082397460938,-14.012874603271484,-105.72965240478516,0.46829113364219666,1.55399751663208,4.336930274963379,0.46829113364219666,-1.633640056848526,4.606937430831094,-0.5357824704490411,0.0,21.431298817961647
1786016699.621284,-4.4546918869018555,-15.22048568725586,-103.73948669433594,0.8877038955688477,1.4643943309783936,3.9728078842163086,0.8877038955688477,-1.3953689575195312,4.234105955392817,-0.4135921631008387,0.0,16.543686524033546
1786016699.6712747,-6.758206367492676,-16.73649024963379,-100.23937225341797,1.4347304105758667,1.0320810079574585,3.6877520084381104,1.4347304105758667,-1.0757431268692015,3.829452452077947,-0.24968148071605423,0.0,9.98725922864217
1786016699.7213018,-8.937041282653809,-17.394906997680664,-96.43142700195312,1.9278254508972168,0.6443820595741272,3.3860950469970703,1.9278254508972168,-0.6814105987548826,3.446863488158341,-0.047459671426659945,0.0,1.8983868570663978
1786016699.7730656,-10.256972312927246,-18.215917587280273,-93.23841094970703,2.3243846893310547,0.41854313015937805,3.3573834896087646,2.3243846893310547,-0.4080029487609864,3.383371432181388,0.04146732857020991,1.6586931428083964,0.0
1786016699.8229842,-11.714235305786133,-18.895414352416992,-91.11054229736328,2.7875237464904785,0.07440932840108871,3.3286070823669434,2.7875237464904785,-0.046788406372070046,3.329438669946704,0.22670555543632087,9.068222217452835,0.0
1786016699.8729756,-12.053997039794922,-19.53217315673828,-90.16431427001953,3.1694610118865967,0.053202565759420395,3.452702522277832,3.1694610118865967,0.23963503837585476,3.4531123961358525,0.37358937325576946,14.943574930230778,0.0
1786016699.9230049,-12.983809471130371,-20.2518253326416,-89.07145690917969,3.5758020877838135,-0.10226953774690628,3.616034984588623,3.5758020877838135,0.5380282878875735,3.617480900864552,0.5266115524925483,21.064462099701935,0.0
1786016699.972891,-13.869786262512207,-21.12699317932129,-87.7776107788086,4.101179122924805,-0.3440474569797516,3.7138636112213135,4.101179122924805,0.9321301460266116,3.729765619366457,0.7287150694869269,29.148602779477073,0.0
1786016700.022898,-15.084668159484863,-21.334077835083008,-86.17264556884766,4.523190021514893,-0.565217137336731,3.742938756942749,4.523190021514893,1.3230783462524416,3.7853746116551346,0.9292013260129935,37.168053040519744,0.0
1786016700.0721118,-16.516069412231445,-21.679943084716797,-83.9841079711914,4.94598913192749,-0.9492695331573486,3.905092477798462,4.94598913192749,1.693997669219971,4.01881324606393,1.0,40.0,0.0
1786016700.1212752,-17.462804794311523,-21.91167449951172,-83.37893676757812,5.29135799407959,-1.1133579015731812,4.052578926086426,5.29135799407959,2.004606819152832,4.202732654970483,1.0,40.0,0.0
1786016700.1712701,-18.063236236572266,-22.040189743041992,-81.5639419555664,5.489511966705322,-1.2380149364471436,4.118020057678223,5.489511966705322,2.1834835052490233,4.300089554684457,1.0,40.0,0.0
1786016700.2212608,-18.87001609802246,-22.575586318969727,-80.3615951538086,5.656124591827393,-1.3262077569961548,4.129992961883545,5.656124591827393,2.269786643981934,4.337703180246937,1.0,40.0,0.0
1786016700.2712836,-19.811416625976562,-23.090848922729492,-79.96883392333984,5.853349208831787,-1.6022906303405762,4.154616832733154,5.853349208831787,2.3897218704223633,4.452884041933594,1.0,40.0,0.0
1786016700.3212805,-20.477401733398438,-23.370790481567383,-79.33036804199219,5.9414381980896,-1.7769285440444946,4.259256362915039,5.9414381980896,2.435819625854492,4.615055776008816,1.0,40.0,0.0
1786016700.3716078,-21.391626358032227,-23.86333465576172,-77.89109802246094,6.0266900062561035,-1.994493842124939,4.448142051696777,6.0266900062561035,2.4471898078918457,4.874830602015574,1.0,40.0,0.0
1786016700.4217494,-21.03896713256836,-23.89470100402832,-76.977783203125,6.09298038482666,-1.9824211597442627,4.623311996459961,6.09298038482666,2.508775234222412,5.030408280767316,1.0,40.0,0.0
1786016700.4712794,-21.79741096496582,-24.6781063079834,-76.31061553955078,6.206440448760986,-2.2064626216888428,4.797986030578613,6.206440448760986,2.5047245025634766,5.281017633992289,1.0,40.0,0.0
1786016700.5212655,-22.170503616333008,-24.950082778930664,-76.16314697265625,6.299104690551758,-2.344599485397339,4.944504261016846,6.299104690551758,2.5565922737121585,5.472227072603915,1.0,40.0,0.0
1786016700.571279,-12.510456085205078,-15.579507827758789,-83.61094665527344,4.435417175292969,-0.7138696908950806,5.095889568328857,4.435417175292969,2.0984910011291507,5.145648688764275,1.0,40.0,0.0
1786016700.6231067,-8.620073318481445,-11.367199897766113,-91.12760925292969,2.896198272705078,-0.00331300962716341,4.7505412101745605,2.896198272705078,1.1911182880401612,4.750542365414666,0.8615295012887472,34.46118005154989,0.0
1786016700.672022,-7.928804874420166,-9.760210990905762,-95.6021499633789,2.786567211151123,0.06243566796183586,4.120862007141113,2.786567211151123,1.3225355625152588,4.121334965097223,0.9289229753785408,37.15691901514163,0.0
1786016700.7230387,-8.700223922729492,-9.961403846740723,-97.65200805664062,2.6646440029144287,0.17898516356945038,3.5966439247131348,2.6646440029144287,1.1704334259033204,3.6010947238241156,0.8509218796801109,34.03687518720444,0.0
1786016700.7720485,-6.997646808624268,-10.22641658782959,-101.91405487060547,2.5490152835845947,0.4963544011116028,3.3102118968963623,2.5490152835845947,1.0150527954101562,3.3472183218094798,0.7712395050682318,30.84958020272927,0.0
1786016700.823023,-6.698913097381592,-10.240447998046875,-104.98365020751953,2.529707193374634,0.5563904047012329,3.089743137359619,2.529707193374634,0.9936399936676026,3.1394399082168247,0.7602585810976914,30.410343243907654,0.0
1786016700.872041,-6.9687604904174805,-10.191786766052246,-106.02616119384766,2.4333434104919434,0.5362815856933594,2.9474289417266846,2.4333434104919434,0.9045753955841065,2.9958196383764273,0.7145844282343601,28.583377129374405,0.0
1786016700.9231331,-5.940486431121826,-10.480171203613281,-107.12565612792969,2.4268698692321777,0.7455982565879822,2.9203004837036133,2.4268698692321777,0.8548441886901856,3.0139793754016626,0.6890812452118366,27.56324980847346,0.0
1786016700.9720294,-6.386669635772705,-10.398113250732422,-106.98503875732422,2.410651206970215,0.6503224968910217,2.8149054050445557,2.410651206970215,0.8509342193603515,2.889050326545321,0.6870761327349986,27.48304530939994,0.0
1786016701.022,-5.744542598724365,-10.560436248779297,-108.5247802734375,2.373894214630127,0.7778369188308716,2.895855188369751,2.373894214630127,0.7898287773132324,2.9985008828253346,0.6557400086082709,26.229600344330834,0.0
1786016701.0720828,-5.765215873718262,-10.173360824584961,-108.95198059082031,2.2736871242523193,0.7534323334693909,2.8775713443756104,2.2736871242523193,0.7476830005645752,2.974571754570528,0.6341267897628056,25.365071590512223,0.0
1786016701.1220543,-6.0689826011657715,-10.507298469543457,-108.05496978759766,2.3672258853912354,0.7387804985046387,2.860912799835205,2.3672258853912354,0.7911311149597169,2.954762033266245,0.6564078740680065,26.25631496272026,0.0
1786016701.1720278,-6.108963966369629,-10.494024276733398,-108.35197448730469,2.3317887783050537,0.6642892360687256,2.917296886444092,2.3317887783050537,0.7576851367950439,2.9919728128465946,0.6392560903938151,25.570243615752606,0.0
1786016701.2220292,-6.353257179260254,-10.1637601852417,-108.49664306640625,2.2652909755706787,0.6652745008468628,2.8760056495666504,2.2652909755706787,0.7407269477844238,2.951948281697417,0.6305595832088818,25.222383328355274,0.0
1786016701.272025,-6.286215305328369,-10.530691146850586,-108.22198486328125,2.29504132270813,0.6558814644813538,2.967381715774536,2.29504132270813,0.715437650680542,3.039002261032926,0.6175907128991989,24.703628515967957,0.0
1786016701.322032,-6.2612528800964355,-10.089481353759766,-108.79271697998047,2.2427685260772705,0.687231719493866,3.0044662952423096,2.2427685260772705,0.7293463230133057,3.082061835123615,0.6247233653775393,24.98893461510157,0.0
1786016701.3720098,-6.210273265838623,-10.210709571838379,-108.65033721923828,2.2242484092712402,0.705814778804779,3.0074636936187744,2.2242484092712402,0.6926419734954834,3.089176649273123,0.6059006220350662,24.23602488140265,0.0
1786016701.4230094,-6.07252836227417,-10.611249923706055,-109.14702606201172,2.289020538330078,0.7921493649482727,3.032803535461426,2.289020538330078,0.6973330497741699,3.13454907460312,0.6083063021779823,24.332252087119294,0.0
1786016701.4720385,-5.81320333480835,-9.950322151184082,-109.33482360839844,2.238100528717041,0.8113070726394653,3.0548174381256104,2.238100528717041,0.7455522060394288,3.1607164925679645,0.6330340746217049,25.321362984868195,0.0
1786016701.5226693,-5.686202526092529,-9.945184707641602,-109.50212860107422,2.151088237762451,0.8467156887054443,3.0676803588867188,2.151088237762451,0.6593105316162109,3.1823875065427343,0.5888075749174906,23.552302996699623,0.0
1786016701.572028,-5.6839985847473145,-10.541862487792969,-109.54907989501953,2.2802610397338867,0.8842070698738098,3.0361783504486084,2.2802610397338867,0.6989816665649415,3.1623094595797645,0.6091517466860704,24.366069867442818,0.0
1786016701.6219807,-5.586857795715332,-9.941621780395508,-109.77488708496094,2.205169200897217,0.9062734842300415,3.1257481575012207,2.205169200897217,0.7139259338378907,3.2544789402208054,0.616815473492711,24.672618939708443,0.0
1786016701.6721082,-4.799356460571289,-7.611794948577881,-110.51416015625,1.629690408706665,0.9822325110435486,2.9306557178497314,1.629690408706665,0.48792116641998295,3.09087748743237,0.5009155927655788,20.036623710623154,0.0
1786016701.7220254,-4.679426670074463,-5.95646858215332,-110.59239196777344,1.217362642288208,1.011705994606018,2.6026315689086914,1.217362642288208,0.32389235496520996,2.7923538642159715,0.41679825355800293,16.671930142320118,0.0
1786016701.7720397,-4.01235818862915,-4.723757266998291,-110.41090393066406,0.9493546485900879,1.0779728889465332,2.349646806716919,0.9493546485900879,0.24079105854034422,2.5851239168787923,0.3741822041093538,14.967288164374153,0.0
1786016701.8220186,-3.5207724571228027,-4.533397197723389,-111.08323669433594,0.7942402362823486,1.207911729812622,2.239152431488037,0.7942402362823486,0.11423065662384035,2.5441804885773553,0.30927943389576207,12.371177355830483,0.0
1786016701.8720088,-3.4446487426757812,-4.169396877288818,-111.75381469726562,0.6317404508590698,1.2362436056137085,2.372432231903076,0.6317404508590698,0.006330919265747137,2.6752070849549936,0.2539462352505861,10.157849410023445,0.0
1786016701.9220152,-3.058450222015381,-3.445753812789917,-113.22074890136719,0.4065973460674286,1.3332105875015259,2.451845407485962,0.4065973460674286,-0.11026572585105898,2.790877348225136,0.19415308390863426,7.76612335634537,0.0
1786016701.972023,-1.154174566268921,-2.948920249938965,-114.92037963867188,0.02349519170820713,1.7295804023742676,2.423570156097412,0.02349519170820713,-0.4188428457826376,2.977438608905844,0.03590840702064521,1.4363362808258084,0.0
1786016702.022039,0.1928815394639969,-1.9282422065734863,-115.93920135498047,-0.3535970449447632,2.032440423965454,2.392714262008667,-0.3535970449447632,-0.642833375930786,3.139410074614107,-0.02767648023481554,0.0,1.1070592093926215
1786016702.0713308,2.0591025352478027,-1.3832615613937378,-118.04867553710938,-0.7687001824378967,2.41977596282959,2.4629650115966797,-0.7687001824378967,-0.9761894166469574,3.452754314838706,-0.19862829598669826,0.0,7.945131839467931
1786016702.1213515,3.0761921405792236,-1.207159399986267,-119.82051849365234,-1.1899577379226685,2.5831191539764404,2.594634532928467,-1.1899577379226685,-1.3710316479206086,3.6612337979299934,-0.4011114915116476,0.0,16.044459660465904
1786016702.1711957,2.7443904876708984,-0.843489944934845,-119.67915344238281,-1.5521398782730103,2.5043599605560303,2.6637749671936035,-1.5521398782730103,-1.678663370013237,3.6561613596617266,-0.5588713489950468,0.0,22.354853959801872
1786016702.2215085,2.662584066390991,-0.5116877555847168,-120.57854461669922,-1.872265100479126,2.521585464477539,2.668989896774292,-1.872265100479126,-1.9490182638168334,3.67177073409379,-0.6975148842789424,0.0,27.900595371157696
1786016702.271314,2.9338297843933105,0.2976822555065155,-121.22479248046875,-2.054670810699463,2.5031933784484863,2.627394199371338,-2.054670810699463,-2.0100184723734857,3.628936120793324,-0.728797042513123,0.0,29.15188170052492
1786016702.321557,1.5132055282592773,0.6875786781311035,-120.13426208496094,-2.1436362266540527,2.289489507675171,2.4993700981140137,-2.1436362266540527,-2.0404994249343873,3.3894856679297454,-0.7444283002366623,0.0,29.77713200946649
1786016702.3713439,1.107278823852539,1.2455265522003174,-121.15039825439453,-2.140336513519287,2.1844100952148438,2.328826427459717,-2.140336513519287,-1.9535075306892395,3.192973534702615,-0.6998170724186379,0.0,27.992682896745514
1786016702.4212835,0.5035256743431091,1.3433078527450562,-121.2019271850586,-2.1500742435455322,2.1332759857177734,2.16471004486084,-2.1500742435455322,-1.948578065633774,3.0392163479360197,-0.6972891416209631,0.0,27.891565664838524
1786016702.471269,0.6047286987304688,1.9000096321105957,-121.89384460449219,-2.1618175506591797,2.105412006378174,1.9529446363449097,-2.1618175506591797,-1.8768161058425903,2.8717159450805227,-0.6604881365998434,0.0,26.419525463993736
1786016702.5212834,-0.13668140769004822,2.17435884475708,-121.57545471191406,-2.1240077018737793,2.036207914352417,1.738465666770935,-2.1240077018737793,-1.7978538751602173,2.67738782118182,-0.6199946849678573,0.0,24.79978739871429
1786016702.5712698,-0.6343148946762085,2.8124184608459473,-121.09559631347656,-2.0757527351379395,1.8998311758041382,1.4509098529815674,-2.0757527351379395,-1.6538899660110473,2.390501599672405,-0.5461670392503342,0.0,21.846681570013367
1786016702.621275,-1.6208211183547974,3.0862057209014893,-121.17174530029297,-2.0732808113098145,1.7347427606582642,1.191778540611267,-2.0732808113098145,-1.610349953174591,2.104677774747901,-0.523838827539331,0.0,20.953553101573238
1786016702.6712797,-1.564454436302185,3.703869581222534,-121.50196838378906,-2.111492156982422,1.6840707063674927,0.9455267190933228,-2.111492156982422,-1.5559117197990417,1.931350543160016,-0.495921784782639,0.0,19.83687139130556
1786016702.7212713,-2.8585939407348633,3.9303195476531982,-120.9443359375,-2.1634304523468018,1.389725685119629,0.7573110461235046,-2.1634304523468018,-1.573882520198822,1.5826741611784465,-0.5051375798594494,0.0,20.205503194377975
1786016702.7713234,-3.3138060569763184,4.406424045562744,-121.31948852539062,-2.2206761837005615,1.2156834602355957,0.6665770411491394,-2.2206761837005615,-1.55971257686615,1.3864383243684273,-0.49787094225295087,0.0,19.914837690118034
1786016702.82129,-3.9963040351867676,4.899359226226807,-120.68600463867188,-2.3560333251953125,1.0762344598770142,0.5915603637695312,-2.3560333251953125,-1.6211294412612915,1.2280978285991342,-0.5293667701478952,0.0,21.17467080591581
1786016702.8712862,-3.833879232406616,5.3357062339782715,-121.43865966796875,-2.418229341506958,1.0643056631088257,0.5401358008384705,-2.418229341506958,-1.6178734064102174,1.1935213562701477,-0.5276970086858059,0.0,21.107880347432236
1786016702.9212773,-4.722917556762695,6.653164386749268,-122.50833892822266,-2.639374017715454,0.8921369910240173,0.5141329765319824,-2.639374017715454,-1.641399359703064,1.029680109699621,-0.539761600118035,0.0,21.590464004721397
1786016702.9713044,-4.312644004821777,6.859386920928955,-122.96414947509766,-2.725539207458496,0.9990832209587097,0.563437819480896,-2.725539207458496,-1.696631169319153,1.1470089183710024,-0.5680856050493627,0.0,22.723424201974506
1786016703.021289,-5.274518013000488,7.249792098999023,-122.38068389892578,-2.7924811840057373,0.8712478876113892,0.5616647601127625,-2.7924811840057373,-1.7050123691558838,1.036600301186448,-0.5723836562476862,0.0,22.895346249907448
1786016703.0712953,-5.612253189086914,6.786691665649414,-123.44920349121094,-2.762098550796509,0.7684729695320129,0.6122390627861023,-2.762098550796509,-1.7440948009490966,0.9825412840703209,-0.5924259289621543,0.0,23.69703715848617
1786016703.1213224,-6.589818954467773,6.775625228881836,-124.76710510253906,-2.7410778999328613,0.5840967297554016,0.6527748703956604,-2.7410778999328613,-1.724734115600586,0.8759474990723051,-0.5824973723731744,0.0,23.29989489492698
1786016703.1712809,-6.744837760925293,7.721556186676025,-124.69965362548828,-2.937852382659912,0.5195752382278442,0.6946888566017151,-2.937852382659912,-1.7796189546585084,0.8674969946150357,-0.6106434436849295,0.0,24.42573774739718
1786016703.2214103,-7.468587398529053,8.117441177368164,-124.63629913330078,-3.1291120052337646,0.3878658413887024,0.7382256984710693,-3.1291120052337646,-1.9114958286285402,0.8339167181435232,-0.6782726098234074,0.0,27.130904392936298
1786016703.2712715,-7.189124584197998,8.634157180786133,-124.95138549804688,-3.14597225189209,0.4180917739868164,0.7570825219154358,-3.14597225189209,-1.85084867477417,0.8648552922109453,-0.6471715052827047,0.0,25.88686021130819
1786016703.3212717,-7.242634296417236,9.29194164276123,-124.58989715576172,-3.3435654640197754,0.4039951264858246,0.8089599013328552,-3.3435654640197754,-1.9497742176055908,0.9042279492410972,-0.6979025528885615,0.0,27.91610211554246
1786016703.371272,-7.619303226470947,8.758112907409668,-124.73704528808594,-3.3067028522491455,0.3158712387084961,0.9146236181259155,-3.3067028522491455,-1.9929859161376953,0.9676316459670903,-0.7200623982896408,0.0,28.802495931585632
1786016703.4213054,-7.841245174407959,9.281854629516602,-125.08222961425781,-3.4410042762756348,0.2584352195262909,1.0030651092529297,-3.4410042762756348,-2.0487260818481445,1.0358225601386533,-0.7486470986539737,0.0,29.94588394615895
1786016703.47141,-8.03854751586914,9.923979759216309,-125.89122772216797,-3.604978561401367,0.0952707976102829,1.1377142667770386,-3.604978561401367,-2.116381597518921,1.1416962282960008,-0.7833422348953976,0.0,31.333689395815902
1786016703.521283,-8.459890365600586,10.317792892456055,-125.32706451416016,-3.755995750427246,0.06765252351760864,1.2862911224365234,-3.755995750427246,-2.208326816558838,1.2880689871265871,-0.8304936292748422,0.0,33.21974517099369
1786016703.5712874,-7.728401184082031,10.548928260803223,-126.40215301513672,-3.925765037536621,0.13420386612415314,1.455602765083313,-3.925765037536621,-2.3434257984161375,1.4617763465731877,-0.8997751584324317,0.0,35.99100633729727
1786016703.6212847,-8.067829132080078,10.875986099243164,-125.66127014160156,-4.056246757507324,0.17788748443126678,1.607637643814087,-4.056246757507324,-2.4248488426208494,1.617449458538162,-0.9415305657168993,0.0,37.66122262867597
1786016703.671268,-8.311031341552734,11.488120079040527,-124.66513061523438,-4.207862377166748,0.016453728079795837,1.783869743347168,-4.207862377166748,-2.484644365310669,1.7839456231615398,-0.9721949363270632,0.0,38.88779745308253
1786016703.721271,-8.690019607543945,12.253866195678711,-125.87664794921875,-4.408853530883789,-0.04446975141763687,2.037370443344116,-4.408853530883789,-2.5707736015319824,2.037855706914341,-1.0,0.0,40.0
1786016703.7712822,-8.035604476928711,13.425853729248047,-126.5816879272461,-4.6438798904418945,-0.061310864984989166,2.3517229557037354,-4.6438798904418945,-2.6300018310546878,2.35252202594346,-1.0,0.0,40.0
1786016703.8212926,-7.2526164054870605,14.004359245300293,-126.38771057128906,-4.817697048187256,0.022420687600970268,2.649473190307617,-4.817697048187256,-2.717043161392212,2.6495680541158637,-1.0,0.0,40.0
1786016703.871356,-8.02717113494873,14.865462303161621,-126.08126068115234,-4.930976390838623,-0.16717582941055298,2.892462730407715,-4.930976390838623,-2.70115704536438,2.8972898378893266,-1.0,0.0,40.0
1786016703.9212685,-8.118657112121582,15.22702693939209,-127.19587707519531,-5.069575786590576,-0.12644430994987488,3.102818012237549,-5.069575786590576,-2.7855217456817627,3.1053933374992084,-1.0,0.0,40.0
1786016703.971279,-8.269330024719238,14.69202995300293,-127.16604614257812,-5.003679275512695,-0.1555120348930359,3.235910177230835,-5.003679275512695,-2.799874782562256,3.2396448367224866,-1.0,0.0,40.0
1786016704.0212848,-9.485783576965332,15.021086692810059,-125.62271118164062,-4.920819282531738,-0.4170578122138977,3.2997398376464844,-4.920819282531738,-2.6676562786102296,3.325991613771732,-1.0,0.0,40.0
1786016704.071267,-9.472827911376953,14.943270683288574,-125.6779556274414,-4.975114822387695,-0.3998693525791168,3.302434206008911,-4.975114822387695,-2.733624219894409,3.326554852117991,-1.0,0.0,40.0
1786016704.1212833,-9.407719612121582,15.477787971496582,-124.76275634765625,-4.974069118499756,-0.36436158418655396,3.272796154022217,-4.974069118499756,-2.6524009227752687,3.293015947397393,-1.0,0.0,40.0
1786016704.1712847,-10.271707534790039,15.781901359558105,-123.37271881103516,-4.976873874664307,-0.5087733268737793,3.1548852920532227,-4.976873874664307,-2.609588670730591,3.195645710048591,-1.0,0.0,40.0
1786016704.2212696,-9.570059776306152,16.10776710510254,-124.49822998046875,-5.1600799560546875,-0.26011404395103455,3.030735492706299,-5.1600799560546875,-2.743914890289307,3.0418772070236915,-1.0,0.0,40.0
1786016704.2713046,-11.41650676727295,16.513811111450195,-122.83150482177734,-5.198145389556885,-0.6573982238769531,2.8209333419799805,-5.198145389556885,-2.7210737228393556,2.896521594024618,-1.0,0.0,40.0
1786016704.321281,-10.853399276733398,16.513038635253906,-121.84961700439453,-5.327464580535889,-0.46276500821113586,2.5596821308135986,-5.327464580535889,-2.850508785247803,2.601177437936731,-1.0,0.0,40.0
1786016704.3712742,-11.776015281677246,17.461477279663086,-120.5584487915039,-5.586549758911133,-0.6769981384277344,2.257452964782715,-5.586549758911133,-2.96732816696167,2.3567817819307937,-1.0,0.0,40.0
1786016704.4212842,-12.625679016113281,16.93011474609375,-119.89659881591797,-5.530867099761963,-0.7081716656684875,1.88688325881958,-5.530867099761963,-2.9913498878479006,2.015399598211054,-1.0,0.0,40.0
1786016704.471269,-13.090119361877441,17.069265365600586,-118.37157440185547,-5.662821292877197,-0.7603574991226196,1.6095277070999146,-5.662821292877197,-3.1024314880371096,1.78009071858552,-1.0,0.0,40.0
1786016704.5212865,-13.648503303527832,17.433717727661133,-116.9520263671875,-5.737826824188232,-0.7953905463218689,1.4906443357467651,-5.737826824188232,-3.1227691650390628,1.6895758807677492,-1.0,0.0,40.0
1786016704.5712903,-12.225234985351562,6.340394973754883,-117.34442901611328,-2.730848550796509,-0.4282960295677185,0.9937295317649841,-2.730848550796509,-1.7797893047332765,1.08209790280054,-0.6107308026976311,0.0,24.429232107905246
1786016704.6214244,-9.510269165039062,3.7338128089904785,-119.39171600341797,-2.2789409160614014,0.16998930275440216,0.7842843532562256,-2.2789409160614014,-1.7188689947128295,0.8024950528280307,-0.5794896180717609,0.0,23.179584722870437
1786016704.6713088,-9.005248069763184,1.511765480041504,-116.66053009033203,-1.592595100402832,0.2624191641807556,0.7798178195953369,-1.592595100402832,-1.3658302783966065,0.8227877305160498,-0.3984441225249799,0.0,15.937764900999197
1786016704.7212696,-9.699726104736328,1.962192177772522,-115.6813735961914,-1.6268210411071777,0.06829158961772919,0.8698931932449341,-1.6268210411071777,-1.3324922144412994,0.8725697157628063,-0.3813476794709762,0.0,15.253907178839048
1786016704.7712662,-9.699549674987793,2.4884302616119385,-114.5569839477539,-1.7333866357803345,0.03839315474033356,0.9120877981185913,-1.7333866357803345,-1.3601220965385437,0.9128954955567123,-0.3955168497772553,0.0,15.820673991090214
1786016704.8212864,-10.166996002197266,2.005246877670288,-113.98760986328125,-1.6387492418289185,0.019184252247214317,0.9922110438346863,-1.6387492418289185,-1.3379622101783752,0.9923964888298439,-0.3841528054899895,0.0,15.366112219599579
1786016704.8714783,-10.758512496948242,2.3981363773345947,-112.36348724365234,-1.6860299110412598,-0.15314245223999023,0.985946774482727,-1.6860299110412598,-1.3263094544410705,0.997769338470055,-0.3781770333170127,0.0,15.127081332680508
1786016704.921314,-10.870823860168457,1.9171693325042725,-111.32090759277344,-1.6231136322021484,-0.12260708957910538,1.0104259252548218,-1.6231136322021484,-1.3355382323265075,1.017837437335708,-0.3829097399249291,0.0,15.316389596997164
1786016704.9712694,-10.984063148498535,2.1568028926849365,-111.03778076171875,-1.7829972505569458,-0.15885446965694427,1.0182026624679565,-1.7829972505569458,-1.4594768166542054,1.0305199679709387,-0.44646798829810747,0.0,17.858719531924297
1786016705.0212698,-10.625606536865234,2.305358648300171,-110.77586364746094,-1.7164090871810913,-0.04808676987886429,1.0482934713363647,-1.7164090871810913,-1.3706052899360657,1.049395797344276,-0.4008928463913692,0.0,16.035713855654766
1786016705.0712717,-11.088269233703613,1.8520432710647583,-109.85171508789062,-1.655143141746521,-0.16393312811851501,1.0708105564117432,-1.655143141746521,-1.3773366510868073,1.0832863509790698,-0.40434482646867254,0.0,16.173793058746902
1786016705.121268,-10.874308586120605,2.0341134071350098,-110.43894958496094,-1.7025915384292603,-0.12123565375804901,1.056172251701355,-1.7025915384292603,-1.3974745273590088,1.0631076657639393,-0.414671942505699,0.0,16.58687770022796
1786016705.1712842,-10.722905158996582,2.0277633666992188,-109.90896606445312,-1.6803919076919556,-0.16120827198028564,1.1455765962600708,-1.6803919076919556,-1.3762274026870727,1.1568637970191993,-0.4037759811354753,0.0,16.151039245419014
1786016705.2212903,-10.171957969665527,2.0299978256225586,-110.6360855102539,-1.6729395389556885,-0.05453761667013168,1.134598970413208,-1.6729395389556885,-1.3684398651123046,1.1359089643517961,-0.3997823721227738,0.0,15.991294884910952
1786016705.2712986,-8.886720657348633,1.2663307189941406,-112.02449035644531,-1.571597933769226,0.15838436782360077,1.0702217817306519,-1.571597933769226,-1.381648325920105,1.0818781216299795,-0.4065559417677995,0.0,16.262237670711983
1786016705.32128,-7.160044193267822,-2.098295211791992,-114.78516387939453,-0.5990855693817139,0.7109773755073547,0.7908874154090881,-0.5990855693817139,-0.9138298511505127,1.0634809506219627,-0.1666490316295472,0.0,6.665961265181888
1786016705.3713095,-6.193282604217529,-2.8747718334198,-115.35616302490234,-0.5062410831451416,0.8761324882507324,0.6986067891120911,-0.5062410831451416,-0.9374568581581115,1.120562172644573,-0.17876544547959786,0.0,7.150617819183914
1786016705.421268,-6.220539569854736,-4.089058876037598,-115.4697265625,-0.28865814208984375,0.9790192246437073,0.6188276410102844,-0.28865814208984375,-0.9020169734954834,1.1581995905284717,-0.16059114565260904,0.0,6.423645826104361
1786016705.4713,-6.6451191902160645,-4.709993839263916,-115.5396728515625,-0.1260712444782257,0.8614541292190552,0.6080025434494019,-0.1260712444782257,-0.8325703203678131,1.0544051923191113,-0.1249774773820089,0.0,4.999099095280356
1786016705.5212622,-7.2700982093811035,-5.471869945526123,-114.7450180053711,0.10335981845855713,0.7619178891181946,0.6092446446418762,0.10335981845855713,-0.7174206733703613,0.9755500534483771,-0.06592637635767465,0.0,2.6370550543069857
1786016705.5712698,-8.157588958740234,-6.873757839202881,-114.38814544677734,0.4070231318473816,0.5826746821403503,0.6480717062950134,0.4070231318473816,-0.6240405440330505,0.8714968282830916,-0.018039130543669124,0.0,0.721565221746765
1786016705.6221828,-7.669515132904053,-8.42968463897705,-115.08969116210938,0.8606007695198059,0.7403077483177185,0.8678908944129944,0.8606007695198059,-0.4038519263267517,1.1407410603744559,0.043596058023663606,1.7438423209465443,0.0
1786016705.672146,-8.186123847961426,-10.15833854675293,-115.77812957763672,1.2787357568740845,0.5511043667793274,1.362795114517212,1.2787357568740845,-0.24501502513885498,1.4700090296441122,0.12505087914566193,5.002035165826477,0.0
1786016705.7221365,-8.45309829711914,-11.872509956359863,-115.36300659179688,1.7954753637313843,0.5242322087287903,1.9244163036346436,1.7954753637313843,0.014598870277404918,1.9945419319642017,0.2581862101283593,10.327448405134373,0.0
1786016705.772117,-9.055110931396484,-13.940659523010254,-113.51046752929688,2.317795515060425,0.3129490613937378,2.4986989498138428,2.317795515060425,0.2266965866088868,2.518220315387044,0.3669542697855295,14.678170791421179,0.0
1786016705.822145,-9.486790657043457,-15.985636711120605,-111.8570327758789,2.824402093887329,0.2738600969314575,2.855022430419922,2.824402093887329,0.4265565872192383,2.8681269900219175,0.4694465777908379,18.77786311163352,0.0
1786016705.872126,-8.975630760192871,-17.1364803314209,-109.20347595214844,3.256291389465332,0.28582262992858887,3.017378330230713,3.256291389465332,0.6858193397521974,3.0308854421645797,0.6024018355000478,24.09607342000191,0.0
1786016705.9231684,-8.786545753479004,-18.594120025634766,-107.07357788085938,3.6402649879455566,0.4920148551464081,2.9518866539001465,3.6402649879455566,0.8511469841003421,2.992609803358691,0.6871852428580707,27.48740971432283,0.0
1786016705.9723022,-8.394109725952148,-19.05457878112793,-104.79683685302734,3.8365249633789062,0.5356297492980957,2.8085248470306396,3.8365249633789062,0.9783381462097167,2.8591451597849344,0.7524114798372371,30.096459193489483,0.0
1786016706.022138,-9.656817436218262,-20.217077255249023,-100.56181335449219,3.8823723793029785,0.2980281114578247,2.6761255264282227,3.8823723793029785,0.8498107910156252,2.6926694168463845,0.686500015635139,27.46000062540556,0.0
1786016706.0721605,-10.988500595092773,-19.141582489013672,-94.55403900146484,3.9386415481567383,0.050054483115673065,2.4429385662078857,3.9386415481567383,1.0674041748046874,2.4434513069725408,0.7980863662961964,31.92345465184786,0.0
1786016706.1222136,-13.516932487487793,-18.29190444946289,-88.72972869873047,4.166276454925537,-0.5076113939285278,2.2237555980682373,4.166276454925537,1.4224907875061037,2.280955564491752,0.9801820651174357,39.207282604697426,0.0
1786016706.1721573,-15.405213356018066,-16.668212890625,-82.71630096435547,4.64876127243042,-0.9263169765472412,2.194214344024658,4.64876127243042,2.14852933883667,2.381730406356518,1.0,40.0,0.0
1786016706.2216558,-15.25928783416748,-15.861111640930176,-80.53700256347656,4.678975582122803,-0.9360180497169495,2.2764699459075928,4.678975582122803,2.2998088359832765,2.461390908412648,1.0,40.0,0.0
1786016706.271544,-15.765132904052734,-14.294473648071289,-77.11369323730469,4.387434005737305,-1.1729294061660767,2.384239673614502,4.387434005737305,2.2432629585266115,2.657134210589765,1.0,40.0,0.0
1786016706.3213186,-15.723631858825684,-13.686284065246582,-75.85491180419922,4.344884395599365,-1.2393004894256592,2.4724020957946777,4.344884395599365,2.291941785812378,2.765617078769328,1.0,40.0,0.0
1786016706.3712704,-14.88835620880127,-13.441265106201172,-75.63451385498047,4.226966381072998,-1.3190943002700806,2.5122792720794678,4.226966381072998,2.2107766151428225,2.8375265485850796,1.0,40.0,0.0
1786016706.4212677,-14.352410316467285,-13.468177795410156,-75.98234558105469,4.095727920532227,-1.241683006286621,2.567615509033203,4.095727920532227,2.0755012512207034,2.852091529093836,1.0,40.0,0.0
1786016706.471287,-13.0333833694458,-11.67858600616455,-76.74948120117188,3.8047807216644287,-1.0286545753479004,2.5401418209075928,3.8047807216644287,2.052992820739746,2.740520152399524,1.0,40.0,0.0
1786016706.521285,-12.270672798156738,-12.477660179138184,-77.72759246826172,3.7370102405548096,-0.8397095799446106,2.533231735229492,3.7370102405548096,1.865361213684082,2.6687778481965445,1.0,40.0,0.0
1786016706.571293,-14.949777603149414,-18.124591827392578,-75.36685180664062,5.062840461730957,-1.2343376874923706,2.5717873573303223,5.062840461730957,2.3441516876220705,2.852661868867058,1.0,40.0,0.0
1786016706.621282,-14.815567016601562,-26.25276756286621,-77.53781127929688,6.640841484069824,-0.9413684606552124,2.865659713745117,6.640841484069824,2.7029263496398928,3.0163189774455406,1.0,40.0,0.0
1786016706.671215,-10.853843688964844,-29.368511199951172,-79.09568786621094,7.186062335968018,-0.003377302782610059,3.7130632400512695,7.186062335968018,2.7807856559753423,3.713064776002988,1.0,40.0,0.0
1786016706.721318,-7.531045913696289,-30.579288482666016,-78.47357940673828,7.3806586265563965,0.6558539867401123,4.815295219421387,7.3806586265563965,2.793765354156494,4.859754366437192,1.0,40.0,0.0
1786016706.771282,-4.552496433258057,-30.531204223632812,-78.34042358398438,7.270278453826904,1.2555609941482544,5.8368940353393555,7.270278453826904,2.6905978202819822,5.970407472677782,1.0,40.0,0.0
1786016706.821325,-0.8877393007278442,-29.053695678710938,-79.44568634033203,7.10543966293335,1.7751115560531616,6.9336042404174805,7.10543966293335,2.747385311126709,7.157226334214165,1.0,40.0,0.0
1786016706.8713064,1.0671706199645996,-30.869966506958008,-79.23444366455078,7.190837860107422,1.9355218410491943,8.06363296508789,7.190837860107422,2.5603428840637212,8.292672753270239,1.0,40.0,0.0
1786016706.9212835,-0.6105766296386719,-26.87664031982422,-80.2898941040039,7.467976093292236,2.4796574115753174,9.066280364990234,7.467976093292236,3.4364800453186035,9.399262765525169,1.0,40.0,0.0
1786016706.9713054,-37.08964920043945,34.76460647583008,-82.26624298095703,8.735136985778809,3.2664968967437744,9.581008911132812,8.735136985778809,13.949827957153321,10.122535933828196,1.0,40.0,0.0
1786016707.021264,-67.62504577636719,83.54815673828125,-81.96466827392578,9.789440155029297,3.6726558208465576,10.055913925170898,9.789440155029297,22.32166366577148,10.705596930991009,1.0,40.0,0.0
1786016707.0713935,-84.48870086669922,113.99812316894531,-82.17324829101562,10.331718444824219,4.117422103881836,10.332809448242188,10.331718444824219,27.431436920166014,11.122954458021383,1.0,40.0,0.0
1786016707.1212723,1.500849723815918,-18.892051696777344,-81.3456039428711,4.300412178039551,0.2838796079158783,10.754862785339355,4.300412178039551,1.4666044235229494,10.758608700165086,1.0,40.0,0.0
1786016707.1722312,1.140697717666626,-17.30377197265625,-88.4373550415039,3.6892380714416504,0.10824988782405853,9.54859733581543,3.6892380714416504,1.093672275543213,9.54921091607864,0.811557187187748,32.462287487509926,0.0
1786016707.2222953,0.3710082769393921,-15.559151649475098,-92.2435531616211,3.940134048461914,0.23151718080043793,8.10327434539795,3.940134048461914,1.6062613010406497,8.106580988418628,1.0,40.0,0.0
1786016707.2740462,2.4955601692199707,-16.93562126159668,-99.08147430419922,3.5187032222747803,0.901988685131073,7.206756114959717,3.5187032222747803,0.9783600330352784,7.262982671644877,0.7524227038503457,30.09690815401383,0.0
1786016707.322578,1.9409304857254028,-16.875761032104492,-105.32654571533203,3.5134589672088623,1.0773587226867676,6.635867595672607,3.5134589672088623,0.9820948123931887,6.722755429483287,0.7543379753159407,30.173519012637627,0.0
1786016707.3722143,2.5220108032226562,-17.226547241210938,-107.3298568725586,3.5202364921569824,1.355655312538147,6.225574970245361,3.5202364921569824,0.9362544059753417,6.371466474569134,0.7308300745888398,29.23320298355359,0.0
1786016707.4221961,2.452115774154663,-16.476491928100586,-108.1197738647461,3.290581703186035,1.4019874334335327,5.940953731536865,3.290581703186035,0.8191079139709472,6.104137941082864,0.670754950484022,26.83019801936088,0.0
1786016707.4722111,2.6093804836273193,-15.418217658996582,-108.99961853027344,3.4701104164123535,1.456520915031433,5.8187689781188965,3.4701104164123535,1.1573777675628665,5.998293557057943,0.8442266702747498,33.76906681099,0.0
1786016707.5222228,3.147317886352539,-16.088655471801758,-110.70182800292969,3.3587112426757812,1.6674704551696777,5.826748371124268,3.3587112426757812,0.9454129219055178,6.060648009847056,0.7355267494248274,29.421069976993095,0.0
1786016707.572213,3.014131784439087,-15.466608047485352,-111.02403259277344,3.3456289768218994,1.656589150428772,5.79914665222168,3.3456289768218994,1.0256377696990966,6.031118429221253,0.7766676970112781,31.066707880451126,0.0
1786016707.622208,3.086723566055298,-15.445094108581543,-111.29499053955078,3.4179954528808594,1.7868163585662842,5.793972969055176,3.4179954528808594,1.101231336593628,6.063236385411847,0.8154336287520634,32.617345150082535,0.0
1786016707.672231,4.044544696807861,-16.042030334472656,-112.42794799804688,3.201133966445923,2.001678943634033,5.7983598709106445,3.201133966445923,0.7948294162750247,6.1341418133244,0.6583044388450874,26.332177553803497,0.0
1786016707.722236,3.5680158138275146,-15.420482635498047,-112.56040954589844,3.2671313285827637,1.9524567127227783,5.845348358154297,3.2671313285827637,0.9540589332580569,6.162806555720646,0.7399606014004886,29.598424056019542,0.0
1786016707.7722316,2.845989942550659,-16.268163681030273,-111.89334106445312,3.2807624340057373,1.8717442750930786,5.917118549346924,3.2807624340057373,0.8405378818511964,6.206103331267467,0.6817446776020986,27.269787104083942,0.0
1786016707.8222418,2.8599066734313965,-16.21941566467285,-111.55216217041016,3.140793561935425,1.9842190742492676,5.935141563415527,3.140793561935425,0.7078812122344971,6.258037289150419,0.6137156162602014,24.54862465040806,0.0
1786016707.8722332,2.3227198123931885,-15.611392974853516,-111.67548370361328,3.0770058631896973,1.902139663696289,5.954315662384033,3.0770058631896973,0.7352969169616701,6.250760778298786,0.627774952017726,25.11099808070904,0.0
1786016707.9222364,2.302764892578125,-16.753660202026367,-111.65248107910156,2.9021780490875244,1.9333581924438477,6.046396255493164,2.9021780490875244,0.3891290187835694,6.3479746044491625,0.4502529529520334,18.010118118081337,0.0
1786016707.972267,-0.5070151090621948,-12.60091781616211,-108.25908660888672,2.2083070278167725,1.246349811553955,5.594568252563477,2.2083070278167725,0.31816935539245605,5.731717175973683,0.41386338198223166,16.554535279289265,0.0
1786016708.0222368,0.2937258183956146,-11.223264694213867,-109.18230438232422,1.6270087957382202,1.4228529930114746,4.818437099456787,1.6270087957382202,-0.056480908393859774,5.02412646349027,0.22173504157899282,8.869401663159714,0.0
1786016708.0722258,2.541855573654175,-11.72961139678955,-111.91280364990234,1.5918737649917603,1.9041041135787964,4.194946765899658,1.5918737649917603,-0.16756794452667223,4.60686344968892,0.1647673307416531,6.590693229666123,0.0
1786016708.1222498,5.691572189331055,-13.335073471069336,-114.08692932128906,1.72335684299469,2.8568577766418457,3.8496618270874023,1.72335684299469,-0.2769041776657102,4.793905770756545,0.1086974675934285,4.34789870373714,0.0
1786016708.1722515,8.006218910217285,-14.041393280029297,-115.4400405883789,1.8647289276123047,3.534011125564575,3.819427013397217,1.8647289276123047,-0.24148006439208958,5.203581203967377,0.12686367952861854,5.074547181144742,0.0
1786016708.2222836,8.870207786560059,-16.015487670898438,-114.5577621459961,1.9194010496139526,3.865225076675415,4.009027481079102,1.9194010496139526,-0.4829221010208129,5.568865794522967,0.0030472504882476117,0.12189001952990447,0.0
1786016708.272951,9.6947021484375,-16.89961814880371,-116.29534149169922,1.8739045858383179,4.184425354003906,4.227652549743652,1.8739045858383179,-0.6610381364822389,5.948315864560718,-0.037012254876586215,0.0,1.4804901950634486
1786016708.321281,9.807579040527344,-18.326566696166992,-116.77923583984375,1.805341362953186,4.3665690422058105,4.770946025848389,1.805341362953186,-0.9436436414718625,6.467522801035084,-0.18193815487126502,0.0,7.277526194850601
1786016708.3712842,10.515812873840332,-19.388744354248047,-116.58707427978516,1.7268288135528564,4.546323776245117,5.319718837738037,1.7268288135528564,-1.1814828395843504,6.997747379767048,-0.30390697441613057,0.0,12.156278976645222
1786016708.4213598,10.280000686645508,-19.774173736572266,-115.51551818847656,1.7148563861846924,4.579705715179443,5.835883617401123,1.7148563861846924,-1.2512696743011475,7.418304525529946,-0.33969509478371884,0.0,13.587803791348755
1786016708.471281,9.876803398132324,-20.32049560546875,-113.14739990234375,1.6616082191467285,4.489283561706543,6.343987941741943,1.6616082191467285,-1.386466121673584,7.771734034459476,-0.40902660625676324,0.0,16.36106425027053
1786016708.5212665,10.676904678344727,-20.393184661865234,-111.71326446533203,1.5183950662612915,4.634338855743408,6.64426326751709,1.5183950662612915,-1.5405826330184937,8.100822859310652,-0.4880607146387682,0.0,19.522428585550728
1786016708.5715768,10.258625984191895,-20.60039710998535,-110.4161148071289,1.4965823888778687,4.697175025939941,6.744110107421875,1.4965823888778687,-1.593477177619934,8.218666215715528,-0.5151861221266862,0.0,20.60744488506745
1786016708.6212745,10.930581092834473,-21.245004653930664,-110.27706909179688,1.4301356077194214,4.908499240875244,6.861448764801025,1.4301356077194214,-1.756615090370178,8.436399940120333,-0.5988465902037345,0.0,23.953863608149383
1786016708.6712706,11.897839546203613,-21.965091705322266,-110.05391693115234,1.4714395999908447,5.1217451095581055,6.915460109710693,1.4714395999908447,-1.8233241558074949,8.605571538037564,-0.6330563673510765,0.0,25.32225469404306
1786016708.7212806,12.884448051452637,-22.159666061401367,-109.39669799804688,1.4950330257415771,5.469134330749512,6.999966144561768,1.4950330257415771,-1.828916883468628,8.88318390853155,-0.6359244328183242,0.0,25.43697731273297
1786016708.7712803,13.92080307006836,-22.92293930053711,-107.86234283447266,1.4496876001358032,5.817760467529297,7.162974834442139,1.4496876001358032,-1.9887532949447633,9.227922048673692,-0.7178918233189064,0.0,28.715672932756256
1786016708.8212674,14.092040061950684,-23.79265785217285,-107.8697738647461,1.4352103471755981,5.990625381469727,7.409750461578369,1.4352103471755981,-2.1336883306503296,9.528483319184128,-0.7922174826550943,0.0,31.688699306203773
1786016708.8712716,14.935691833496094,-23.39725112915039,-107.37254333496094,1.3210991621017456,6.135812759399414,7.6951704025268555,1.3210991621017456,-2.188488507270813,9.84194318934701,-0.8203201373322652,0.0,32.812805493290604
1786016708.92141,15.104833602905273,-24.450864791870117,-106.91619110107422,1.157942533493042,6.142678260803223,7.985945701599121,1.157942533493042,-2.5096871852874756,10.075109178794738,-0.9850374081100409,0.0,39.401496324401634
1786016708.9712825,14.77790641784668,-24.773418426513672,-106.35546112060547,1.1161755323410034,6.219075679779053,8.183517456054688,1.1161755323410034,-2.599837231636047,10.278465851690664,-1.0,0.0,40.0
1786016709.0214956,14.326539993286133,-25.80497932434082,-106.81826782226562,0.9756122827529907,6.0643229484558105,8.3440580368042,0.9756122827529907,-2.895134615898132,10.315004476233858,-1.0,0.0,40.0
1786016709.0712998,14.48876667022705,-26.4498291015625,-106.74588012695312,0.9331830739974976,6.136192321777344,8.405770301818848,0.9331830739974976,-3.0342912912368774,10.407200900183437,-1.0,0.0,40.0
1786016709.1212847,13.338322639465332,-26.982341766357422,-106.40699005126953,0.9385114908218384,5.8917765617370605,8.518165588378906,0.9385114908218384,-3.1088397741317744,10.357228202780739,-1.0,0.0,40.0
1786016709.1713035,12.904339790344238,-27.199995040893555,-105.9793930053711,0.8241811990737915,5.752812385559082,8.629767417907715,0.8241811990737915,-3.2558180570602415,10.371486683722038,-1.0,0.0,40.0
1786016709.2215865,13.11828327178955,-27.200336456298828,-105.23369598388672,0.6609758138656616,5.898934841156006,8.769866943359375,0.6609758138656616,-3.4190746545791626,10.569200464767036,-1.0,0.0,40.0
1786016709.271298,12.856465339660645,-27.43478012084961,-105.5201187133789,0.7138621807098389,5.810975074768066,8.833714485168457,0.7138621807098389,-3.4013548374176024,10.573643786559614,-1.0,0.0,40.0
1786016709.3212638,11.535183906555176,-27.77025604248047,-104.66478729248047,0.7540607452392578,5.592817783355713,8.934733390808105,0.7540607452392578,-3.411477661132812,10.540828787274805,-1.0,0.0,40.0
1786016709.3712742,10.591078758239746,-27.71915626525879,-103.0233154296875,0.7215862274169922,5.4283127784729,8.920940399169922,0.7215862274169922,-3.436287212371826,10.442689175996486,-1.0,0.0,40.0
1786016709.4212625,8.111787796020508,-28.60258674621582,-102.04910278320312,0.8415008783340454,4.915846347808838,8.818419456481934,0.8415008783340454,-3.448887133598327,10.096042146590149,-1.0,0.0,40.0
1786016709.471272,6.399074077606201,-29.074180603027344,-100.41693115234375,1.016824722290039,4.637414932250977,8.76433277130127,1.016824722290039,-3.3443023681640627,9.915601150710415,-1.0,0.0,40.0
1786016709.5213084,5.637248992919922,-29.094491958618164,-100.06448364257812,1.1147242784500122,4.52671480178833,8.763331413269043,1.1147242784500122,-3.249449515342712,9.863423561599571,-1.0,0.0,40.0
1786016709.5712712,5.671241760253906,-29.72019386291504,-100.1501693725586,1.220070719718933,4.580114364624023,8.910573959350586,1.220070719718933,-3.2379583597183226,10.018771176052086,-1.0,0.0,40.0
1786016709.6212819,5.627585411071777,-29.07230567932129,-100.64494323730469,1.1374526023864746,4.65173864364624,9.012330055236816,1.1374526023864746,-3.2233932495117186,10.142029650583586,-1.0,0.0,40.0
1786016709.6712766,-0.6753682494163513,-22.17648696899414,-95.85293579101562,-0.013625445775687695,2.730656862258911,8.613602638244629,-0.013625445775687695,-3.3400984911248086,9.03607421997941,-1.0,0.0,40.0
1786016709.7213054,-2.7691383361816406,-20.189231872558594,-97.82193756103516,-0.7328470349311829,2.2145092487335205,7.622212886810303,-0.7328470349311829,-3.761231815814972,7.937391290882878,-1.0,0.0,40.0
1786016709.7712686,-3.7874927520751953,-16.434106826782227,-98.64177703857422,-0.8315663933753967,1.9659488201141357,6.5005950927734375,-0.8315663933753967,-3.2966824173927307,6.791368884363318,-1.0,0.0,40.0
1786016709.8212821,-4.311668872833252,-17.0540828704834,-100.01716613769531,-0.3524622321128845,2.0219955444335938,5.485014915466309,-0.3524622321128845,-2.910574662685394,5.845840795351613,-1.0,0.0,40.0
1786016709.8712797,-4.15099573135376,-17.534618377685547,-102.3066635131836,-0.20312024652957916,2.1127071380615234,5.016450881958008,-0.20312024652957916,-2.833313003182411,5.443189405331528,-1.0,0.0,40.0
1786016709.921279,-4.1228928565979,-16.509235382080078,-104.50709533691406,-0.0382051095366478,2.1058855056762695,4.809874057769775,-0.0382051095366478,-2.5145904168486592,5.25068016685687,-0.9875518858337249,0.0,39.50207543334899
1786016709.9712706,-3.5783023834228516,-16.544553756713867,-104.65055847167969,0.05350233241915703,2.1179542541503906,4.795294761657715,0.05350233241915703,-2.428180731087923,5.242192487295336,-0.9432392264692446,0.0,37.72956905876978
1786016710.0212626,-3.6854052543640137,-15.999822616577148,-105.71766662597656,0.18503667414188385,2.152573823928833,4.818270683288574,0.18503667414188385,-2.2149367183446884,5.2772442093295,-0.8338833224983552,0.0,33.355332899934204
1786016710.071267,-3.249488353729248,-16.620344161987305,-106.62300109863281,0.3913296163082123,2.2027089595794678,4.971214294433594,0.3913296163082123,-2.1017220079898835,5.437361338166938,-0.7758244966753783,0.0,31.032979867015133
1786016710.1212673,-3.099339723587036,-15.665785789489746,-107.1711196899414,0.4001377522945404,2.181225299835205,4.972611427307129,0.4001377522945404,-1.9497301161289213,5.429973132127508,-0.6978799367466798,0.0,27.91519746986719
1786016710.1712763,-3.0452301502227783,-15.045947074890137,-106.74677276611328,0.6380681991577148,2.169821262359619,5.089311122894287,0.6380681991577148,-1.6188238620758058,5.532559264590249,-0.5281844218476461,0.0,21.127376873905845
1786016710.2212806,-3.4857635498046875,-15.755906105041504,-106.53546142578125,0.7962721586227417,2.1081771850585938,5.146563529968262,0.7962721586227417,-1.5671137571334839,5.561611925656171,-0.5016664193131221,0.0,20.066656772524883
1786016710.2712681,-3.6250038146972656,-14.355599403381348,-106.735107421875,0.8753219246864319,2.0147910118103027,5.184423923492432,0.8753219246864319,-1.27801798582077,5.56216093256499,-0.3534121776142945,0.0,14.13648710457178
1786016710.3212807,-3.944885730743408,-14.539458274841309,-106.44557189941406,1.0467171669006348,1.9903554916381836,5.212736129760742,1.0467171669006348,-1.1342015743255613,5.579796854869116,-0.2796601717193157,0.0,11.186406868772627
1786016710.371872,-3.907193183898926,-14.403236389160156,-106.758544921875,1.0860862731933594,1.9855159521102905,5.313128471374512,1.0860862731933594,-1.0743991851806638,5.672002093565807,-0.24899227985013747,0.0,9.959691194005499
1786016710.4212904,-4.063608169555664,-13.908743858337402,-106.75283813476562,1.200400948524475,1.9523718357086182,5.22877836227417,1.200400948524475,-0.8859106302261353,5.5813868300499285,-0.15233148243755873,0.0,6.09325929750235
1786016710.4712863,-3.9248342514038086,-13.760193824768066,-106.572021484375,1.2800253629684448,1.9423494338989258,5.332210540771484,1.2800253629684448,-0.7840037107467652,5.674961724494889,-0.10007152373018949,0.0,4.002860949207579
1786016710.5212703,-4.1797709465026855,-13.338691711425781,-106.60148620605469,1.3640977144241333,1.9128167629241943,5.330338001251221,1.3640977144241333,-0.6367060422897337,5.663159116262464,-0.0245342578547887,0.0,0.981370314191548
1786016710.571315,-4.357217788696289,-10.020180702209473,-106.57779693603516,0.9322714805603027,1.706214427947998,5.0909247398376465,0.9322714805603027,-0.5707556247711181,5.369234804032034,-0.0,0.0,0.0
1786016710.6213136,-5.2155866622924805,-9.46109676361084,-105.60844421386719,0.44690337777137756,1.55068838596344,4.464755535125732,0.44690337777137756,-0.9722611367702483,4.726380904962883,-0.19661379348582184,0.0,7.864551739432874
1786016710.6712515,-3.284247875213623,-8.2571382522583,-107.22711181640625,0.21342028677463531,1.8748364448547363,3.783116102218628,0.21342028677463531,-1.0251504510641098,4.2222007457985,-0.2237365187647252,0.0,8.949460750589008
1786016710.7212753,-1.0642824172973633,-8.146398544311523,-110.31858825683594,0.1550721675157547,2.4012889862060547,3.2652790546417236,0.1550721675157547,-1.0668876141309738,4.053176050945289,-0.24514019213234772,0.0,9.805607685293909
1786016710.7712774,0.8446061611175537,-9.059687614440918,-111.29608917236328,0.22586725652217865,2.8200523853302,2.8571248054504395,0.22586725652217865,-1.133085885643959,4.0144560789634705,-0.2790880236774683,0.0,11.163520947098732
1786016710.8212814,2.579785108566284,-9.49350357055664,-113.60235595703125,0.29550623893737793,3.2547404766082764,2.702665090560913,0.29550623893737793,-1.1285192966461182,4.230571375335594,-0.27674618316575506,0.0,11.069847326630203
1786016710.8712869,4.191969871520996,-10.493544578552246,-115.16277313232422,0.4409045875072479,3.597276449203491,2.5980727672576904,0.4409045875072479,-1.1331270992755889,4.437384359728162,-0.27910915887317594,0.0,11.164366354927038
1786016710.92131,5.839911937713623,-11.86397647857666,-117.41202545166016,0.5851165056228638,4.047634124755859,2.674962043762207,0.5851165056228638,-1.1944799661636352,4.851676405476422,-0.31057216753371253,0.0,12.422886701348501
1786016710.971277,7.031766891479492,-12.469366073608398,-117.43528747558594,0.7612923383712769,4.411867141723633,2.820103883743286,0.7612923383712769,-1.1091125726699829,5.236177765443475,-0.26679401702414723,0.0,10.671760680965889
1786016711.0212812,7.785445213317871,-14.219459533691406,-116.97383880615234,1.037238359451294,4.7479729652404785,3.0135605335235596,1.037238359451294,-1.095680570602417,5.62359265664444,-0.25990581083565195,0.0,10.396232433426079
1786016711.0712688,6.9599714279174805,-16.001893997192383,-116.73663330078125,1.3745640516281128,4.752964496612549,3.4154086112976074,1.3745640516281128,-1.0257200479507445,5.85283585009739,-0.22402861973223012,0.0,8.961144789289206
1786016711.1212823,6.821581840515137,-18.05280303955078,-116.25967407226562,1.5832184553146362,4.926016330718994,3.791630744934082,1.5832184553146362,-1.1247020006179809,6.216277068828223,-0.274788595459018,0.0,10.991543818360721
1786016711.1712775,6.0154643058776855,-19.85780906677246,-115.9282455444336,1.9215577840805054,4.87387228012085,4.12537956237793,1.9215577840805054,-1.0571135759353636,6.385404257885003,-0.2401278648525476,0.0,9.605114594101904
1786016711.22128,5.536459922790527,-21.695186614990234,-115.57843017578125,2.2768795490264893,4.935263633728027,4.469607830047607,2.2768795490264893,-0.9773984432220457,6.658394798209344,-0.19924830961494872,0.0,7.969932384597948
1786016711.2712684,5.125790119171143,-23.847841262817383,-115.1317138671875,2.5849130153656006,5.043280124664307,4.586027145385742,2.5849130153656006,-0.9922631740570069,6.816620819295212,-0.20687124850467242,0.0,8.274849940186897
1786016711.3212688,4.0757598876953125,-25.144737243652344,-113.18386840820312,3.0278544425964355,5.090597152709961,4.507605075836182,3.0278544425964355,-0.7438561439514157,6.79946195598467,-0.07948302793770258,0.0,3.179321117508103
1786016711.3713078,2.7568540573120117,-27.46123695373535,-111.57701873779297,3.459500789642334,4.998437881469727,4.366481304168701,3.459500789642334,-0.6596847534179684,6.637058100888252,-0.036318212279524434,0.0,1.4527284911809772
1786016711.4230506,1.804850697517395,-29.45701026916504,-111.62403869628906,3.9472827911376953,5.095888137817383,4.265887260437012,3.9472827911376953,-0.4712687492370602,6.645740743657302,0.009023328326069514,0.3609331330427806,0.0
1786016711.4727457,0.7452779412269592,-31.481082916259766,-111.04533386230469,4.544216632843018,5.0671844482421875,4.348109245300293,4.544216632843018,-0.17794580459594744,6.677006233453236,0.15944535121894785,6.377814048757914,0.0
1786016711.5223944,-0.19327586889266968,-33.43879699707031,-110.02490234375,5.111729145050049,5.217459678649902,4.622363567352295,5.111729145050049,0.09590959548950195,6.970518664139949,0.2998840179294347,11.995360717177387,0.0
1786016711.5725162,-1.593273639678955,-34.98346710205078,-106.66764068603516,5.803661823272705,5.0439229011535645,4.906984329223633,5.803661823272705,0.5561417579650882,7.0370202102898425,0.5359005115066584,21.436020460266334,0.0
1786016711.6224568,-3.159252882003784,-37.270267486572266,-104.42754364013672,6.49775505065918,4.993999004364014,5.1947712898254395,6.49775505065918,0.9072149276733397,7.205947183346782,0.7159380344339669,28.637521377358674,0.0
1786016711.6726072,-4.019715785980225,-37.74995803833008,-103.40931701660156,7.067655563354492,4.981123924255371,5.493686199188232,7.067655563354492,1.4051618576049805,7.415671487056346,0.9712954343989109,38.851817375956436,0.0
1786016711.7224605,-5.548365592956543,-39.200138092041016,-101.07109832763672,8.05417537689209,5.1032185554504395,5.891280174255371,8.05417537689209,2.174154663085938,7.794230027159069,1.0,40.0,0.0
1786016711.7713995,-6.278111934661865,-40.42644119262695,-100.46837615966797,8.749664306640625,5.121390342712402,6.257460594177246,8.749664306640625,2.6856981277465826,8.086065305827606,1.0,40.0,0.0
1786016711.8212886,-7.602077007293701,-41.41805648803711,-98.24186706542969,9.382338523864746,4.868731498718262,6.600064754486084,9.382338523864746,3.1696300506591797,8.20154870558121,1.0,40.0,0.0
1786016711.8712714,-29.256851196289062,-7.140571117401123,-96.60407257080078,10.334331512451172,5.2354021072387695,6.762702941894531,10.334331512451172,9.263245844841004,8.552402370374601,1.0,40.0,0.0
1786016711.9212701,-45.158164978027344,17.46089744567871,-95.8423843383789,11.006332397460938,5.460136890411377,6.90348482131958,11.006332397460938,13.625467014312743,8.801772409022007,1.0,40.0,0.0
1786016711.9712787,-56.355445861816406,34.7943115234375,-94.98055267333984,11.425445556640625,5.585287094116211,7.052952289581299,11.425445556640625,16.64459228515625,8.996642035938253,1.0,40.0,0.0
1786016712.02128,-67.9855728149414,52.76233673095703,-94.90437316894531,11.853763580322266,5.7461371421813965,7.200376510620117,11.853763580322266,19.76811408996582,9.212139488275595,1.0,40.0,0.0
1786016712.0712776,-82.14027404785156,76.64797973632812,-94.79142761230469,12.389095306396484,6.187180042266846,7.316857814788818,12.389095306396484,23.8862922668457,9.58215034098617,1.0,40.0,0.0
1786016712.1212869,-90.98369598388672,89.60751342773438,-94.64617156982422,12.713859558105469,6.2744317054748535,7.428671360015869,12.713859558105469,26.154986572265624,9.723870186391224,1.0,40.0,0.0
1786016712.1712759,-95.88792419433594,98.46101379394531,-95.81887817382812,12.871200561523438,6.404342174530029,7.509194374084473,12.871200561523438,27.640352630615233,9.869326159178545,1.0,40.0,0.0
1786016712.221279,-104.50474548339844,109.05052947998047,-94.49473571777344,13.334811210632324,6.3185811042785645,7.540580749511719,13.334811210632324,29.692390632629394,9.837927892155585,1.0,40.0,0.0
1786016712.2712846,-112.1376953125,124.06414794921875,-96.74889373779297,13.666045188903809,6.908308029174805,7.48196268081665,13.666045188903809,32.275667381286624,10.183539923970159,1.0,40.0,0.0
1786016712.3212652,-106.99089050292969,113.35895538330078,-96.0131607055664,13.465317726135254,6.392940044403076,7.539386749267578,13.465317726135254,30.46916103363037,9.884939805904937,1.0,40.0,0.0
1786016712.3712873,-114.72602081298828,124.30968475341797,-95.13507080078125,13.979461669921875,6.56080961227417,7.435056209564209,13.979461669921875,32.62591438293457,9.915860205140472,1.0,40.0,0.0
1786016712.4212692,-115.50821685791016,124.94050598144531,-96.3698959350586,14.03483772277832,6.747492790222168,7.346797466278076,14.03483772277832,32.775913619995116,9.975173781173444,1.0,40.0,0.0
1786016712.471288,-110.66496276855469,115.2806396484375,-95.30951690673828,13.924148559570312,6.3494648933410645,7.321773052215576,13.924148559570312,31.216244506835938,9.691442878122992,1.0,40.0,0.0
1786016712.5212662,-109.49247741699219,112.1241683959961,-96.2411117553711,14.049347877502441,6.438790321350098,7.122215747833252,14.049347877502441,30.867973136901856,9.60124877091494,1.0,40.0,0.0
1786016712.571278,-107.0974349975586,107.96179962158203,-96.45755767822266,14.074188232421875,6.286390781402588,7.050384044647217,14.074188232421875,30.26845817565918,9.445984556070346,1.0,40.0,0.0
1786016712.6214378,-102.05570983886719,98.9590835571289,-96.92261505126953,13.836612701416016,6.311985969543457,6.96050500869751,13.836612701416016,28.68047523498535,9.396265048188912,1.0,40.0,0.0
1786016712.6712744,-102.83296203613281,98.61031341552734,-97.26744079589844,14.006831169128418,6.33196496963501,6.837152004241943,14.006831169128418,28.79837818145752,9.31882116502911,1.0,40.0,0.0
1786016712.7212934,-95.95146179199219,86.72148132324219,-96.41587829589844,13.74972152709961,6.108444690704346,6.7761735916137695,13.74972152709961,26.75794372558594,9.123027188553039,1.0,40.0,0.0
1786016712.7712862,-97.01693725585938,87.7363510131836,-96.45933532714844,13.895845413208008,6.06035852432251,6.727170944213867,13.895845413208008,27.056298065185544,9.05443396110457,1.0,40.0,0.0
1786016712.8213155,-97.75471496582031,88.8172836303711,-98.19440460205078,13.924966812133789,6.212584495544434,6.679098606109619,13.924966812133789,27.24755935668945,9.12176322343518,1.0,40.0,0.0
1786016712.8712733,-95.46595001220703,84.75701141357422,-97.6964111328125,13.866934776306152,6.046006202697754,6.673295497894287,13.866934776306152,26.580486488342284,9.004835579025077,1.0,40.0,0.0
1786016712.9212852,-97.18523406982422,86.39401245117188,-99.12492370605469,14.044095039367676,6.0960540771484375,6.585377216339111,14.044095039367676,27.003196907043456,8.973798994461395,1.0,40.0,0.0
1786016712.971268,-96.53314971923828,83.99642944335938,-100.10240936279297,14.006972312927246,5.99758243560791,6.592118740081787,14.006972312927246,26.606436729431152,8.912184050795293,1.0,40.0,0.0
1786016713.021285,-101.95750427246094,91.64842987060547,-99.93193817138672,14.28102970123291,6.261902332305908,6.52146577835083,14.28102970123291,28.028294181823732,9.041069445454955,1.0,40.0,0.0
1786016713.0712771,-104.12640380859375,95.12684631347656,-99.11387634277344,14.356322288513184,6.1967973709106445,6.591490268707275,14.356322288513184,28.625349235534667,9.046990749336919,1.0,40.0,0.0
1786016713.1212645,-113.2803726196289,109.2928237915039,-98.12122344970703,14.720311164855957,6.444588661193848,6.642642021179199,14.720311164855957,31.114234733581544,9.255129174329442,1.0,40.0,0.0
1786016713.171275,-126.17542266845703,127.02760314941406,-97.16913604736328,15.34251594543457,6.362298965454102,6.7600860595703125,15.34251594543457,34.39665641784668,9.283189735140352,1.0,40.0,0.0
1786016713.2212732,-136.2593231201172,143.3481903076172,-96.43689727783203,15.633818626403809,6.710714817047119,6.877715110778809,15.633818626403809,37.136047172546384,9.609196558545928,1.0,40.0,0.0
1786016713.2712777,-148.32806396484375,158.38458251953125,-94.66770935058594,16.248577117919922,6.5103254318237305,6.980771541595459,16.248577117919922,40.00626449584961,9.545444386941861,1.0,40.0,0.0
1786016713.3213005,-150.51461791992188,161.1339569091797,-94.78489685058594,16.233213424682617,6.278806209564209,7.1628875732421875,16.233213424682617,40.40330696105957,9.525248857860324,1.0,40.0,0.0
1786016713.3713515,-161.7255401611328,176.98597717285156,-93.81262969970703,16.741527557373047,6.5199971199035645,7.175611972808838,16.741527557373047,43.289424133300784,9.695347834289821,1.0,40.0,0.0
1786016713.4212794,-162.6039276123047,177.3251953125,-92.93284606933594,16.736331939697266,6.322571754455566,7.272688865661621,16.736331939697266,43.33511123657226,9.636748254829419,1.0,40.0,0.0
1786016713.4712863,-165.29347229003906,181.12771606445312,-94.33092498779297,16.85553741455078,6.28676176071167,7.313820838928223,16.85553741455078,44.02469482421875,9.644446521179285,1.0,40.0,0.0
1786016713.5213075,-163.44383239746094,178.66119384765625,-94.85308837890625,16.69056510925293,6.3262786865234375,7.340137958526611,16.69056510925293,43.48974418640137,9.69017168422541,1.0,40.0,0.0
1786016713.5712843,-159.59188842773438,169.7064208984375,-93.17137908935547,16.548444747924805,5.853943824768066,7.391580104827881,16.548444747924805,42.00440788269043,9.428897854448712,1.0,40.0,0.0
1786016713.6212692,-20.42561912536621,-30.06551170349121,-98.17460632324219,8.649571418762207,2.2047860622406006,8.397770881652832,8.649571418762207,4.139744663238526,8.682375099072061,1.0,40.0,0.0
1786016713.671554,-16.572206497192383,-23.572269439697266,-103.90695190429688,7.354421138763428,2.739330530166626,7.468509674072266,7.354421138763428,3.818580722808838,7.9550341611594595,1.0,40.0,0.0
1786016713.7212756,-14.855379104614258,-17.652488708496094,-107.01200866699219,5.810756683349609,2.2910375595092773,6.055504322052002,5.810756683349609,3.1628833770751954,6.474410065285694,1.0,40.0,0.0
1786016713.771271,-14.35580825805664,-18.981159210205078,-104.4790267944336,5.798539638519287,2.172349214553833,4.988184928894043,5.798539638519287,2.9513657569885257,5.440688375088057,1.0,40.0,0.0
1786016713.8213627,-14.710606575012207,-19.845653533935547,-103.78022003173828,5.944835662841797,2.018582582473755,4.586442470550537,5.944835662841797,2.967987632751465,5.011000915778816,1.0,40.0,0.0
1786016713.8712747,-14.438363075256348,-19.30683135986328,-103.36803436279297,5.889726161956787,1.9890692234039307,4.409128189086914,5.889726161956787,2.993701457977295,4.837024680864629,1.0,40.0,0.0
1786016713.9212732,-14.129154205322266,-19.088266372680664,-104.26641082763672,5.727088928222656,2.019603967666626,4.4644365310668945,5.727088928222656,2.863848972320557,4.899999359810099,1.0,40.0,0.0
1786016713.9712732,-14.401926040649414,-18.605249404907227,-102.67699432373047,5.651701927185059,1.8713018894195557,4.542262077331543,5.651701927185059,2.860914516448975,4.912628170390007,1.0,40.0,0.0
1786016714.0212672,-14.451133728027344,-19.395296096801758,-102.0055923461914,5.796965599060059,1.9585083723068237,4.72613525390625,5.796965599060059,2.887671184539795,5.115868399657229,1.0,40.0,0.0
1786016714.0712771,-13.982725143432617,-18.51548194885254,-104.1499252319336,5.635989189147949,1.9607512950897217,4.783307075500488,5.635989189147949,2.8586668968200684,5.169581435641483,1.0,40.0,0.0
1786016714.1212926,-13.956995964050293,-18.135385513305664,-103.31077575683594,5.568078994750977,1.9289615154266357,4.899423599243164,5.568078994750977,2.847771167755127,5.265476629215808,1.0,40.0,0.0
1786016714.1712656,-13.734174728393555,-19.377099990844727,-103.52313232421875,5.731124401092529,1.9067347049713135,5.018774032592773,5.731124401092529,2.8245594024658205,5.368773605337589,1.0,40.0,0.0
1786016714.2212744,-13.259194374084473,-18.395593643188477,-105.25928497314453,5.595017433166504,1.829373836517334,5.0085225105285645,5.595017433166504,2.8356783866882327,5.332157759500886,1.0,40.0,0.0
1786016714.2712886,-12.580984115600586,-18.197450637817383,-105.29937744140625,5.536192417144775,1.75999915599823,5.051955699920654,5.536192417144775,2.806574821472168,5.349752650644258,1.0,40.0,0.0
1786016714.3212743,-12.133196830749512,-18.30021095275879,-106.35685729980469,5.556604385375977,1.8535075187683105,5.101428031921387,5.556604385375977,2.8115727424621584,5.427712049013283,1.0,40.0,0.0
1786016714.3712778,-12.136545181274414,-17.821327209472656,-105.43810272216797,5.4620361328125,1.5119225978851318,4.996157169342041,5.4620361328125,2.7888370513916017,5.21991344782302,1.0,40.0,0.0
1786016714.421271,-10.807890892028809,-13.713590621948242,-107.97030639648438,4.684630393981934,1.5422241687774658,4.955761432647705,4.684630393981934,2.6275918006896974,5.190185619424394,1.0,40.0,0.0
1786016714.471348,-10.996981620788574,-10.41793441772461,-108.7677230834961,3.549152374267578,1.191673994064331,4.088350296020508,3.549152374267578,1.9864622116088868,4.25848506526678,1.0,40.0,0.0
1786016714.5212808,-11.251749992370605,-9.351210594177246,-108.91458892822266,3.0662152767181396,1.013414740562439,3.092611312866211,3.0662152767181396,1.6635336875915527,3.2544207117177253,1.0,40.0,0.0
1786016714.5712633,-11.747817993164062,-9.124931335449219,-108.97239685058594,2.9057822227478027,0.774489164352417,2.246953248977661,2.9057822227478027,1.53704252243042,2.3766851640027067,1.0,40.0,0.0
1786016714.6232443,-11.469992637634277,-9.616586685180664,-110.33805084228516,2.7258732318878174,0.6199660897254944,1.593980073928833,2.7258732318878174,1.2833852291107177,1.7103012683418344,0.9088458813249299,36.3538352529972,0.0
1786016714.6725922,-11.027519226074219,-9.028517723083496,-111.42082977294922,2.438199281692505,0.5564136505126953,1.2040393352508545,2.438199281692505,1.0839216232299804,1.3263886577124306,0.8065568526681416,32.26227410672566,0.0
1786016714.7229812,-11.093135833740234,-9.473066329956055,-111.78530883789062,2.5235402584075928,0.5497626662254333,1.158506155014038,2.5235402584075928,1.1025803089141846,1.282332055428978,0.8161254094292719,32.645016377170876,0.0
1786016714.7727175,-11.739150047302246,-9.11697769165039,-110.07070922851562,2.437922477722168,0.24710142612457275,1.2313424348831177,2.437922477722168,1.0703758239746095,1.255891439072933,0.7996102889474386,31.984411557897545,0.0
1786016714.8229756,-13.790287017822266,-9.59821605682373,-108.52423095703125,2.5103471279144287,-0.19768816232681274,1.4190155267715454,2.5103471279144287,1.0706147193908693,1.432719677656058,0.7997327994173153,31.989311976692612,0.0
1786016714.8728275,-9.742510795593262,-7.34548807144165,-113.56340789794922,1.9535874128341675,0.5177653431892395,1.5914368629455566,1.9535874128341675,0.8517642021179199,1.6735448124713797,0.687501764918367,27.50007059673468,0.0
1786016714.922597,-9.316174507141113,-5.6382927894592285,-114.46363830566406,1.4838889837265015,0.5951502323150635,1.3885488510131836,1.4838889837265015,0.6381450653076172,1.5107189383451531,0.5779534896310322,23.118139585241288,0.0
1786016714.972561,-8.822578430175781,-5.8896260261535645,-112.74335479736328,1.504683256149292,0.6692749857902527,1.2055294513702393,1.504683256149292,0.6212393522262574,1.3788510669124396,0.5692838931790529,22.771355727162117,0.0
1786016715.022573,-9.105728149414062,-6.357143402099609,-112.71039581298828,1.5436041355133057,0.6306535005569458,1.1656639575958252,1.5436041355133057,0.5900326251983643,1.3253287515943701,0.553280443421159,22.13121773684636,0.0
1786016715.072596,-8.114391326904297,-5.581203460693359,-114.5631332397461,1.4296575784683228,0.7801938056945801,1.1885747909545898,1.4296575784683228,0.5924770593643188,1.4217638369774845,0.5545339994036997,22.181359976147988,0.0
1786016715.1225739,-8.657346725463867,-6.025358200073242,-115.1349868774414,1.4479990005493164,0.681840181350708,1.1635894775390625,1.4479990005493164,0.5441952705383302,1.3486461749265426,0.5297741076980645,21.19096430792258,0.0
1786016715.1725821,-7.959899425506592,-6.018733501434326,-115.37444305419922,1.4488035440444946,0.7702571153640747,1.1803923845291138,1.4488035440444946,0.5459935188293458,1.409475861880335,0.5306962863088417,21.22785145235367,0.0
1786016715.2226098,-8.603089332580566,-5.860854148864746,-114.4214859008789,1.4661134481430054,0.6644513010978699,1.182149052619934,1.4661134481430054,0.5869853258132934,1.3560869861999487,0.5517177257877892,22.068709031511567,0.0
1786016715.2725852,-8.515279769897461,-6.34673547744751,-114.37332916259766,1.5090687274932861,0.6771605014801025,1.2565397024154663,1.5090687274932861,0.5570584058761597,1.4273886536298137,0.53637058735849,21.4548234943396,0.0
1786016715.322603,-8.758069038391113,-6.321207046508789,-113.9802017211914,1.5262808799743652,0.650172770023346,1.3093076944351196,1.5262808799743652,0.578099822998047,1.461851999891521,0.5471610576774065,21.88644230709626,0.0
1786016715.3725784,-8.53868579864502,-6.1528730392456055,-114.33027648925781,1.544671654701233,0.658595621585846,1.3600136041641235,1.544671654701233,0.6217406988143921,1.5110874217872161,0.5695409939934809,22.781639759739235,0.0
1786016715.4226196,-8.739096641540527,-6.678466320037842,-114.3991470336914,1.550510048866272,0.6590384244918823,1.4092401266098022,1.550510048866272,0.5487401008605957,1.5557279258931986,0.532104789914611,21.28419159658444,0.0
1786016715.4726303,-8.49467658996582,-6.4716315269470215,-114.26361846923828,1.5538471937179565,0.6736817955970764,1.421402931213379,1.5538471937179565,0.5831024646759033,1.5729696292620803,0.5497265149481021,21.989060597924084,0.0
1786016715.5226164,-8.61060905456543,-6.630049705505371,-114.41608428955078,1.5671846866607666,0.6685650944709778,1.4439376592636108,1.5671846866607666,0.572677230834961,1.5912055962020317,0.5443802411835162,21.77520964734065,0.0
1786016715.572624,-8.483248710632324,-6.644301891326904,-114.45661163330078,1.571709394454956,0.6845654845237732,1.4669281244277954,1.571709394454956,0.5750641107559205,1.6187983274140476,0.5456042821686237,21.824171286744946,0.0
1786016715.6226678,-8.506675720214844,-6.504127025604248,-114.22590637207031,1.575605869293213,0.6826968193054199,1.4681172370910645,1.575605869293213,0.5999868154525757,1.619087140623888,0.5583851563720367,22.335406254881466,0.0
1786016715.6726253,-8.372419357299805,-6.691978931427002,-114.88544464111328,1.583142638206482,0.7182484269142151,1.4984599351882935,1.583142638206482,0.5793457984924317,1.6617048414592914,0.5478000194693987,21.912000778775948,0.0
1786016715.7227006,-8.236533164978027,-6.592162609100342,-114.7060775756836,1.5875591039657593,0.7328823804855347,1.5065442323684692,1.5875591039657593,0.5987347126007081,1.675348354136788,0.5577430523454379,22.309722093817513,0.0
1786016715.772753,-8.152332305908203,-6.630634784698486,-114.60743713378906,1.581533670425415,0.7369892597198486,1.514062762260437,1.581533670425415,0.5869384527206422,1.6839059406647734,0.5516936883043784,22.067747532175133,0.0
1786016715.822669,-8.225775718688965,-6.802372455596924,-114.7031478881836,1.6044747829437256,0.7556988596916199,1.5329500436782837,1.6044747829437256,0.584118914604187,1.7090981841171287,0.5502477713215809,22.009910852863236,0.0
1786016715.872749,-8.081781387329102,-6.343395709991455,-114.29985809326172,1.4021978378295898,0.717954158782959,1.324933648109436,1.4021978378295898,0.4506884813308716,1.506953000596344,0.48182190810449604,19.27287632417984,0.0
1786016715.9225807,-8.16982364654541,-6.595843315124512,-115.20801544189453,1.3975298404693604,0.7612805962562561,0.8921269178390503,1.3975298404693604,0.40815334320068364,1.1727909377929573,0.46000901675568173,18.40036067022727,0.0
1786016715.972648,-7.31316614151001,-6.824320316314697,-116.42095947265625,1.4777849912643433,0.9069628715515137,0.6937677264213562,1.4777849912643433,0.45413694381713876,1.141882353220692,0.48359035040514586,19.343614016205834,0.0
1786016716.0226417,-6.569408416748047,-8.031309127807617,-117.27665710449219,1.7637704610824585,1.1253397464752197,0.6808017492294312,1.7637704610824585,0.559074091911316,1.3152492413040067,0.5374042725047239,21.496170900188957,0.0
1786016716.0726173,-6.100189685821533,-9.68140983581543,-118.52531433105469,2.1537468433380127,1.2492408752441406,0.8272290825843811,2.1537468433380127,0.7015353679656984,1.4983026127769195,0.610461337147997,24.41845348591988,0.0
1786016716.1226645,-7.3155598640441895,-11.36357307434082,-117.3328857421875,2.5955328941345215,1.1496069431304932,1.0024242401123047,2.5955328941345215,0.8909969329833984,1.525270625449323,0.7076211140801508,28.304844563206032,0.0
1786016716.1726747,-8.202390670776367,-13.025813102722168,-115.28665161132812,3.0092806816101074,1.0948426723480225,1.3633850812911987,3.0092806816101074,1.0554087162017822,1.7485706611634453,0.7919348490639374,31.677393962557495,0.0
1786016716.2235353,-8.872159004211426,-14.251546859741211,-116.18144989013672,3.441150665283203,1.1977521181106567,1.9208495616912842,3.441150665283203,1.3034186363220215,2.2636857500740164,0.919119423484573,36.76477693938292,0.0
1786016716.2726164,-9.823363304138184,-16.237573623657227,-115.8726577758789,4.021088600158691,1.1287999153137207,2.420043468475342,4.021088600158691,1.5854525566101074,2.6703557137809235,1.0,40.0,0.0
1786016716.32129,-10.840376853942871,-18.556795120239258,-115.32434844970703,4.636174201965332,1.2431817054748535,2.934189558029175,4.636174201965332,1.8526549339294434,3.1866862279293846,1.0,40.0,0.0
1786016716.3713183,-11.596749305725098,-21.224992752075195,-115.04934692382812,5.36013650894165,1.2991093397140503,3.4810383319854736,5.36013650894165,2.1763875961303714,3.715550153784024,1.0,40.0,0.0
1786016716.4213114,-13.384730339050293,-23.45697784423828,-113.91668701171875,5.988678455352783,1.1114106178283691,4.028437614440918,5.988678455352783,2.470131778717041,4.178940436864837,1.0,40.0,0.0
1786016716.47131,-14.920164108276367,-26.352832794189453,-113.28240203857422,6.671317100524902,1.0342580080032349,4.628910064697266,6.671317100524902,2.7183921813964846,4.7430473341697175,1.0,40.0,0.0
1786016716.5214896,-15.564729690551758,-28.25986099243164,-114.33389282226562,7.16517448425293,1.2608786821365356,5.176971912384033,7.16517448425293,2.9261953353881838,5.328306788528562,1.0,40.0,0.0
1786016716.571328,-16.10252571105957,-30.168601989746094,-113.8443832397461,7.615816116333008,1.4315268993377686,5.715221881866455,7.615816116333008,3.090525817871094,5.891776508192818,1.0,40.0,0.0
1786016716.6212852,-16.691709518432617,-31.593425750732422,-112.96009826660156,8.098730087280273,1.6569769382476807,6.339592933654785,8.098730087280273,3.35971622467041,6.552557602824285,1.0,40.0,0.0
1786016716.6713605,-16.605159759521484,-33.03436279296875,-113.88006591796875,8.469091415405273,2.0435707569122314,6.92657470703125,8.469091415405273,3.513936996459961,7.221746230005031,1.0,40.0,0.0
1786016716.7212784,-18.02217674255371,-35.2613410949707,-112.41558074951172,9.103572845458984,2.30763840675354,7.542582988739014,9.103572845458984,3.8143716812133794,7.887696315042762,1.0,40.0,0.0
1786016716.7712784,-35.090641021728516,-10.718735694885254,-110.80175018310547,9.996776580810547,2.6613621711730957,7.984633445739746,9.996776580810547,8.38896622657776,8.416485006757688,1.0,40.0,0.0
1786016716.8212826,-60.08612060546875,26.09807586669922,-109.45494842529297,11.054496765136719,2.9692447185516357,8.184338569641113,11.054496765136719,14.969208145141602,8.706308748325085,1.0,40.0,0.0
1786016716.8712811,-83.07508087158203,59.97209930419922,-106.97280883789062,12.174707412719727,3.342100143432617,8.231856346130371,12.174707412719727,21.17052230834961,8.884429766285464,1.0,40.0,0.0
1786016716.9213402,-98.39044189453125,80.991943359375,-104.74010467529297,12.96408748626709,3.54128360748291,8.220942497253418,12.96408748626709,25.11287899017334,8.951233721212649,1.0,40.0,0.0
1786016716.9712915,-110.27596282958984,96.89302062988281,-102.40139770507812,13.607121467590332,3.6901450157165527,8.185199737548828,13.607121467590332,28.141074562072752,8.978566978120012,1.0,40.0,0.0
1786016717.0212462,-120.37267303466797,109.11906433105469,-100.08495330810547,14.241070747375488,3.7991881370544434,8.074644088745117,14.241070747375488,30.608930397033692,8.923772053377522,1.0,40.0,0.0
1786016717.0712888,-125.94672393798828,114.31673431396484,-98.03309631347656,14.62828540802002,3.7563607692718506,7.9957733154296875,14.62828540802002,31.775795555114744,8.834174389305549,1.0,40.0,0.0
1786016717.121294,-133.38140869140625,120.21337127685547,-94.88783264160156,15.280535697937012,3.85689115524292,7.714601516723633,15.280535697937012,33.31254138946533,8.625003533055835,1.0,40.0,0.0
1786016717.1712987,-121.11829376220703,95.95558166503906,-93.51972961425781,15.10690689086914,3.4506285190582275,7.349351406097412,15.10690689086914,29.500244140625,8.119101136631073,1.0,40.0,0.0
1786016717.2212703,-124.73201751708984,99.2275161743164,-91.21424102783203,15.576481819152832,3.737823009490967,7.023644924163818,15.576481819152832,30.46060924530029,7.956312517178563,1.0,40.0,0.0
1786016717.2713873,-117.3288803100586,85.23375701904297,-91.40071868896484,15.393654823303223,3.462268590927124,6.882094383239746,15.393654823303223,28.178718376159665,7.7039293153260795,1.0,40.0,0.0
1786016717.321295,-23.868249893188477,-28.772993087768555,-98.89976501464844,8.732943534851074,1.830590844154358,7.509133815765381,8.732943534851074,4.416994571685791,7.72904609261537,1.0,40.0,0.0
1786016717.3712778,-18.716779708862305,-19.89649772644043,-108.56167602539062,6.719442844390869,1.9397832155227661,6.847427845001221,6.719442844390869,3.7349681854248047,7.1168832374658155,1.0,40.0,0.0
1786016717.4214668,-17.23537826538086,-16.700641632080078,-108.26087188720703,5.658181190490723,1.7436809539794922,5.80679178237915,5.658181190490723,3.153084945678711,6.062941041538905,1.0,40.0,0.0
1786016717.4712772,-17.01511573791504,-18.266233444213867,-107.84771728515625,5.758596897125244,1.8144667148590088,5.020733833312988,5.758596897125244,3.018661880493164,5.338544528643081,1.0,40.0,0.0
1786016717.5213466,-16.908437728881836,-18.37907600402832,-107.31382751464844,5.732083797454834,1.6273105144500732,4.771843433380127,5.732083797454834,2.975222396850586,5.041689127974156,1.0,40.0,0.0
1786016717.5712755,-16.532081604003906,-17.915679931640625,-109.12933349609375,5.710817337036133,1.6095257997512817,4.650738716125488,5.710817337036133,3.0234653472900392,4.921376220706313,1.0,40.0,0.0
1786016717.6212802,-15.988341331481934,-17.281953811645508,-109.7298355102539,5.374361991882324,1.4993939399719238,4.675522327423096,5.374361991882324,2.7820689201354982,4.9100602054818445,1.0,40.0,0.0
1786016717.67127,-15.744566917419434,-17.011247634887695,-109.72238159179688,5.5426025390625,1.5199511051177979,4.698614597320557,5.5426025390625,2.990915393829346,4.938342889685024,1.0,40.0,0.0
1786016717.721288,-15.639924049377441,-17.346376419067383,-109.3749008178711,5.465683937072754,1.4302897453308105,4.741769313812256,5.465683937072754,2.8637274742126464,4.952787597001311,1.0,40.0,0.0
1786016717.7712884,-15.031759262084961,-16.74959945678711,-110.2366714477539,5.406540393829346,1.4429147243499756,4.780519008636475,5.406540393829346,2.8941004753112796,4.993532306261834,1.0,40.0,0.0
1786016717.8213525,-14.076128959655762,-10.86294174194336,-111.43537902832031,3.974468946456909,1.1946653127670288,4.185030460357666,3.974468946456909,2.3450276851654053,4.35220693024243,1.0,40.0,0.0
1786016717.8712878,-12.57641887664795,-8.708930015563965,-112.6186294555664,3.204946756362915,1.1563745737075806,3.4948081970214844,3.204946756362915,1.8986072540283203,3.6811528749409397,1.0,40.0,0.0
1786016717.9212706,-11.543558120727539,-7.779987812042236,-112.67648315429688,2.7592103481292725,1.164312481880188,2.860640525817871,2.7592103481292725,1.592212176322937,3.0885089887215074,1.0,40.0,0.0
1786016717.9727829,-10.731399536132812,-7.674704551696777,-114.77789306640625,2.543619155883789,1.1043590307235718,2.472013235092163,2.543619155883789,1.3924134731292725,2.70748191189,0.9647578013344453,38.590312053377815,0.0
1786016718.0230768,-11.827013969421387,-7.310573101043701,-112.69319152832031,2.4556994438171387,0.7247908711433411,2.4476606845855713,2.4556994438171387,1.3591134786605836,2.5527171080553814,0.947680881094092,37.90723524376368,0.0
1786016718.0730176,-12.851936340332031,-6.721175193786621,-112.0171890258789,2.3939363956451416,0.31563785672187805,2.898967742919922,2.3939363956451416,1.3857601165771485,2.916100346539228,0.9613458236154073,38.453832944616295,0.0
1786016718.1230333,-13.647652626037598,-6.829300403594971,-112.82810974121094,2.369386911392212,-0.03416922688484192,3.694959878921509,2.369386911392212,1.3449918508529664,3.6951178659016493,0.9404390206799292,37.61756082719717,0.0
1786016718.1727307,-13.883852005004883,-7.731839179992676,-110.02357482910156,2.51819109916687,-0.3699091374874115,4.494611740112305,2.51819109916687,1.3584152221679688,4.50980791878679,0.947322800841469,37.89291203365876,0.0
1786016718.2229996,-14.654899597167969,-7.816401481628418,-109.02617645263672,2.394775867462158,-0.7702353596687317,5.196202754974365,2.394775867462158,1.2223156452178956,5.252978734021984,0.8775281459952776,35.101125839811104,0.0
1786016718.2746205,-13.872307777404785,-7.889505386352539,-110.19554138183594,2.367741107940674,-0.800561785697937,5.723229885101318,2.367741107940674,1.184315299987793,5.778949687480997,0.8580407894670199,34.321631578680794,0.0
1786016718.3236682,-14.536198616027832,-9.248226165771484,-109.3725814819336,2.306007146835327,-1.025467872619629,6.042717933654785,2.306007146835327,0.9187732219696045,6.1291128545237425,0.7218653648423078,28.87461459369231,0.0
1786016718.3727663,-15.20177173614502,-10.25500202178955,-108.94318389892578,2.253209114074707,-1.3641393184661865,6.1159491539001465,2.253209114074707,0.7149588108062745,6.266235722766684,0.6173451539893181,24.693806159572723,0.0
1786016718.4227366,-15.49509334564209,-11.316125869750977,-108.94488525390625,2.201646089553833,-1.4284049272537231,6.017824649810791,2.201646089553833,0.5042272090911866,6.185026608841152,0.5092776659302987,20.371106637211945,0.0
1786016718.4727457,-15.62470531463623,-11.44796085357666,-109.4096908569336,2.014103412628174,-1.4792171716690063,5.7794013023376465,2.014103412628174,0.29690928459167476,5.965698857168583,0.4029607815715746,16.118431262862984,0.0
1786016718.5227654,-15.929121017456055,-12.341452598571777,-109.5924072265625,1.91962730884552,-1.4358426332473755,5.581231117248535,1.91962730884552,0.0684094190597535,5.762966671046613,0.28578136335007653,11.431254534003061,0.0
1786016718.572722,-16.134418487548828,-13.087993621826172,-108.34476470947266,1.8935796022415161,-1.5692569017410278,5.426145076751709,1.8935796022415161,-0.06961944103240958,5.648505786278231,0.21499733253358266,8.599893301343307,0.0
1786016718.623129,-17.151824951171875,-13.63046646118164,-107.80860900878906,1.886156439781189,-1.7660318613052368,5.240196228027344,1.886156439781189,-0.15841352939605713,5.529785261958844,0.169461902603507,6.77847610414028,0.0
1786016718.6729467,-18.616647720336914,-15.155008316040039,-106.98440551757812,1.86742103099823,-2.0235893726348877,5.006715297698975,1.86742103099823,-0.4058302164077756,5.400195553982632,0.042581550289805196,1.703262011592208,0.0
1786016718.722747,-18.259008407592773,-15.296004295349121,-107.47239685058594,1.7354084253311157,-1.8445278406143188,4.744694709777832,1.7354084253311157,-0.5589922189712522,5.090619887969939,-0.0,0.0,0.0
1786016718.7712667,-17.878437042236328,-15.34381103515625,-108.44223022460938,1.6690541505813599,-1.7551904916763306,4.322491645812988,1.6690541505813599,-0.6325175046920775,4.6652575159570855,-0.022386289855990622,0.0,0.8954515942396248
1786016718.8212664,-10.586454391479492,-11.641401290893555,-117.79955291748047,1.0681208372116089,-0.2583601772785187,4.068224906921387,1.0681208372116089,-0.6780893564224242,4.07642047322144,-0.0457564702305274,0.0,1.830258809221096
1786016718.8713088,-8.739425659179688,-9.329829216003418,-118.64874267578125,0.5331074595451355,0.06203576922416687,3.4539268016815186,0.5331074595451355,-0.8663669228553772,3.4544838670975375,-0.14230906840127255,0.0,5.692362736050902
1786016718.922334,-8.04481029510498,-8.66231632232666,-116.69851684570312,0.42386436462402344,0.25952714681625366,2.9734883308410645,0.42386436462402344,-0.8754830837249756,2.984792655040307,-0.14698402269337432,0.0,5.879360907734973
1786016718.971274,-8.196638107299805,-8.985735893249512,-118.02409362792969,0.4035058617591858,0.32877421379089355,2.7001142501831055,0.4035058617591858,-0.944354522228241,2.720056883172794,-0.18230270910530527,0.0,7.292108364212211
1786016719.0215304,-6.956366062164307,-8.080338478088379,-118.84589385986328,0.4069173336029053,0.5664789080619812,2.562589406967163,0.4069173336029053,-0.8051334381103514,2.6244547666095164,-0.11090728135254138,0.0,4.436291254101655
1786016719.0712671,-8.039957046508789,-8.497758865356445,-117.43145751953125,0.47352075576782227,0.30192509293556213,2.446246385574341,0.47352075576782227,-0.8011430740356444,2.4648083375142322,-0.1088609408014096,0.0,4.354437632056384
1786016719.121265,-7.107116222381592,-8.840389251708984,-118.35682678222656,0.5812923312187195,0.5190820097923279,2.5066213607788086,0.5812923312187195,-0.7447660565376282,2.5598040509387916,-0.07994964977678587,0.0,3.1979859910714348
1786016719.1712747,-7.124581813812256,-8.262645721435547,-117.87005615234375,0.5428493618965149,0.47358328104019165,2.5301969051361084,0.5428493618965149,-0.6965474963188172,2.5741362634563725,-0.05522218299790843,0.0,2.2088873199163372
1786016719.2212775,-7.0941243171691895,-8.285343170166016,-119.05944061279297,0.56559818983078,0.4924474358558655,2.5519766807556152,0.56559818983078,-0.6772032856941224,2.599055493097726,-0.04530207498524442,0.0,1.8120829994097767
1786016719.2712705,-7.426420211791992,-8.523848533630371,-117.92367553710938,0.7253121733665466,0.4148736596107483,2.6002228260040283,0.7253121733665466,-0.553265106678009,2.6331120178053933,-0.0,0.0,0.0
1786016719.3212838,-7.122339725494385,-8.101431846618652,-118.27611541748047,0.6757423281669617,0.45894157886505127,2.6604816913604736,0.6757423281669617,-0.5394724488258362,2.6997759541997985,-0.0,0.0,0.0
1786016719.3728063,-7.220086097717285,-8.206198692321777,-117.86481475830078,0.789314329624176,0.43611660599708557,2.6805782318115234,0.789314329624176,-0.44161547422409053,2.7158235124706116,0.024230136025028312,0.9692054410011325,0.0
1786016719.4228945,-7.680482864379883,-7.142098426818848,-117.41728973388672,0.6401619911193848,0.3681199252605438,2.5385758876800537,0.6401619911193848,-0.43115277290344234,2.565127641440948,0.029595623881770977,1.183824955270839,0.0
1786016719.4727843,-7.433984279632568,-7.314291477203369,-116.90357971191406,0.6042715907096863,0.4709477424621582,2.236459970474243,0.6042715907096863,-0.49287213087081905,2.2855075969385568,0.0,0.0,0.0
1786016719.5233884,-7.087026596069336,-7.3871917724609375,-117.4381103515625,0.742042601108551,0.536137044429779,2.3664112091064453,0.742042601108551,-0.36603616476058964,2.426385159242969,0.06298875626272107,2.5195502505088427,0.0
1786016719.5727646,-5.392862319946289,-7.729757785797119,-117.23831176757812,1.0335056781768799,0.7366824746131897,3.130641460418701,1.0335056781768799,-0.1259579896926879,3.216149409168478,0.18610576911805532,7.444230764722213,0.0
1786016719.6230762,-4.909726619720459,-8.94510269165039,-116.56343841552734,1.352637529373169,0.8354244232177734,4.0341105461120605,1.352637529373169,0.010872125625610352,4.119706526581875,0.2562750590248749,10.251002360994995,0.0
1786016719.6728356,-5.5786943435668945,-10.492172241210938,-115.19493865966797,1.808327317237854,0.6058446168899536,4.715198516845703,1.808327317237854,0.23450148105621338,4.753960954096957,0.3709567797585175,14.838271190340699,0.0
1786016719.7227821,-6.559417724609375,-12.35423469543457,-113.71752166748047,2.3472580909729004,0.5297901630401611,5.15475606918335,2.3472580909729004,0.494122886657715,5.18190966243495,0.5040959621182619,20.163838484730476,0.0
1786016719.7728355,-7.227438449859619,-13.809789657592773,-113.10646057128906,2.8425557613372803,0.46292343735694885,5.4658002853393555,2.8425557613372803,0.7710873126983642,5.485368799640563,0.6461290011134666,25.845160044538666,0.0
1786016719.8227923,-7.934747219085693,-15.716923713684082,-112.83768463134766,3.3698627948760986,0.39880508184432983,5.662786483764648,3.3698627948760986,1.0123242378234862,5.676812155956233,0.7698402447673753,30.793609790695015,0.0
1786016719.8727887,-8.544358253479004,-15.832919120788574,-112.56513214111328,3.662121534347534,0.28347545862197876,5.762726306915283,3.662121534347534,1.287183666229248,5.76969434407529,0.9107937977959711,36.431751911838845,0.0
1786016719.9227786,-8.894608497619629,-17.29819679260254,-112.21385192871094,4.003003120422363,0.3781064450740814,5.806453704833984,4.003003120422363,1.4082736015319823,5.818751507856892,0.9728912005153221,38.915648020612885,0.0
1786016719.972836,-9.830561637878418,-21.05087661743164,-109.8567886352539,5.1122026443481445,0.5504066348075867,5.924251556396484,5.1122026443481445,1.9545711517333983,5.949765034613248,1.0,40.0,0.0
1786016720.021266,-12.054390907287598,-25.201791763305664,-108.74015808105469,6.321654796600342,0.45446541905403137,6.1144843101501465,6.321654796600342,2.5413860321044925,6.131350356665998,1.0,40.0,0.0
1786016720.0713227,-13.275108337402344,-28.695091247558594,-108.37281036376953,7.286210060119629,0.5080969929695129,6.414485454559326,7.286210060119629,2.98194637298584,6.434577391019384,1.0,40.0,0.0
1786016720.1212704,-15.552393913269043,-30.645599365234375,-107.73956298828125,7.929385185241699,0.36231130361557007,6.685052871704102,7.929385185241699,3.332545280456543,6.694863805799702,1.0,40.0,0.0
1786016720.17128,-17.39288330078125,-33.242061614990234,-105.23252868652344,8.502388000488281,0.3867873251438141,6.848869800567627,8.502388000488281,3.516078758239746,6.859782939716034,1.0,40.0,0.0
1786016720.2212825,-18.944684982299805,-35.61703872680664,-101.14994812011719,8.977456092834473,0.46332043409347534,7.045055866241455,8.977456092834473,3.6349002838134767,7.060274639354457,1.0,40.0,0.0
1786016720.2712743,-20.609256744384766,-37.809696197509766,-98.2183609008789,9.415705680847168,0.3390063941478729,7.224554061889648,9.415705680847168,3.744251251220703,7.23250348969424,1.0,40.0,0.0
1786016720.3213055,-21.630542755126953,-39.05814743041992,-97.18573760986328,9.77863883972168,0.5996513366699219,7.321655750274658,9.77863883972168,3.919916725158692,7.346170747477899,1.0,40.0,0.0
1786016720.3712854,-22.65047836303711,-40.502655029296875,-95.32744598388672,10.01850414276123,0.656298816204071,7.3884358406066895,10.01850414276123,3.9431058883666994,7.417527371497347,1.0,40.0,0.0
1786016720.4213839,-24.58904457092285,-42.87738800048828,-92.64268493652344,10.443265914916992,0.7459196448326111,7.283354759216309,10.443265914916992,4.01165771484375,7.321451540858962,1.0,40.0,0.0
1786016720.4712777,-24.808019638061523,-43.90481185913086,-93.26111602783203,10.643510818481445,0.9656462073326111,7.113135814666748,10.643510818481445,4.057789039611817,7.178382388507221,1.0,40.0,0.0
1786016720.5213096,-26.5223445892334,-45.72125244140625,-92.30645751953125,10.949084281921387,1.0997859239578247,6.798392295837402,10.949084281921387,4.090896415710449,6.886774781175664,1.0,40.0,0.0
1786016720.5713174,-27.89690589904785,-47.49530792236328,-90.6692123413086,11.238862037658691,1.2838959693908691,6.427043437957764,11.238862037658691,4.114565849304199,6.554027480382889,1.0,40.0,0.0
1786016720.6212645,-28.653823852539062,-48.208984375,-89.65672302246094,11.262412071228027,1.2430899143218994,6.106820583343506,11.262412071228027,4.031064414978028,6.232056656693418,1.0,40.0,0.0
1786016720.6712694,-29.66611671447754,-50.185577392578125,-86.1872787475586,11.635920524597168,1.1757164001464844,5.7837138175964355,11.635920524597168,4.108083915710449,5.902004284768806,1.0,40.0,0.0
1786016720.7217116,-30.495594024658203,-49.574440002441406,-86.50562286376953,11.490978240966797,1.0861693620681763,5.639233112335205,11.490978240966797,4.054812240600587,5.74288376848717,1.0,40.0,0.0
1786016720.7712798,-29.954795837402344,-48.80473709106445,-88.07140350341797,11.383216857910156,1.0489866733551025,5.713059425354004,11.383216857910156,4.062506294250489,5.808564455913597,1.0,40.0,0.0
1786016720.8214598,-30.702835083007812,-48.34185028076172,-88.90318298339844,11.333626747131348,0.866459846496582,5.949802398681641,11.333626747131348,4.08234920501709,6.012561953855335,1.0,40.0,0.0
1786016720.8712628,-31.748262405395508,-49.153106689453125,-88.20313262939453,11.571308135986328,0.8418393731117249,6.147764682769775,11.571308135986328,4.19834213256836,6.205135302701505,1.0,40.0,0.0
1786016720.9213545,-32.68305587768555,-48.84126281738281,-89.98995971679688,11.479406356811523,0.7293010354042053,6.2120184898376465,11.479406356811523,4.153216934204102,6.254682543369123,1.0,40.0,0.0
1786016720.9712718,-23.056276321411133,-26.809131622314453,-95.5804214477539,7.843452453613281,1.001353144645691,6.144090175628662,7.843452453613281,3.8220827102661135,6.225154793782116,1.0,40.0,0.0
1786016721.0212803,-17.948169708251953,-18.700307846069336,-100.29389190673828,5.965266704559326,1.3739879131317139,5.493114471435547,5.965266704559326,3.1602205276489257,5.662344866018554,1.0,40.0,0.0
1786016721.0712857,-15.47630500793457,-15.504671096801758,-103.3353271484375,5.042123317718506,1.590893268585205,4.474926471710205,5.042123317718506,2.7164226531982423,4.749306088181984,1.0,40.0,0.0
1786016721.121358,-15.60022258758545,-15.591686248779297,-108.205078125,4.676209449768066,1.401383876800537,3.847805976867676,4.676209449768066,2.337456512451172,4.095056483832074,1.0,40.0,0.0
1786016721.1713023,-14.45628833770752,-14.670022010803223,-111.53934478759766,4.470038890838623,1.3599538803100586,3.6873722076416016,4.470038890838623,2.26953558921814,3.930163909337381,1.0,40.0,0.0
1786016721.2213247,-14.63187313079834,-14.223986625671387,-111.87146759033203,4.238706588745117,1.245141625404358,3.6627063751220703,4.238706588745117,2.1051085948944093,3.868565064423043,1.0,40.0,0.0
1786016721.2713554,-13.794869422912598,-14.451375007629395,-112.68585205078125,4.31015157699585,1.285895586013794,3.8068456649780273,4.31015157699585,2.1424453258514404,4.018158953437726,1.0,40.0,0.0
1786016721.3212655,-13.845138549804688,-13.929788589477539,-112.96187591552734,4.2549824714660645,1.0912621021270752,3.9098548889160156,4.2549824714660645,2.1655141830444338,4.059287896653706,1.0,40.0,0.0
1786016721.3713613,-13.68517780303955,-13.870135307312012,-114.59202575683594,4.258334636688232,1.1042248010635376,4.002202033996582,4.258334636688232,2.1778143405914308,4.151738615593494,1.0,40.0,0.0
1786016721.4213758,-13.404685020446777,-13.866351127624512,-115.40422058105469,4.213155269622803,0.9884793162345886,4.0917205810546875,4.213155269622803,2.1332026004791262,4.209426168974829,1.0,40.0,0.0
1786016721.471268,-13.171088218688965,-13.516337394714355,-116.19413757324219,4.126020908355713,0.9023628830909729,4.042777061462402,4.126020908355713,2.0985702991485597,4.142258459037392,1.0,40.0,0.0
1786016721.5212784,-13.222796440124512,-13.440789222717285,-115.88323211669922,4.23932409286499,0.8704821467399597,4.091329574584961,4.23932409286499,2.2232057094573974,4.182907703460186,1.0,40.0,0.0
1786016721.5712674,-12.62225341796875,-12.599808692932129,-117.14863586425781,3.978999137878418,0.7634257674217224,4.089007377624512,3.978999137878418,2.089027833938599,4.159663476368146,1.0,40.0,0.0
1786016721.621566,-12.819401741027832,-13.117572784423828,-117.0844955444336,4.091923713684082,0.7159379720687866,4.074306964874268,4.091923713684082,2.124287796020508,4.1367311278197585,1.0,40.0,0.0
1786016721.671392,-12.15896987915039,-12.945708274841309,-118.55013275146484,4.007107257843018,0.7187522649765015,4.063311576843262,4.007107257843018,2.0652510166168216,4.126391376119978,1.0,40.0,0.0
1786016721.7213333,-11.786027908325195,-12.49567985534668,-119.37384796142578,3.851328134536743,0.6955602169036865,4.09163236618042,3.851328134536743,1.9769761562347412,4.150332448770133,1.0,40.0,0.0
1786016721.7713003,-11.534296989440918,-13.188066482543945,-118.88056945800781,4.008452892303467,0.6277358531951904,4.090081214904785,4.008452892303467,2.030242919921875,4.137972528413365,1.0,40.0,0.0
1786016721.8212955,-11.307304382324219,-12.997902870178223,-119.36731719970703,3.9182868003845215,0.6232376098632812,4.105425834655762,3.9182868003845215,1.9686013698577882,4.152462691248057,1.0,40.0,0.0
1786016721.8713655,-10.914111137390137,-12.509169578552246,-119.87006378173828,3.826385498046875,0.6041667461395264,4.073737144470215,3.826385498046875,1.950010061264038,4.118294765965297,1.0,40.0,0.0
1786016721.921292,-10.385448455810547,-13.581218719482422,-120.26240539550781,3.825472593307495,0.6884347200393677,3.999192476272583,3.825472593307495,1.7882897853851318,4.058014640933534,1.0,40.0,0.0
1786016721.9712663,-10.573925018310547,-13.11044692993164,-119.64363098144531,3.7599921226501465,0.5752043128013611,3.9661331176757812,3.7599921226501465,1.7934250831604004,4.0076267177208384,1.0,40.0,0.0
1786016722.021287,-10.293180465698242,-13.163118362426758,-119.56626892089844,3.764270067214966,0.626442015171051,3.9874985218048096,3.764270067214966,1.7898023128509521,4.036406082118982,1.0,40.0,0.0
1786016722.07131,-9.84646987915039,-13.368575096130371,-120.12510681152344,3.730713367462158,0.6021134853363037,4.036068916320801,3.730713367462158,1.7254271030426027,4.080734363630497,1.0,40.0,0.0
1786016722.1213098,-9.985627174377441,-12.822940826416016,-120.61976623535156,3.6183407306671143,0.5770005583763123,4.0147833824157715,3.6183407306671143,1.694899606704712,4.056034424421026,1.0,40.0,0.0
1786016722.1713145,-9.151383399963379,-13.51562213897705,-120.21748352050781,3.6505212783813477,0.7237893342971802,4.061610221862793,3.6505212783813477,1.6231779575347902,4.125596756201784,1.0,40.0,0.0
1786016722.221307,-9.2730073928833,-12.938775062561035,-120.51237487792969,3.570413827896118,0.6670323610305786,4.050389766693115,3.570413827896118,1.629597568511963,4.104946946404342,1.0,40.0,0.0
1786016722.2713504,-9.145483016967773,-13.300257682800293,-120.1956787109375,3.558513879776001,0.6946907043457031,3.9871633052825928,3.558513879776001,1.5634752273559571,4.047229471835807,1.0,40.0,0.0
1786016722.3212643,-8.948925018310547,-13.369983673095703,-120.78228759765625,3.514035224914551,0.7320082783699036,4.050598621368408,3.514035224914551,1.5085376739501952,4.116210066436566,1.0,40.0,0.0
1786016722.3712685,-9.405713081359863,-10.349194526672363,-117.61383056640625,3.0910236835479736,0.3471421003341675,3.8614959716796875,3.0910236835479736,1.538644504547119,3.8770683224729057,1.0,40.0,0.0
1786016722.4229715,-7.616169452667236,-7.05764627456665,-117.73140716552734,2.371541738510132,0.5271029472351074,4.1872663497924805,2.371541738510132,1.3128947973251344,4.220312429321837,0.9239789932297591,36.95915972919036,0.0
1786016722.4719913,-4.892775058746338,-2.964080572128296,-119.74817657470703,1.856638789176941,0.6401588320732117,5.707197189331055,1.856638789176941,1.4120267033576965,5.742987296537372,0.9748158681182525,38.9926347247301,0.0
1786016722.522024,-3.299192190170288,-2.182981491088867,-118.29595184326172,1.895178198814392,0.8210994005203247,7.565742015838623,1.895178198814392,1.567730975151062,7.610167966330356,1.0,40.0,0.0
1786016722.5721254,-3.0789847373962402,-1.1652612686157227,-117.01288604736328,1.603495478630066,0.5988786220550537,9.406578063964844,1.603495478630066,1.4287062883377075,9.425622869466991,0.9833695014413351,39.334780057653404,0.0
1786016722.6229734,-3.4418628215789795,0.2960379719734192,-117.92347717285156,0.837549090385437,0.2442048341035843,10.70995044708252,0.837549090385437,0.8819547861814498,10.712734225208923,0.7029841157201773,28.11936462880709,0.0
1786016722.6721702,-1.9743130207061768,0.695979654788971,-118.50166320800781,0.08989352732896805,0.5175164341926575,11.2661771774292,0.08989352732896805,0.19429047554731368,11.278057077922865,0.35033575129241507,14.013430051696602,0.0
1786016722.722976,-5.054119110107422,-2.1414804458618164,-118.97169494628906,-0.06177407130599022,0.29419803619384766,9.690189361572266,-0.06177407130599022,-0.3829961381852627,9.694654318108956,0.05429133399365798,2.171653359746319,0.0
1786016722.7720265,-5.969002723693848,-3.6178722381591797,-119.44670104980469,-0.057706817984580994,0.27650439739227295,8.133021354675293,-0.057706817984580994,-0.6003876537084579,8.137720260452653,-0.005909443197724193,0.0,0.23637772790896772
1786016722.821405,-5.687003135681152,-3.3515048027038574,-122.68089294433594,-0.3992769122123718,0.4986743927001953,7.152607440948486,-0.3992769122123718,-0.9020026326179504,7.169969968852489,-0.16058379135643833,0.0,6.423351654257533
1786016722.871304,-4.703547954559326,-3.0820086002349854,-122.78433990478516,-0.4305911362171173,0.7514714598655701,6.465953350067139,-0.4305911362171173,-0.8928924262523651,6.509474792964248,-0.15591189065613814,0.0,6.236475626245525
1786016722.921275,-4.755548000335693,-3.149463176727295,-122.94840240478516,-0.5083332061767578,0.7276795506477356,6.100914001464844,-0.5083332061767578,-0.980752682685852,6.144157320715402,-0.20096843241690066,0.0,8.038737296676025
1786016722.9712763,-4.645628452301025,-2.672757863998413,-122.87519073486328,-0.45563969016075134,0.7426530718803406,5.821564674377441,-0.45563969016075134,-0.8565533697605132,5.868743378537916,-0.13727647707057308,0.0,5.4910590828229235
1786016723.021273,-4.712847709655762,-2.8260061740875244,-121.96546173095703,-0.3558812141418457,0.746871292591095,5.710778713226318,-0.3558812141418457,-0.7797821402549743,5.759410580878527,-0.0979066157856813,0.0,3.916264631427252
1786016723.071295,-4.88978385925293,-2.7500574588775635,-121.8638687133789,-0.3492996096611023,0.7034428715705872,5.614337921142578,-0.3492996096611023,-0.7618082284927368,5.6582348984770015,-0.08868922513838003,0.0,3.547569005535201
1786016723.1212797,-5.031296253204346,-2.873502254486084,-121.07276153564453,-0.2416822910308838,0.6994288563728333,5.588691234588623,-0.2416822910308838,-0.6727076292037963,5.632288206465887,-0.042996610118410564,0.0,1.7198644047364224
1786016723.17127,-4.847254276275635,-3.1218621730804443,-120.92631530761719,-0.14730943739414215,0.711219847202301,5.583233833312988,-0.14730943739414215,-0.6155887633562087,5.628350887116519,-0.013704884042724597,0.0,0.5481953617089839
1786016723.2212787,-5.058948516845703,-2.9609456062316895,-120.46580505371094,-0.06547603756189346,0.6873998641967773,5.572432041168213,-0.06547603756189346,-0.5096178784966469,5.614669841293955,0.0,0.0,0.0
1786016723.2720878,-5.04949426651001,-3.310323715209961,-119.76309204101562,0.08062232285737991,0.6533531546592712,5.642512321472168,0.08062232285737991,-0.4159262344241142,5.6802126406208115,0.03740410515322131,1.4961642061288525,0.0
1786016723.3231187,-5.310923099517822,-3.5591697692871094,-119.33709716796875,0.16684456169605255,0.6520501971244812,5.6701979637146,0.16684456169605255,-0.36703090369701385,5.707566417246782,0.062478633731221485,2.4991453492488596,0.0
1786016723.3720303,-5.266364097595215,-3.2809555530548096,-118.84530639648438,0.2693095803260803,0.6256197690963745,5.678223133087158,0.2693095803260803,-0.2228337526321411,5.712584182715415,0.1364258906875665,5.45703562750266,0.0
1786016723.423186,-5.463344097137451,-3.5197255611419678,-118.3980484008789,0.33678480982780457,0.608993411064148,5.7251877784729,0.33678480982780457,-0.19117402434349062,5.757486263422172,0.15266164878431032,6.106465951372413,0.0
1786016723.472061,-5.337319850921631,-3.4424290657043457,-117.83869171142578,0.4080618619918823,0.6067438721656799,5.735518932342529,0.4080618619918823,-0.10830249786376955,5.76752247933809,0.1951598674918596,7.806394699674383,0.0
1786016723.523037,-5.253720760345459,-3.1277360916137695,-118.1941909790039,0.42260804772377014,0.632495641708374,5.771900653839111,0.42260804772377014,-0.046552366018295266,5.806452264039415,0.22682660177159,9.0730640708636,0.0
1786016723.5720522,-5.178272247314453,-3.291811466217041,-118.053466796875,0.490777850151062,0.6263143420219421,5.773839950561523,0.490777850151062,-0.0029938697814941295,5.807710170947124,0.24916429214943672,9.966571685977469,0.0
1786016723.6220014,-5.433117866516113,-3.3801205158233643,-117.9427719116211,0.5274050831794739,0.6411172747612,5.756464958190918,0.5274050831794739,0.020387005805969305,5.7920566446537105,0.2611544847583923,10.446179390335693,0.0
1786016723.6730812,-5.312794208526611,-3.4064831733703613,-117.870361328125,0.5684247612953186,0.6304619908332825,5.756233215332031,0.5684247612953186,0.057452285289764427,5.7906565388716675,0.2801623203911078,11.20649281564431,0.0
1786016723.722,-5.516726970672607,-3.239098310470581,-117.67808532714844,0.5773500800132751,0.6189635992050171,5.775691032409668,0.5773500800132751,0.091485333442688,5.808762591034194,0.2976151655977352,11.904606623909409,0.0
1786016723.7720473,-5.278365612030029,-3.1663269996643066,-117.58970642089844,0.5989450216293335,0.6319800615310669,5.7655110359191895,0.5989450216293335,0.12399597167968751,5.800044508749806,0.3142872877705555,12.57149151082222,0.0
1786016723.8230412,-5.329859733581543,-3.0476436614990234,-117.63300323486328,0.621459424495697,0.6340731978416443,5.790594577789307,0.621459424495697,0.16431287527084354,5.825206810452659,0.3349626229455073,13.398504917820294,0.0
1786016723.8721302,-5.345217704772949,-3.4049768447875977,-117.71202087402344,0.6363272666931152,0.6397772431373596,5.786309719085693,0.6363272666931152,0.12558073997497565,5.821571530611128,0.31509998946044687,12.603999578417875,0.0
1786016723.922056,-5.453526973724365,-3.2637786865234375,-117.60218048095703,0.653324544429779,0.6310458183288574,5.802272319793701,0.653324544429779,0.16375774145126343,5.836487205320895,0.3346779389354662,13.387117557418648,0.0
1786016723.9720201,-5.3799285888671875,-3.3808329105377197,-117.62518310546875,0.6624283194541931,0.6238059997558594,5.812315464019775,0.6624283194541931,0.15530338287353518,5.8456945676809715,0.3303423704340671,13.213694817362684,0.0
1786016724.0219877,-5.428226470947266,-3.4048945903778076,-117.60346221923828,0.6730117201805115,0.6337966918945312,5.7762603759765625,0.6730117201805115,0.1622775316238404,5.810927824171744,0.3339188569726852,13.356754278907408,0.0
1786016724.0719967,-5.303877830505371,-3.307682752609253,-117.63697814941406,0.6571981310844421,0.6339143514633179,5.756489276885986,0.6571981310844421,0.16104571819305424,5.791287956913773,0.33328715777741025,13.331486311096409,0.0
1786016724.1220005,-5.165978908538818,-3.1410164833068848,-118.02255249023438,0.6481459736824036,0.6765888929367065,5.779749393463135,0.6481459736824036,0.17699350118637086,5.819216062433392,0.3414655080303931,13.658620321215725,0.0
1786016724.1720207,-5.1736931800842285,-3.199450731277466,-117.77803039550781,0.6866739988327026,0.6650228500366211,5.821293830871582,0.6866739988327026,0.2067563891410828,5.85915670181421,0.35672852749434797,14.269141099773918,0.0
1786016724.2219763,-5.320989608764648,-3.2035045623779297,-117.68106079101562,0.7003688812255859,0.6587868332862854,5.815881252288818,0.7003688812255859,0.21984319686889653,5.8530739643742695,0.36343971094450883,14.537588437780354,0.0
1786016724.2732494,-5.103161334991455,-3.212827444076538,-117.80790710449219,0.6903464198112488,0.6508418917655945,5.7655510902404785,0.6903464198112488,0.20842230319976807,5.802169813289696,0.35758284239623783,14.303313695849514,0.0
1786016724.322017,-5.323586463928223,-3.367722511291504,-117.81330871582031,0.6930595636367798,0.6613231301307678,5.759969234466553,0.6930595636367798,0.18790118694305424,5.797809402217976,0.3470591930338205,13.88236772135282,0.0
1786016724.372053,-5.1771063804626465,-3.2916195392608643,-117.82620239257812,0.6886964440345764,0.6542907953262329,5.755479335784912,0.6886964440345764,0.1949535131454468,5.792550287178849,0.35067577057350896,14.027030822940358,0.0
1786016724.4220598,-5.221339225769043,-3.2526190280914307,-117.80516052246094,0.6897438168525696,0.6639830470085144,5.760968208312988,0.6897438168525696,0.201850962638855,5.799105808993976,0.35421292415987216,14.168516966394886,0.0
1786016724.4719968,-5.143192291259766,-3.3344523906707764,-117.87166595458984,0.6858586668968201,0.6559453010559082,5.760322570800781,0.6858586668968201,0.18569080829620366,5.7975495131697015,0.34592566552261506,13.837026620904602,0.0
1786016724.5219874,-5.349543571472168,-3.1973211765289307,-117.96339416503906,0.6875823140144348,0.6600205302238464,5.7613444328308105,0.6875823140144348,0.20798413753509526,5.799027226529251,0.35735814205537997,14.294325682215199,0.0
1786016724.5720615,-5.156444549560547,-3.365203619003296,-117.92039489746094,0.6851562261581421,0.6625245213508606,5.766426086425781,0.6851562261581421,0.18037568330764775,5.804361166537015,0.3431999604002787,13.727998416011149,0.0
1786016724.6220264,-5.263227939605713,-3.3450076580047607,-117.98243713378906,0.6809374094009399,0.6652741432189941,5.766097068786621,0.6809374094009399,0.1791862607002258,5.804348808635249,0.34259000008878027,13.70360000355121,0.0
1786016724.673225,-5.18880033493042,-3.4462709426879883,-117.91608428955078,0.681247353553772,0.6562811136245728,5.764966011047363,0.681247353553772,0.1643067121505738,5.802201134796316,0.33495946237101,13.398378494840399,0.0
1786016724.7231743,-5.2679948806762695,-3.372551441192627,-117.89002990722656,0.6802759170532227,0.6739431619644165,5.769890785217285,0.6802759170532227,0.17439320087432864,5.80911689148135,0.3401320206908843,13.60528082763537,0.0
1786016724.772028,-5.16260290145874,-3.244321823120117,-117.96907043457031,0.6734979152679443,0.6693646907806396,5.769591331481934,0.6734979152679443,0.1868496417999268,5.808290042824595,0.346519939114268,13.860797564570719,0.0
1786016724.822046,-5.273943901062012,-3.2860729694366455,-118.20926666259766,0.6750304698944092,0.6877105236053467,5.779641151428223,0.6750304698944092,0.1821195244789124,5.820412150660818,0.3440942379240042,13.763769516960167,0.0
1786016724.8720474,-5.025387763977051,-3.213599443435669,-118.17527770996094,0.6449204683303833,0.7284293174743652,5.766973972320557,0.6449204683303833,0.16288055181503297,5.812796062823717,0.33422809809637366,13.369123923854946,0.0
1786016724.9221826,-5.863827705383301,-3.0662529468536377,-118.27273559570312,0.6224652528762817,0.5908468961715698,5.698222637176514,0.6224652528762817,0.16252731084823613,5.728773104037761,0.3340469488826317,13.361877955305268,0.0
1786016724.973088,-5.275936603546143,-2.792703151702881,-118.98621368408203,0.5932722687721252,0.6690078973770142,5.753666877746582,0.5932722687721252,0.17436679601669314,5.792430759778741,0.3401184797382507,13.60473918953003,0.0
1786016725.021979,-5.5441179275512695,-2.8759427070617676,-118.7862319946289,0.7395489811897278,0.6379154324531555,5.872947692871094,0.7395489811897278,0.30815757513046266,5.907491066617181,0.4087291356940299,16.349165427761196,0.0
1786016725.0733488,-5.32004976272583,-2.8344149589538574,-118.48178100585938,0.7300856113433838,0.6220566034317017,5.905447006225586,0.7300856113433838,0.3049233675003052,5.938119126559497,0.40707056767856453,16.282822707142582,0.0
1786016725.1229343,-5.373488426208496,-2.8393139839172363,-118.82844543457031,0.7268916368484497,0.6501560211181641,5.912675857543945,0.7268916368484497,0.3009945392608643,5.948313933223366,0.40505578396603076,16.20223135864123,0.0
1786016725.172415,-5.242055416107178,-2.784269332885742,-118.61235046386719,0.7354910373687744,0.640601634979248,5.814047813415527,0.7354910373687744,0.3178506374359131,5.849232636117319,0.41369993687631224,16.54799747505249,0.0
1786016725.22202,-5.420128345489502,-2.902531623840332,-118.73439025878906,0.7239174842834473,0.6504001021385193,5.8097357749938965,0.7239174842834473,0.28853774070739746,5.846028572296387,0.3986676821437401,15.946707285749603,0.0
1786016725.2738864,-5.337829113006592,-2.832979679107666,-118.57101440429688,0.7427504062652588,0.6427275538444519,5.796811580657959,0.7427504062652588,0.3178034543991089,5.832334284840084,0.4136757404471818,16.547029617887272,0.0
1786016725.3220055,-5.548230171203613,-3.0385124683380127,-118.40921783447266,0.7971833944320679,0.6267000436782837,5.799159049987793,0.7971833944320679,0.34140652418136597,5.832923677865303,0.42577987879705725,17.03119515188229,0.0
1786016725.3720772,-5.523688316345215,-2.9148364067077637,-118.25108337402344,0.8040889501571655,0.6170337796211243,5.792706489562988,0.8040889501571655,0.366863489151001,5.825476732372955,0.43883473262763933,17.553389305105572,0.0
1786016725.4220705,-5.521298885345459,-3.04644513130188,-118.45555114746094,0.7981802821159363,0.6281575560569763,5.794072151184082,0.7981802821159363,0.34121351242065434,5.828023164706744,0.4256808984069487,17.02723593627795,0.0
1786016725.4719963,-5.4636640548706055,-2.97359299659729,-118.35773468017578,0.7978412508964539,0.6267762184143066,5.789428234100342,0.7978412508964539,0.35180230140686036,5.823257482351948,0.4311110466050031,17.244441864200123,0.0
1786016725.5220356,-5.591678619384766,-3.0170047283172607,-118.46786499023438,0.7936854958534241,0.6258075833320618,5.787510871887207,0.7936854958534241,0.34113478660583496,5.821247050552702,0.4256405261942209,17.025621047768837,0.0
1786016725.5712764,-5.429479122161865,-3.027017831802368,-118.40148162841797,0.7955092787742615,0.6280651092529297,5.78760290145874,0.7955092787742615,0.34145660400390626,5.821581668793673,0.42580556075733433,17.032222430293373,0.0
1786016725.6221685,-5.569213390350342,-3.0629868507385254,-118.31832885742188,0.7877658605575562,0.6275529861450195,5.784436225891113,0.7877658605575562,0.32831783294677735,5.818378227807209,0.41906772944598614,16.762709177839447,0.0
1786016725.6721303,-5.4245076179504395,-2.9653160572052,-118.41880798339844,0.7941431999206543,0.6282811760902405,5.782955646514893,0.7941431999206543,0.34934579133987426,5.816984893034175,0.4298512978527026,17.194051914108105,0.0
1786016725.7220194,-5.512194633483887,-3.0884029865264893,-118.35205841064453,0.7853388786315918,0.6325358152389526,5.76188325881958,0.7853388786315918,0.32207843065261843,5.7964989645324145,0.4158680359618021,16.634721438472084,0.0
1786016725.7721152,-6.8866047859191895,-3.1167545318603516,-118.01222229003906,0.6310657262802124,0.5449339747428894,4.896414756774902,0.6310657262802124,0.1635525465011597,4.926644954448424,0.3345727107559259,13.382908430237034,0.0
1786016725.8221817,-7.106773853302002,-3.2890584468841553,-119.43086242675781,0.43371304869651794,0.6681824326515198,4.054478645324707,0.43371304869651794,-0.059645718336105324,4.109168388944188,0.220112062121431,8.80448248485724,0.0
1786016725.8720877,-6.210407257080078,-3.0559511184692383,-120.05741882324219,0.3981972932815552,0.7630235552787781,3.5491185188293457,0.3981972932815552,-0.060195374488830555,3.6302131076023176,0.2198301871713155,8.79320748685262,0.0
1786016725.9220595,-6.421304225921631,-2.1763296127319336,-119.61486053466797,0.32143905758857727,0.7925000190734863,3.3070151805877686,0.32143905758857727,-0.0050103843212127575,3.4006478331149532,0.24813018212906818,9.925207285162728,0.0
1786016725.971272,-6.047426223754883,-1.7484959363937378,-119.74842071533203,0.2572686970233917,0.8650743365287781,3.1333603858947754,0.2572686970233917,-0.005005693435668923,3.2505847036518465,0.24813258771139837,9.925303508455935,0.0
1786016726.0220675,-6.411752700805664,-1.717086911201477,-118.7538070678711,0.2207736223936081,0.7816897630691528,2.9605042934417725,0.2207736223936081,-0.036789414286613475,3.0619641665398825,0.231833243685273,9.27332974741092,0.0
1786016726.0721924,-6.24743127822876,-1.252456545829773,-118.85652923583984,0.11853615194559097,0.7712916731834412,2.9064550399780273,0.11853615194559097,-0.06933232992887498,3.0070536650575077,0.21514456899693377,8.60578275987735,0.0
1786016726.1220355,-6.572836399078369,-1.140555739402771,-118.4970703125,-0.018901120871305466,0.71405029296875,2.8601391315460205,-0.018901120871305466,-0.18998448178172112,2.9479253166743526,0.1532716706108588,6.130866824434352,0.0
1786016726.1723354,-6.771052837371826,-1.0043091773986816,-118.09779357910156,-0.10323446244001389,0.6305952668190002,2.7915868759155273,-0.10323446244001389,-0.2538808390498161,2.8619237719265587,0.12050430790927161,4.820172316370864,0.0
1786016726.2220507,-6.869706153869629,-0.5353959798812866,-118.27684020996094,-0.240281879901886,0.5848177075386047,2.772152900695801,-0.240281879901886,-0.32059127688407896,2.8331684482019157,0.086293826968624,3.45175307874496,0.0
1786016726.2734013,-6.333683967590332,0.18737930059432983,-119.82070922851562,-0.4370521605014801,0.6437661647796631,2.810349464416504,-0.4370521605014801,-0.4089452654123306,2.8831404730018355,0.04098408926182827,1.6393635704731309,0.0
1786016726.3222303,-6.390774726867676,0.08854533731937408,-119.76731872558594,-0.5537203550338745,0.6284719109535217,2.843604326248169,-0.5537203550338745,-0.5404385544359684,2.912226383218666,-0.0,0.0,0.0
1786016726.371264,-5.682919502258301,0.800851583480835,-120.8292236328125,-0.6683573722839355,0.6982819437980652,2.9722542762756348,-0.6683573722839355,-0.5482296347618103,3.0531775506631122,-0.0,0.0,0.0
1786016726.421387,-5.241757392883301,1.4589844942092896,-122.07134246826172,-0.8213824033737183,0.7502686977386475,3.1170902252197266,-0.8213824033737183,-0.6025347292423249,3.206112067749163,-0.007010507574066218,0.0,0.28042030296264875
1786016726.4712722,-4.642202377319336,1.9351736307144165,-122.41477966308594,-0.9341582655906677,0.8003653883934021,3.286865711212158,-0.9341582655906677,-0.6438822209835053,3.3829086535820516,-0.028214349492620302,0.0,1.128573979704812
1786016726.521275,-5.074581623077393,1.7565470933914185,-123.08056640625,-0.9935904145240784,0.7606184482574463,3.3614134788513184,-0.9935904145240784,-0.7301083505153656,3.4463953632212436,-0.07243287745767686,0.0,2.8973150983070743
1786016726.571275,-5.154235363006592,2.2278542518615723,-123.41539764404297,-1.0107651948928833,0.6769510507583618,3.522284746170044,-1.0107651948928833,-0.6765870571136474,3.5867467931574177,-0.0449860603285906,0.0,1.799442413143624
1786016726.6213014,-5.754014492034912,1.6847585439682007,-123.10986328125,-1.0342931747436523,0.623447835445404,3.6202800273895264,-1.0342931747436523,-0.7815793931484223,3.673569746205599,-0.09882828393616747,0.0,3.953131357446699
1786016726.6712928,-5.6300506591796875,2.058861494064331,-123.77967834472656,-1.0399489402770996,0.6282780766487122,3.7048797607421875,-1.0399489402770996,-0.73111971616745,3.757774259206438,-0.07295152651002781,0.0,2.9180610604011123
1786016726.7212608,-5.99550724029541,2.3694117069244385,-124.32030487060547,-1.1100704669952393,0.6118303537368774,3.7271034717559814,-1.1100704669952393,-0.7546587109565734,3.7769877774397527,-0.0850228058890655,0.0,3.40091223556262
1786016726.7715323,-5.724578857421875,2.704257011413574,-124.62013244628906,-1.0733391046524048,0.6488834023475647,3.7693889141082764,-1.0733391046524048,-0.6677005529403687,3.8248323434687332,-0.04042887870126817,0.0,1.6171551480507267
1786016726.8213422,-6.3324480056762695,3.060135841369629,-125.29641723632812,-1.1353963613510132,0.6010948419570923,3.806710958480835,-1.1353963613510132,-0.6763759851455688,3.853876403109666,-0.04487781829367851,0.0,1.7951127317471405
1786016726.8713596,-6.073277950286865,3.169104814529419,-125.20673370361328,-1.1625174283981323,0.6185470819473267,3.815993309020996,-1.1625174283981323,-0.6871517062187196,3.865799455103506,-0.05040382910042247,0.0,2.016153164016899
1786016726.9212775,-6.920238018035889,2.6507391929626465,-124.94932556152344,-1.0555734634399414,0.5426555275917053,3.809558629989624,-1.0555734634399414,-0.6579625844955445,3.8480140302439456,-0.03543504872956344,0.0,1.4174019491825376
1786016726.971276,-7.307525634765625,2.4203784465789795,-125.03588104248047,-1.0087878704071045,0.4862944483757019,3.707624673843384,-1.0087878704071045,-0.6457311034202575,3.739380030514856,-0.0291624943319804,0.0,1.166499773279216
1786016727.0214121,-7.500663757324219,2.4945600032806396,-125.64778137207031,-0.9852965474128723,0.5306740999221802,3.643005132675171,-0.9852965474128723,-0.6111125469207763,3.6814537070328424,-0.011409388434810552,0.0,0.4563755373924221
1786016727.0712957,-7.957286357879639,2.436518669128418,-125.6703109741211,-0.9980623722076416,0.42196279764175415,3.567410707473755,-0.9980623722076416,-0.6325845718383789,3.592279465519359,-0.022420683264350337,0.0,0.8968273305740135
1786016727.1212823,-8.690292358398438,2.4559121131896973,-125.45336151123047,-0.9924851059913635,0.34166181087493896,3.4734694957733154,-0.9924851059913635,-0.624098289012909,3.4902325325224495,-0.018068743353852938,0.0,0.7227497341541176
1786016727.171264,-8.204505920410156,2.631150722503662,-126.4378890991211,-1.0445518493652344,0.43515563011169434,3.480839252471924,-1.0445518493652344,-0.6498792409896851,3.507934196071415,-0.03128974436758428,0.0,1.251589774703371
1786016727.2212803,-8.107275009155273,2.893282651901245,-127.03522491455078,-1.0744811296463013,0.4535745084285736,3.4276211261749268,-1.0744811296463013,-0.6404887318611145,3.457501470613844,-0.026474098660625025,0.0,1.058963946425001
1786016727.2715447,-7.828738689422607,2.223520278930664,-127.07305908203125,-1.1131242513656616,0.4182712733745575,3.445631504058838,-1.1131242513656616,-0.779596209526062,3.470926003229274,-0.09781126669393142,0.0,3.912450667757257
1786016727.3212667,-8.202513694763184,1.7399083375930786,-128.6360321044922,-1.1505444049835205,0.3753015100955963,3.4402434825897217,-1.1505444049835205,-0.8895581543445588,3.4606540484395563,-0.15420200762649386,0.0,6.168080305059754
1786016727.371281,-7.982448101043701,0.913722038269043,-129.04371643066406,-1.0378105640411377,0.3912532925605774,3.5838420391082764,-1.0378105640411377,-0.9007522583007812,3.60513562854704,-0.15994257375788998,0.0,6.397702950315599
1786016727.4214716,-7.885359764099121,0.5314106345176697,-129.13070678710938,-0.8759474158287048,0.40245434641838074,3.9137260913848877,-0.8759474158287048,-0.7962358206510544,3.9343641696388345,-0.10634440060418392,0.0,4.253776024167356
1786016727.4712563,-7.858015060424805,-0.35358762741088867,-129.9532928466797,-0.611918568611145,0.39355388283729553,4.395432949066162,-0.611918568611145,-0.6649567127227783,4.41301659507788,-0.03902178115378595,0.0,1.560871246151438
1786016727.5212798,-7.790017604827881,-1.139243245124817,-130.5820770263672,-0.39298123121261597,0.42138081789016724,4.606263637542725,-0.39298123121261597,-0.5638677179813385,4.625497431869801,-0.0,0.0,0.0
1786016727.571338,-7.472596645355225,-2.2898943424224854,-130.9248046875,-0.1552627831697464,0.4968874156475067,4.711459636688232,-0.1552627831697464,-0.4987469345331192,4.737588945019531,0.0,0.0,0.0
1786016727.6221597,-7.855030536651611,-3.3129723072052,-131.88612365722656,0.0835384801030159,0.471326619386673,4.787994384765625,0.0835384801030159,-0.4134073659777641,4.811136976920282,0.03869583256160596,1.5478333024642386,0.0
1786016727.672097,-8.250984191894531,-4.955371856689453,-132.02027893066406,0.3270910084247589,0.4347730278968811,4.778999328613281,0.3270910084247589,-0.41621477007865904,4.798735476005405,0.03725613815089062,1.4902455260356249,0.0
1786016727.7221723,-9.630783081054688,-6.396897792816162,-131.58309936523438,0.6064575910568237,0.2722277045249939,4.724610328674316,0.6064575910568237,-0.3530770778656005,4.732446585110812,0.069634441849895,2.7853776739958,0.0
1786016727.7721756,-10.315717697143555,-8.059969902038574,-131.07864379882812,0.9181279540061951,0.22441399097442627,4.657162666320801,0.9181279540061951,-0.290867531299591,4.662566432761826,0.10153677342220759,4.061470936888304,0.0
1786016727.822195,-11.500754356384277,-9.782196998596191,-131.71466064453125,1.1835570335388184,0.09370307624340057,4.582934856414795,1.1835570335388184,-0.2837725162506104,4.583892686858973,0.10517524267809505,4.207009707123802,0.0
1786016727.8721435,-12.535272598266602,-11.36304759979248,-131.33973693847656,1.5995533466339111,-0.02276722900569439,4.589015007019043,1.5995533466339111,-0.1049037933349608,4.589071483575145,0.1969027928912487,7.876111715649948,0.0
1786016727.9223266,-12.968670845031738,-12.105847358703613,-132.1443634033203,1.8424280881881714,-0.06363431364297867,4.683649063110352,1.8424280881881714,0.026550984382629483,4.684081326391258,0.26431549941308985,10.572619976523594,0.0
1786016727.9722493,-12.915141105651855,-12.256929397583008,-134.3102264404297,1.980363130569458,-0.06117413938045502,4.743076801300049,1.980363130569458,0.141823720932007,4.743471283602299,0.3234297232845655,12.93718893138262,0.0
1786016728.02221,-13.178576469421387,-13.338366508483887,-134.76109313964844,2.213083505630493,-0.028384674340486526,4.742525577545166,2.213083505630493,0.21232852935791025,4.7426105198938195,0.3595860352978492,14.383441411913969,0.0
1786016728.0721486,-14.193536758422852,-14.206242561340332,-134.5362091064453,2.5076043605804443,-0.1994924247264862,4.672698020935059,2.5076043605804443,0.37666797637939453,4.676954567063237,0.4438626747960463,17.75450699184185,0.0
1786016728.1226068,-14.139826774597168,-14.765596389770508,-135.83868408203125,2.72013521194458,-0.14609232544898987,4.701970100402832,2.72013521194458,0.5052957534790039,4.704239130044019,0.5098256374112305,20.393025496449223,0.0
1786016728.172309,-13.77952766418457,-14.684144973754883,-136.80311584472656,2.8600783348083496,-0.10432929545640945,4.800262451171875,2.8600783348083496,0.6574565887451174,4.801396068022409,0.5878568349835964,23.514273399343857,0.0
1786016728.2221327,-14.58531379699707,-15.404775619506836,-136.2410430908203,3.134754180908203,-0.16800419986248016,4.855352401733398,3.134754180908203,0.824037837982178,4.8582581607186865,0.6732831166436275,26.9313246657451,0.0
1786016728.2721286,-14.797158241271973,-15.096149444580078,-136.47634887695312,3.225142478942871,-0.22712694108486176,4.863005638122559,3.225142478942871,0.9607200622558594,4.868306736821167,0.7433765649891052,29.73506259956421,0.0
1786016728.3249993,-13.638583183288574,-10.925114631652832,-136.3519287109375,2.951374053955078,-0.19611689448356628,4.7960968017578125,2.951374053955078,1.3126068592071534,4.800104828869198,0.9238313326564355,36.953253306257416,0.0
1786016728.3733041,-11.597691535949707,-6.344428539276123,-134.10855102539062,1.9737526178359985,-0.13265295326709747,4.309037208557129,1.9737526178359985,1.0220883369445801,4.3110785739464665,0.774847475085885,30.993899003435402,0.0
1786016728.4221938,-10.912535667419434,-4.259162902832031,-133.01527404785156,1.6894755363464355,0.007290967274457216,3.5834360122680664,1.6894755363464355,1.050601100921631,3.5834434294716386,0.7894694053305265,31.578776213221058,0.0
1786016728.4721942,-10.496821403503418,-3.7562155723571777,-131.73599243164062,1.584814190864563,0.07836436480283737,2.9944908618927,1.584814190864563,1.0213818550109863,2.9955160649927817,0.7744851766584011,30.979407066336044,0.0
1786016728.5221457,-9.822084426879883,-4.5718536376953125,-130.00430297851562,1.6255327463150024,0.28885507583618164,2.685715436935425,1.6255327463150024,0.9397547006607055,2.701204298647099,0.7326250975044108,29.305003900176434,0.0
1786016728.5721784,-10.473150253295898,-4.618915557861328,-127.37223052978516,1.8073561191558838,0.1687333732843399,2.4927525520324707,1.8073561191558838,1.1145187854766845,2.4984567710737577,0.8222477051023488,32.88990820409395,0.0
1786016728.6221461,-10.724898338317871,-5.411710739135742,-125.84687042236328,1.8911792039871216,0.11770309507846832,2.4263370037078857,1.8911792039871216,1.0794225931167603,2.4291902507117906,0.8042496577382852,32.16998630953141,0.0
1786016728.6722033,-10.805994987487793,-6.074263095855713,-123.66766357421875,1.9463423490524292,0.14936423301696777,2.3748443126678467,1.9463423490524292,1.0352028846740722,2.379536758177012,0.7815728841779322,31.26291536711729,0.0
1786016728.722133,-10.797465324401855,-5.837174892425537,-123.18390655517578,1.9713020324707031,0.11009486764669418,2.416435480117798,1.9713020324707031,1.0957257986068725,2.4189421881174167,0.8126102759383427,32.50441103753371,0.0
1786016728.7721953,-10.96955394744873,-6.215881824493408,-122.25323486328125,1.992737054824829,0.07588010281324387,2.4225034713745117,1.992737054824829,1.060354781150818,2.423691576670701,0.7944712926275456,31.778851705101822,0.0
1786016728.8224075,-10.827691078186035,-6.162041664123535,-121.8132095336914,2.0060832500457764,0.10149040818214417,2.440281867980957,2.0060832500457764,1.081777000427246,2.4423914301662637,0.8054570461026368,32.21828184410547,0.0
1786016728.8721666,-10.970771789550781,-6.411733627319336,-122.0345458984375,2.0084645748138428,0.06296306103467941,2.4370951652526855,2.0084645748138428,1.0467045307159424,2.437908364059829,0.7874711641994042,31.49884656797617,0.0
1786016728.922208,-10.734642028808594,-6.736630439758301,-121.57799530029297,2.0857348442077637,0.11128821969032288,2.4784979820251465,2.0857348442077637,1.0752402782440187,2.4809952266670257,0.8021048808804689,32.08419523521876,0.0
1786016728.9723167,-11.053799629211426,-6.246495246887207,-120.86381530761719,2.0845580101013184,0.011868134140968323,2.474895715713501,2.0845580101013184,1.1475837230682373,2.474924171821236,0.8392040833544272,33.568163334177086,0.0
1786016729.0222263,-10.978397369384766,-6.6822991371154785,-121.1287612915039,2.100935697555542,0.03902379795908928,2.513798236846924,2.100935697555542,1.0985908269882203,2.514101118169644,0.8140795212621108,32.56318085048443,0.0
1786016729.0721605,-11.13164234161377,-6.562989234924316,-120.75533294677734,2.097005605697632,0.03494182229042053,2.4829752445220947,2.097005605697632,1.1125572204589844,2.4832210928257137,0.8212417743240411,32.84967097296165,0.0
1786016729.122359,-11.255351066589355,-6.7649993896484375,-120.58898162841797,2.120194673538208,0.010375683195888996,2.481900453567505,2.120194673538208,1.1054447650909425,2.4819221414501236,0.8175943613147888,32.70377445259155,0.0
1786016729.172231,-11.257217407226562,-7.081577301025391,-120.57588195800781,2.133457899093628,0.006084586028009653,2.488065242767334,2.133457899093628,1.0712213039398193,2.48807268271126,0.8000438684167769,32.001754736671074,0.0
1786016729.222173,-11.280547142028809,-6.926449775695801,-120.45372009277344,2.113556146621704,-0.001960600260645151,2.5054972171783447,2.113556146621704,1.0745886802673341,2.505497984282129,0.8017707280719127,32.07082912287651,0.0
1786016729.2721777,-11.268109321594238,-7.064162731170654,-120.47611999511719,2.1536850929260254,-0.002579838503152132,2.5062482357025146,2.1536850929260254,1.0940606832504274,2.5062495634969535,0.8117563706273452,32.470254825093804,0.0
1786016729.3222704,-10.796499252319336,-6.867456912994385,-120.70890045166016,2.139003276824951,0.06292233616113663,2.57745361328125,2.139003276824951,1.1088847398757935,2.5782215476961143,0.8193584509480457,32.77433803792183,0.0
1786016729.3722274,-10.702771186828613,-7.034041404724121,-120.944580078125,2.0966250896453857,0.09670468419790268,2.5704219341278076,2.0966250896453857,1.0415188789367675,2.5722404077751277,0.7848118555946991,31.392474223787964,0.0
1786016729.4222472,-10.934741020202637,-7.086740493774414,-120.98805236816406,2.0921547412872314,0.06754498183727264,2.574395179748535,2.0921547412872314,1.0291436672210694,2.5752811236996807,0.7784655931763924,31.138623727055695,0.0
1786016729.4721935,-10.822518348693848,-6.8866963386535645,-121.09140014648438,2.0419721603393555,0.04755309596657753,2.57926082611084,2.0419721603393555,1.0089677095413208,2.579699150297565,0.7681189482124187,30.724757928496746,0.0
1786016729.5221841,-10.929940223693848,-7.096334934234619,-121.07221221923828,2.0536975860595703,0.0519753135740757,2.586071491241455,2.0536975860595703,0.9892473459243776,2.5865937429432027,0.7580059412293709,30.320237649174835,0.0
1786016729.572283,-10.827787399291992,-7.066287517547607,-121.00720977783203,2.0254244804382324,0.049973420798778534,2.596193552017212,2.0254244804382324,0.9654813528060913,2.596674469840623,0.7458182524507626,29.832730098030503,0.0
1786016729.6222007,-10.890262603759766,-5.340851306915283,-119.9985122680664,1.8365191221237183,0.014682631939649582,2.375748872756958,1.8365191221237183,1.0353914260864259,2.3757942432135475,0.7816695720817034,31.266782883268135,0.0
1786016729.6721923,-9.723464965820312,-4.565778732299805,-120.8144760131836,1.5668944120407104,0.2135600447654724,2.0948402881622314,1.5668944120407104,0.8820276021957397,2.105697918892416,0.7030214572659669,28.120858290638676,0.0
1786016729.7221901,-8.755985260009766,-3.500673532485962,-121.803466796875,1.2331395149230957,0.4234549403190613,1.9903768301010132,1.2331395149230957,0.7080384850502014,2.0349235888071022,0.6137962689862035,24.551850759448143,0.0
1786016729.77227,-7.875700950622559,-2.836793899536133,-122.33113098144531,0.9026040434837341,0.529688835144043,1.8478717803955078,0.9026040434837341,0.47708495855331423,1.9222903992004738,0.49535856309036413,19.814342523614567,0.0
1786016729.8227427,-7.837141036987305,-1.3626668453216553,-122.32453918457031,0.3774226903915405,0.49676579236984253,1.726105809211731,0.3774226903915405,0.17302266359329224,1.7961674524006168,0.33942918105958353,13.577167242383341,0.0
1786016729.8722606,-6.834939479827881,0.07972987741231918,-123.8012924194336,-0.4278128147125244,0.6341304183006287,1.608672857284546,-0.4278128147125244,-0.4158533331006765,1.729147116117699,0.03744149044729191,1.4976596178916766,0.0
1786016729.922309,-5.356339931488037,2.522587299346924,-125.77516174316406,-1.2139203548431396,0.7719263434410095,1.6100029945373535,-1.2139203548431396,-0.835532259941101,1.7854915071535493,-0.1264964207529258,0.0,5.059856830117032
1786016729.9714792,-3.320181369781494,5.026393890380859,-128.11679077148438,-1.873670220375061,0.968469500541687,1.7289175987243652,-1.873670220375061,-1.1197111368179322,1.9816884812346995,-0.2722291781256597,0.0,10.88916712502639
1786016730.0217276,-1.8824211359024048,7.171280384063721,-131.53440856933594,-2.520402669906616,1.1861748695373535,1.7865865230560303,-2.520402669906616,-1.444710612297058,2.1445051236794455,-0.43889557580726274,0.0,17.555823032290508
1786016730.071331,-0.7072193026542664,8.465956687927246,-133.40335083007812,-2.8440845012664795,1.2460283041000366,1.6802555322647095,-2.8440845012664795,-1.5741909980773927,2.091852095231538,-0.5052957736433318,0.0,20.211830945733272
1786016730.1213217,-0.10905197262763977,8.802738189697266,-134.02337646484375,-2.8952999114990234,1.455187439918518,1.6198867559432983,-2.8952999114990234,-1.5748891830444336,2.1775223506033443,-0.5056538172161732,0.0,20.226152688646927
1786016730.171312,0.49369364976882935,8.246169090270996,-133.88467407226562,-2.8379437923431396,1.5445345640182495,1.5388108491897583,-2.8379437923431396,-1.6010184288024902,2.1802582069633747,-0.5190534304254331,0.0,20.762137217017322
1786016730.2214913,1.5850675106048584,7.905189037322998,-133.82252502441406,-2.6753315925598145,1.7785180807113647,1.4320698976516724,-2.6753315925598145,-1.4895532369613649,2.283407706735113,-0.4618917935838303,0.0,18.475671743353214
1786016730.271363,2.0738306045532227,7.387829780578613,-133.38507080078125,-2.4947454929351807,1.9388264417648315,1.3457368612289429,-2.4947454929351807,-1.3865710258483888,2.360096538482442,-0.4090804032694836,0.0,16.363216130779342
1786016730.3213515,3.0282468795776367,7.610816955566406,-132.74215698242188,-2.4077389240264893,2.1074554920196533,1.2893297672271729,-2.4077389240264893,-1.2661163806915283,2.470574811557398,-0.3473087903685295,0.0,13.89235161474118
1786016730.371272,3.9547176361083984,7.350618362426758,-132.30148315429688,-2.3642091751098633,2.2914905548095703,1.2377713918685913,-2.3642091751098633,-1.2616164207458496,2.6044206613582572,-0.3450011186015148,0.0,13.80004474406059
1786016730.4212716,3.6456475257873535,6.465007781982422,-131.2143096923828,-2.216214418411255,2.2993860244750977,1.0824096202850342,-2.216214418411255,-1.2464632511138918,2.5414143061761862,-0.3372302623799979,0.0,13.489210495199917
1786016730.471269,3.588331460952759,6.486477851867676,-131.5985565185547,-2.0816538333892822,2.3172619342803955,0.8790959715843201,-2.0816538333892822,-1.1086821556091309,2.478409288096036,-0.2665732903262744,0.0,10.662931613050976
1786016730.521305,3.531407594680786,5.806134223937988,-132.1950225830078,-1.7411370277404785,2.4328930377960205,0.632072925567627,-1.7411370277404785,-0.8702168941497803,2.513659626240587,-0.14428341265481262,0.0,5.771336506192505
1786016730.5713916,4.286506652832031,5.166110992431641,-133.39866638183594,-1.556952714920044,2.632739782333374,0.4354934096336365,-1.556952714920044,-0.7820360660552979,2.668515181016423,-0.09906247517046263,0.0,3.962499006818505
1786016730.6215405,5.039583206176758,4.1765947341918945,-133.73497009277344,-1.3821717500686646,2.850968599319458,0.35159027576446533,-1.3821717500686646,-0.7556825399398804,2.872566391977335,-0.0855478463933255,0.0,3.4219138557330195
1786016730.6712773,6.027636528015137,3.387186050415039,-133.92041015625,-1.1136493682861328,3.106776475906372,0.28773194551467896,-1.1136493682861328,-0.605571460723877,3.120072073480816,-0.008567805769733986,0.0,0.3427122307893594
1786016730.7213063,6.084471702575684,2.189605951309204,-133.60775756835938,-0.903180718421936,3.0979254245758057,0.2625970244407654,-0.903180718421936,-0.5747398257255554,3.109035080773186,-0.0,0.0,0.0
1786016730.772286,6.777886867523193,1.1649738550186157,-134.01625061035156,-0.6039808988571167,3.273594856262207,0.25366735458374023,-0.6039808988571167,-0.4292348206043244,3.283408352570221,0.03057918916336993,1.2231675665347972,0.0
1786016730.8222353,6.782228946685791,0.8494970202445984,-133.7017364501953,-0.6451275944709778,3.271568536758423,0.2513580918312073,-0.6451275944709778,-0.517703041434288,3.2812103835378603,0.0,0.0,0.0
1786016730.8722293,6.578721046447754,-0.10917069017887115,-133.43777465820312,-0.4656946659088135,3.300828456878662,0.26103055477142334,-0.4656946659088135,-0.4820702694356441,3.3111335600160023,0.003484087198590572,0.13936348794362288,0.0
1786016730.9222615,5.460824012756348,-1.4910160303115845,-132.1685028076172,-0.1459580808877945,3.184629440307617,0.24446231126785278,-0.1459580808877945,-0.3696104854345321,3.193998511850691,0.061155771301724934,2.4462308520689975,0.0
1786016730.972401,4.721929550170898,-1.8467819690704346,-131.89894104003906,-0.05977506563067436,3.025289297103882,0.23437729477882385,-0.05977506563067436,-0.33679236099123955,3.0343546344287344,0.07798557870854164,3.1194231483416655,0.0
1786016731.0222728,3.9804458618164062,-3.126375913619995,-131.61505126953125,0.09787984192371368,2.9744651317596436,0.25177809596061707,0.09787984192371368,-0.37107654511928556,2.9851021807736275,0.0604039458223642,2.416157832894568,0.0
1786016731.0722775,3.460529088973999,-3.360276699066162,-130.6953582763672,0.21399115025997162,2.897732973098755,0.2620156705379486,0.21399115025997162,-0.29005035459995265,2.90955470733774,0.10195583839638109,4.078233535855244,0.0
1786016731.1227198,3.8560500144958496,-5.167698383331299,-131.0513153076172,0.4970107078552246,3.0205020904541016,0.2965332269668579,0.4970107078552246,-0.27814404964447015,3.035023036672535,0.10806163580944904,4.322465432377961,0.0
1786016731.1723094,4.727805137634277,-6.003849506378174,-132.2025146484375,0.6520774960517883,3.2457451820373535,0.34672319889068604,0.6520774960517883,-0.24849992990493774,3.264211813496128,0.12326374849638873,4.930549939855549,0.0
1786016731.2223017,5.518173694610596,-8.047991752624512,-133.53533935546875,1.0578118562698364,3.5409164428710938,0.40280938148498535,1.0578118562698364,-0.14938690662384024,3.5637542919240652,0.17409093992259259,6.963637596903704,0.0
1786016731.272316,5.374459266662598,-9.894522666931152,-134.31878662109375,1.3916877508163452,3.5587072372436523,0.41610294580459595,1.3916877508163452,-0.0924906492233275,3.5829511386450155,0.2032685078202914,8.130740312811657,0.0
1786016731.3222697,5.765911102294922,-11.798489570617676,-135.13372802734375,1.7588051557540894,3.746087074279785,0.4438866674900055,1.7588051557540894,-0.010968279838561967,3.772294227875321,0.24507485109453014,9.802994043781206,0.0
1786016731.3723276,5.558391094207764,-13.222905158996582,-135.23326110839844,1.9702879190444946,3.7971177101135254,0.4979495406150818,1.9702879190444946,-0.013147854804992587,3.829628787422686,0.24395712034251446,9.758284813700579,0.0
1786016731.4223459,-2.6445367336273193,-9.911712646484375,-124.44119262695312,1.2462481260299683,1.8831839561462402,0.4861876368522644,1.2462481260299683,-0.24050877094268786,1.9449319347767915,0.12736177873343996,5.094471149337599,0.0
1786016731.47251,-5.244853973388672,-9.77489948272705,-121.43907928466797,1.1416594982147217,1.3856358528137207,0.5970470905303955,1.1416594982147217,-0.32457542419433594,1.5087915511804861,0.08425067450182555,3.370026980073022,0.0
1786016731.5223036,-5.426912784576416,-8.18298625946045,-122.55770111083984,0.9055340886116028,1.2663676738739014,0.54395991563797,0.9055340886116028,-0.32191385030746456,1.3782523264096684,0.08561558418740062,3.4246233674960247,0.0
1786016731.5723298,-4.48256254196167,-8.418070793151855,-122.88025665283203,0.943069577217102,1.436560869216919,0.4988384544849396,0.943069577217102,-0.3196410417556763,1.5207060645102304,0.08678112703447151,3.4712450813788602,0.0
1786016731.6222727,-4.997413635253906,-8.8066987991333,-121.76862335205078,0.9848712682723999,1.4352713823318481,0.4473608136177063,0.9848712682723999,-0.33613355159759517,1.5033747498549623,0.07832342967964133,3.1329371871856533,0.0
1786016731.672269,-4.828132629394531,-8.431478500366211,-121.9453353881836,0.9688069224357605,1.4774202108383179,0.4052037298679352,0.9688069224357605,-0.29591485261917105,1.5319792890546615,0.09894840351473062,3.957936140589225,0.0
1786016731.7222815,-5.427517414093018,-8.75816822052002,-120.9045639038086,0.9974707365036011,1.3856724500656128,0.3995254635810852,0.9974707365036011,-0.31625449657440186,1.442119528652365,0.08851781687102252,3.5407126748409006,0.0
1786016731.7723317,-5.213316440582275,-8.432036399841309,-121.0656967163086,0.964918315410614,1.402823567390442,0.3763958513736725,0.964918315410614,-0.2998871445655822,1.4524420119775376,0.09691133072169927,3.876453228867971,0.0
1786016731.8222811,-5.266406536102295,-8.67454719543457,-120.62041473388672,1.0087754726409912,1.4074854850769043,0.3548212945461273,1.0087754726409912,-0.2924066066741944,1.4515211130967258,0.10074750399933403,4.029900159973361,0.0
1786016731.8723168,-5.033595085144043,-8.620485305786133,-120.89094543457031,1.006675124168396,1.4420905113220215,0.3465805649757385,1.006675124168396,-0.2863976716995238,1.4831531043233235,0.10382900911454973,4.153160364581989,0.0
1786016731.9222758,-5.141195774078369,-8.235777854919434,-120.28655242919922,0.9612284302711487,1.4102916717529297,0.32886308431625366,0.9612284302711487,-0.2741382479667662,1.4481275937021822,0.11011589308006643,4.404635723202658,0.0
1786016731.9723558,-5.062251091003418,-8.436365127563477,-120.70883178710938,0.9888688325881958,1.427025556564331,0.3265841603279114,0.9888688325881958,-0.2765859365463257,1.4639191073501383,0.10886066816747184,4.354426726698874,0.0
1786016732.0224586,-5.620420455932617,-7.553369522094727,-119.56546020507812,0.8269580006599426,1.2958958148956299,0.3318110704421997,0.8269580006599426,-0.3060474276542664,1.3377012183339025,0.0937522111890407,3.750088447561628,0.0
1786016732.0722969,-6.6652116775512695,-6.82040548324585,-117.66458892822266,0.6751142144203186,1.0086421966552734,0.35843512415885925,0.6751142144203186,-0.34794660806655875,1.0704367422245709,0.07226545200324976,2.89061808012999,0.0
1786016732.1223586,-7.052934646606445,-6.477552890777588,-117.39999389648438,0.6279467940330505,0.9680088758468628,0.37555786967277527,0.6279467940330505,-0.3436861395835876,1.038308671441908,0.07445030763554264,2.9780123054217054,0.0
1786016732.1723623,-7.184995174407959,-6.255695819854736,-117.38984680175781,0.5774801969528198,0.9288204312324524,0.3898913562297821,0.5774801969528198,-0.3608741760253906,1.0073344346032937,0.06563592997307956,2.625437198923182,0.0
1786016732.2223055,-7.660116195678711,-6.703052997589111,-117.21302795410156,0.6362727284431458,0.8583856821060181,0.4285155236721039,0.6362727284431458,-0.3691852211952209,0.9594016537783283,0.06137385552701274,2.4549542210805093,0.0
1786016732.2723875,-7.67064905166626,-7.144724369049072,-116.8366470336914,0.7325669527053833,0.8335717916488647,0.46199825406074524,0.7325669527053833,-0.3391417026519774,0.9530395157536099,0.07678078811329146,3.0712315245316586,0.0
1786016732.3223002,-8.053384780883789,-7.496922969818115,-117.34461212158203,0.7906628847122192,0.7951992154121399,0.47712182998657227,0.7906628847122192,-0.33387556076049796,0.9273548581000794,0.07948137369866554,3.1792549479466214,0.0
1786016732.3723953,-8.084260940551758,-8.20634651184082,-117.76605224609375,0.9184098243713379,0.7963618636131287,0.49613943696022034,0.9184098243713379,-0.3125421524047851,0.938267850203011,0.09042158311185161,3.6168633244740644,0.0
1786016732.4223595,-8.312742233276367,-9.08847713470459,-118.0636215209961,1.0803683996200562,0.7770408391952515,0.5202765464782715,1.0803683996200562,-0.2829031705856322,0.9351364342130071,0.10562106096782747,4.2248424387130985,0.0
1786016732.4723415,-8.578719139099121,-9.578350067138672,-118.12152862548828,1.1862850189208984,0.7492167353630066,0.5488253235816956,1.1862850189208984,-0.2504674911499023,0.9287275985737445,0.12225474272974024,4.89018970918961,0.0
1786016732.5223272,-8.23559856414795,-10.113504409790039,-118.84469604492188,1.284848928451538,0.8458472490310669,0.5848877429962158,1.284848928451538,-0.23217673301696773,1.0283731037909496,0.1316346186953477,5.265384747813908,0.0
1786016732.5723586,-8.024491310119629,-10.232385635375977,-119.23260498046875,1.3307102918624878,0.8392221331596375,0.6535816788673401,1.3307102918624878,-0.20414755344390856,1.063702401866266,0.14600855693794215,5.840342277517686,0.0
1786016732.6223588,-8.315235137939453,-10.700569152832031,-118.85734558105469,1.4131226539611816,0.8171614408493042,0.687745988368988,1.4131226539611816,-0.19196271896362305,1.06805775355481,0.15225719000475524,6.0902876001902095,0.0
1786016732.6723468,-8.494743347167969,-11.076841354370117,-119.169189453125,1.4953845739364624,0.8130505084991455,0.6998392939567566,1.4953845739364624,-0.16614162921905518,1.0727656625454651,0.16549877448914901,6.61995097956596,0.0
1786016732.722317,-8.566131591796875,-11.355392456054688,-120.19200134277344,1.5441237688064575,0.7091923952102661,0.6947012543678284,1.5441237688064575,-0.15918509960174565,0.9927556024743998,0.16906622557494877,6.762649022997951,0.0
1786016732.772404,-9.332931518554688,-12.196370124816895,-120.61239624023438,1.7621922492980957,0.681682825088501,0.6913453340530396,1.7621922492980957,-0.06726326942443839,0.9709015629493799,0.2162056256658756,8.648225026635023,0.0
1786016732.8223345,-9.182550430297852,-12.443435668945312,-121.61737823486328,1.8004200458526611,0.7704483866691589,0.7063695192337036,1.8004200458526611,-0.0660953044891357,1.0452505030965369,0.2168045820429539,8.672183281718155,0.0
1786016732.8723352,-8.903719902038574,-12.645275115966797,-123.56787109375,1.832473874092102,0.7818524241447449,0.6575598120689392,1.832473874092102,-0.0643173933029173,1.0216056575749533,0.21771633136921972,8.70865325476879,0.0
1786016732.9223316,-9.031426429748535,-13.537282943725586,-125.02011108398438,2.00508451461792,0.795915424823761,0.6159189343452454,2.00508451461792,-0.02550792694091797,1.0063982795878432,0.23761862181127066,9.504744872450827,0.0
1786016732.9724083,-10.04007625579834,-13.728507995605469,-124.80294036865234,2.058706760406494,0.6419270038604736,0.5919820666313171,2.058706760406494,-0.0005694389343262607,0.8732199296273361,0.25040759001977925,10.01630360079117,0.0
1786016733.0223324,-9.778526306152344,-13.628888130187988,-126.64366912841797,2.0276689529418945,0.7045413255691528,0.5507923364639282,2.0276689529418945,-0.01666426658630371,0.8942878045361751,0.24215383224953438,9.686153289981375,0.0
1786016733.0723436,-9.465556144714355,-13.874780654907227,-128.1873779296875,2.092984914779663,0.7778644561767578,0.5204985737800598,2.092984914779663,0.01176781654357928,0.935944377348483,0.2567343877007564,10.269375508030256,0.0
1786016733.1227508,-9.89291763305664,-14.426677703857422,-129.16871643066406,2.1105916500091553,0.70943284034729,0.4688994884490967,2.1105916500091553,-0.05341000556945774,0.850389137531194,0.22330986354022464,8.932394541608986,0.0
1786016733.1724463,-10.66973876953125,-14.824456214904785,-129.09120178222656,2.1777563095092773,0.5749156475067139,0.4340966045856476,2.1777563095092773,-0.04591212272644052,0.7203942419681407,0.22715493166484885,9.086197266593954,0.0
1786016733.2223544,-10.110913276672363,-15.191217422485352,-130.54808044433594,2.286440849304199,0.6943153738975525,0.4145360291004181,2.286440849304199,0.007758235931396573,0.8086494653759692,0.2546781925150217,10.187127700600868,0.0
1786016733.2723958,-10.646271705627441,-15.1333589553833,-130.75836181640625,2.219581365585327,0.6464482545852661,0.39639461040496826,2.219581365585327,-0.05042247772216779,0.758303391140013,0.22484192910293743,8.993677164117496,0.0
1786016733.3223531,-10.355021476745605,-15.477654457092285,-131.62591552734375,2.275437355041504,0.699388861656189,0.39409032464027405,2.275437355041504,-0.04621081352233869,0.8027776552594227,0.2270017568977216,9.080070275908863,0.0
1786016733.3724296,-10.635106086730957,-15.963022232055664,-132.20343017578125,2.336561679840088,0.6049357652664185,0.38070183992385864,2.336561679840088,-0.05789165496826154,0.7147595197126644,0.2210115817972483,8.840463271889933,0.0
1786016733.4223797,-10.867042541503906,-16.26317596435547,-132.69842529296875,2.426513671875,0.6201091408729553,0.3634966313838959,2.426513671875,-0.012962722778320224,0.7187942317670855,0.24405205984337208,9.762082393734882,0.0
1786016733.4724045,-11.27259635925293,-16.417978286743164,-132.75399780273438,2.3966023921966553,0.5271008610725403,0.3693108856678009,2.3966023921966553,-0.06609435081481907,0.643603797391026,0.216805071106706,8.67220284426824,0.0
1786016733.522709,-11.51651668548584,-17.189769744873047,-132.70339965820312,2.5690090656280518,0.58326256275177,0.3748782277107239,2.5690090656280518,-0.009456396102905273,0.6933461637012899,0.2458501760871746,9.834007043486984,0.0
1786016733.572596,-11.66796588897705,-17.252689361572266,-133.66990661621094,2.593451976776123,0.4960116446018219,0.3470748960971832,2.593451976776123,0.005548572540283292,0.6053829656353692,0.2535450318016303,10.141801272065212,0.0
1786016733.6224086,-11.749460220336914,-17.697816848754883,-134.05960083007812,2.712465286254883,0.47517338395118713,0.34105902910232544,2.712465286254883,0.05779275894165048,0.5849025612423348,0.28033692226386986,11.213476890554794,0.0
1786016733.6723902,-11.71069049835205,-18.093969345092773,-133.69488525390625,2.7226295471191406,0.5310704112052917,0.3561510145664215,2.7226295471191406,0.008534145355224787,0.6394367262164796,0.25507609478365156,10.203043791346062,0.0
1786016733.722382,-12.244327545166016,-18.75936508178711,-133.74269104003906,2.830989360809326,0.48756644129753113,0.34010714292526245,2.830989360809326,0.017084598541259766,0.5944694301209472,0.25946094257136176,10.37843770285447,0.0
1786016733.7724268,-12.147101402282715,-19.141460418701172,-133.27928161621094,2.8850302696228027,0.46622082591056824,0.333243191242218,2.8850302696228027,0.013811206817627042,0.5730731916797626,0.257782280148986,10.31129120595944,0.0
1786016733.8223586,-12.606868743896484,-19.66425323486328,-133.43460083007812,2.991584300994873,0.4090493321418762,0.31044378876686096,2.991584300994873,0.04194631576538077,0.5135140719684694,0.2722105411478341,10.888421645913365,0.0
1786016733.8724024,-12.259716987609863,-19.71699333190918,-133.8947296142578,3.0470058917999268,0.4410450756549835,0.30220210552215576,3.0470058917999268,0.0894568920135499,0.5346464919379293,0.2965749392238183,11.862997568952732,0.0
1786016733.9224117,-12.995213508605957,-20.040918350219727,-133.60934448242188,3.020022392272949,0.3345222473144531,0.30726099014282227,3.020022392272949,0.013884639739990323,0.4542185046999513,0.2578199380578903,10.312797522315611,0.0
1786016733.972437,-12.571688652038574,-20.082103729248047,-134.23782348632812,3.0733301639556885,0.4014855921268463,0.32279038429260254,3.0733301639556885,0.06101460456848162,0.5151546494764562,0.2819891507904499,11.279566031617996,0.0
1786016734.0224087,-13.465411186218262,-20.5585880279541,-133.170166015625,3.12325382232666,0.25053340196609497,0.322776734828949,3.12325382232666,0.0394656181335451,0.40859736422001375,0.2709383885161235,10.83753554064494,0.0
1786016734.0724094,-13.079055786132812,-20.769996643066406,-132.99957275390625,3.145589828491211,0.3595942556858063,0.3259541094303131,3.145589828491211,0.03009033203125,0.485339170247712,0.2661305494893055,10.64522197957222,0.0
1786016734.122507,-13.531593322753906,-21.302043914794922,-132.28956604003906,3.2208540439605713,0.2771967053413391,0.3039908707141876,3.2208540439605713,0.025547456741333185,0.41139818051331134,0.2638008698534507,10.552034794138027,0.0
1786016734.1724606,-13.867834091186523,-21.371410369873047,-130.3466339111328,3.27128005027771,0.21167601644992828,0.2542657256126404,3.27128005027771,0.0655684947967532,0.33084406472148303,0.28432447911264047,11.372979164505619,0.0
1786016734.2224276,-14.425087928771973,-22.505786895751953,-124.36152648925781,3.4663031101226807,0.13350707292556763,0.17567379772663116,3.4663031101226807,0.09043507575988796,0.22064773220871806,0.297076571914248,11.883062876569921,0.0
1786016734.2724032,-15.90706729888916,-23.770536422729492,-117.68299102783203,3.653622627258301,-0.11388266086578369,0.11972091346979141,3.653622627258301,0.08804216384887686,0.1652342505896171,0.29584943760090904,11.833977504036362,0.0
1786016734.3224502,-15.531951904296875,-24.08840560913086,-114.64606475830078,3.666057586669922,-0.046506740152835846,0.10345879197120667,3.666057586669922,0.052796745300293324,0.11343102977485839,0.2777748639862508,11.110994559450031,0.0
1786016734.3724906,-15.344462394714355,-23.947223663330078,-113.59727478027344,3.560218572616577,0.0037347751203924417,0.13719771802425385,3.560218572616577,-0.03186497688293466,0.13724854234658584,0.23435859619998006,9.374343847999203,0.0
1786016734.4224312,-16.114133834838867,-23.988265991210938,-112.75794982910156,3.5252857208251953,-0.10418765246868134,0.09739404171705246,3.5252857208251953,-0.07295417785644531,0.14262070778438057,0.2132872110853592,8.531488443414368,0.0
1786016734.472468,-16.123640060424805,-24.779586791992188,-111.730224609375,3.6129274368286133,-0.09061254560947418,0.09417279064655304,3.6129274368286133,-0.10401058197021484,0.13068721406468403,0.19736085000137482,7.894434000054993,0.0
1786016734.5224543,-12.845637321472168,-23.255521774291992,-119.16915893554688,3.2975378036499023,0.5258259773254395,0.16579021513462067,3.2975378036499023,-0.1907904624938963,0.5513432269146301,0.15285834716871766,6.114333886748707,0.0
1786016734.572574,-13.4951810836792,-22.197397232055664,-129.75355529785156,3.1282806396484375,0.575027346611023,0.2603702247142792,3.1282806396484375,-0.20132894515991184,0.6312282497387753,0.1474539970835815,5.8981598833432605,0.0
1786016734.622741,-12.533025741577148,-15.84405517578125,-129.683349609375,2.3168187141418457,0.7035148739814758,0.37888213992118835,2.3168187141418457,-0.05978956222534171,0.7990524725350837,0.2200382960243867,8.801531840975468,0.0
1786016734.6726305,-10.177845001220703,-11.531919479370117,-130.843505859375,1.714864730834961,1.001809000968933,0.43527752161026,1.714864730834961,-0.014923191070556507,1.092285583188546,0.2430466914883791,9.721867659535164,0.0
1786016734.7226768,-8.868345260620117,-9.104558944702148,-130.4260711669922,1.3478118181228638,1.0654367208480835,0.4074818789958954,1.3478118181228638,-0.01787202358245854,1.1407001743848129,0.24153446968740372,9.66137878749615,0.0
1786016734.7725313,-8.916034698486328,-8.629110336303711,-131.63494873046875,1.3257771730422974,1.0445281267166138,0.4012823700904846,1.3257771730422974,0.03141062259674077,1.1189577954719987,0.26680762157417254,10.672304862966902,0.0
1786016734.8227103,-8.943171501159668,-8.970602035522461,-131.34686279296875,1.40701162815094,0.9963352084159851,0.375344842672348,1.40701162815094,0.061421322822570845,1.064691316039562,0.2821977242540854,11.287908970163416,0.0
1786016734.8724473,-9.419404029846191,-9.142317771911621,-130.60536193847656,1.4008898735046387,0.860140323638916,0.3324637711048126,1.4008898735046387,0.029542207717895508,0.922157001517037,0.26584946009784166,10.633978403913666,0.0
1786016734.9224505,-9.369503021240234,-9.208739280700684,-128.84754943847656,1.4134594202041626,0.8173167705535889,0.31246277689933777,1.4134594202041626,0.0321485280990601,0.8750083944601864,0.267186034652285,10.6874413860914,0.0
1786016734.972481,-9.694487571716309,-9.497958183288574,-128.60128784179688,1.4860749244689941,0.7763826847076416,0.3138938248157501,1.4860749244689941,0.0613811969757081,0.8374362103296621,0.2821771468967199,11.287085875868797,0.0
1786016735.0226197,-9.615187644958496,-9.149530410766602,-127.99506378173828,1.465039849281311,0.7926060557365417,0.31063541769981384,1.465039849281311,0.09261028766632085,0.8513041303316786,0.29819206519959823,11.927682607983929,0.0
1786016735.072473,-10.430590629577637,-10.385092735290527,-125.19921875,1.6115764379501343,0.6595167517662048,0.27519357204437256,1.6115764379501343,0.05381252765655531,0.7146284684749041,0.2782957780151031,11.131831120604122,0.0
1786016735.1226017,-10.527425765991211,-9.890206336975098,-124.42385864257812,1.5865291357040405,0.6223791837692261,0.2787909209728241,1.5865291357040405,0.10299818515777592,0.6819679068740138,0.30351919211829315,12.140767684731726,0.0
1786016735.1727943,-10.451882362365723,-9.950867652893066,-123.54782104492188,1.5800849199295044,0.6340306401252747,0.2703685462474823,1.5800849199295044,0.08745477199554452,0.689270631477682,0.29554821100945655,11.821928440378262,0.0
1786016735.2224684,-10.300411224365234,-10.013819694519043,-122.87703704833984,1.581811547279358,0.6424307227134705,0.27342668175697327,1.581811547279358,0.07973859310150155,0.6981972384525601,0.2915911961919986,11.663647847679943,0.0
1786016735.2725635,-10.179423332214355,-10.273040771484375,-122.51779174804688,1.6312888860702515,0.6634762287139893,0.2675846815109253,1.6312888860702515,0.09033277034759535,0.7154035699154996,0.29702410760025183,11.880964304010073,0.0
1786016735.3229396,-10.226011276245117,-10.290300369262695,-122.10041809082031,1.6214663982391357,0.6632159948348999,0.25545647740364075,1.6214663982391357,0.0779213428497314,0.7107133512551476,0.2906592729859626,11.626370919438504,0.0
1786016735.3727171,-10.220382690429688,-10.109559059143066,-121.68183135986328,1.6127700805664062,0.6384726166725159,0.24683764576911926,1.6127700805664062,0.09633622169494638,0.684526190594261,0.3001028005988934,12.004112023955734,0.0
1786016735.422466,-10.349139213562012,-10.245153427124023,-121.47576141357422,1.5996736288070679,0.6119240522384644,0.23941069841384888,1.5996736288070679,0.06290061473846431,0.6570909588656275,0.28295633549300514,11.318253419720206,0.0
1786016735.4724832,-10.454751014709473,-10.394445419311523,-121.11962127685547,1.621376395225525,0.6172434687614441,0.24356570839881897,1.621376395225525,0.062209582328796476,0.6635614169287409,0.28260195989830367,11.304078395932146,0.0
1786016735.522457,-10.547934532165527,-10.335456848144531,-120.2831039428711,1.5792806148529053,0.5997042655944824,0.2495470494031906,1.5792806148529053,0.02896208763122554,0.649552873935645,0.2655519626174981,10.622078504699923,0.0
1786016735.5726206,-10.618233680725098,-10.339835166931152,-120.07616424560547,1.5791575908660889,0.6135467886924744,0.2589298188686371,1.5791575908660889,0.02818231582641606,0.6659461787668678,0.2651520796406727,10.60608318562691,0.0
1786016735.622489,-10.515844345092773,-10.507590293884277,-120.0903091430664,1.613686442375183,0.6240432262420654,0.25998538732528687,1.613686442375183,0.03754789829254146,0.6760342815577366,0.26995494244381396,10.798197697752558,0.0
1786016735.6725414,-10.571172714233398,-10.394384384155273,-119.6681900024414,1.575225591659546,0.6014637351036072,0.24208498001098633,1.575225591659546,0.01606793403625484,0.6483546577234576,0.25893957615853874,10.35758304634155,0.0
1786016735.7241602,-10.493097305297852,-10.333785057067871,-119.6606216430664,1.5882784128189087,0.5810347199440002,0.23122549057006836,1.5882784128189087,0.03821065425872816,0.6253531588388849,0.27029481729826865,10.811792691930746,0.0
1786016735.7726765,-10.692368507385254,-10.754189491271973,-119.74723815917969,1.6326571702957153,0.5733321905136108,0.23802725970745087,1.6326571702957153,0.019528746604919434,0.620779169304974,0.260714351834777,10.42857407339108,0.0
1786016735.8225057,-10.693634033203125,-10.947986602783203,-119.43065643310547,1.5826096534729004,0.5329737663269043,0.21413037180900574,1.5826096534729004,-0.05958833694457999,0.5743804068069772,0.22014148847605938,8.805659539042376,0.0
1786016735.8725007,-10.844928741455078,-11.127273559570312,-119.05108642578125,1.5920947790145874,0.5028778314590454,0.20384500920772552,1.5920947790145874,-0.07699625492095952,0.5426222453529249,0.211214351052275,8.448574042091,0.0
1786016735.9224868,-11.006546020507812,-11.017000198364258,-118.77845764160156,1.6409448385238647,0.4801046848297119,0.20706595480442047,1.6409448385238647,-0.01160519123077397,0.522854490307297,0.24474822986775477,9.78992919471019,0.0
1786016735.972554,-10.49962329864502,-11.482522964477539,-118.1180419921875,1.554407000541687,0.5253077149391174,0.2674503028392792,1.554407000541687,-0.1679714441299438,0.5894725268096718,0.1645604078681805,6.58241631472722,0.0
1786016736.0225081,-10.054017066955566,-8.668633460998535,-118.58882904052734,0.8709977865219116,0.5229263305664062,0.20451973378658295,0.8709977865219116,-0.42929723262786856,0.5614982357120823,0.030547182997449837,1.2218873198979936,0.0
1786016736.0724733,-8.59711742401123,-7.374233245849609,-119.19999694824219,0.7326048016548157,0.6787415742874146,0.17849613726139069,0.7326048016548157,-0.3735301852226256,0.70181977436048,0.05914566884629238,2.365826753851695,0.0
1786016736.1224797,-7.315725326538086,-8.108202934265137,-119.92664337158203,0.5926469564437866,0.8443242311477661,0.18111181259155273,0.5926469564437866,-0.6235834836959839,0.8635304835172086,-0.01780474062722471,0.0,0.7121896250889883
1786016736.1712635,-7.835150241851807,-6.8962202072143555,-120.77294158935547,0.3764626681804657,0.7712802886962891,0.1611383706331253,0.3764626681804657,-0.6579703629016875,0.7879332828493346,-0.03543903765579066,0.0,1.4175615062316262
1786016736.221301,-7.055469512939453,-6.90617561340332,-121.64059448242188,0.43662288784980774,0.8736844658851624,0.16817478835582733,0.43662288784980774,-0.5993034541606903,0.8897231622069691,-0.005353443429638236,0.0,0.21413773718552942
1786016736.2713125,-7.632868766784668,-6.774616241455078,-123.0514144897461,0.46044790744781494,0.8101081848144531,0.16365337371826172,0.46044790744781494,-0.5557445287704468,0.826473047251232,-0.0,0.0,0.0
1786016736.3212662,-7.458754062652588,-6.702364921569824,-122.80965423583984,0.4528147876262665,0.7793812155723572,0.17305319011211395,0.4528147876262665,-0.552539950609207,0.7983623774922166,-0.0,0.0,0.0
1786016736.3713508,-7.849894046783447,-6.878023147583008,-123.2751693725586,0.49242648482322693,0.7461614012718201,0.1714833676815033,0.49242648482322693,-0.5392769873142242,0.7656130759981282,-0.0,0.0,0.0
1786016736.4212856,-8.048052787780762,-7.185328960418701,-123.7878189086914,0.5681073069572449,0.7565779685974121,0.030572449788451195,0.5681073069572449,-0.5096920371055602,0.7571954154992316,0.0,0.0,0.0
1786016736.4712665,-7.600080966949463,-6.5485029220581055,-122.83489227294922,0.4654315412044525,0.7572648525238037,0.19353803992271423,0.4654315412044525,-0.5168438971042633,0.781605418203472,0.0,0.0,0.0
1786016736.521282,-7.691972255706787,-6.752503871917725,-121.89329528808594,0.44582492113113403,0.7572104930877686,0.1804494559764862,0.44582492113113403,-0.5670506596565246,0.7784148874504081,-0.0,0.0,0.0
1786016736.571263,-7.295172214508057,-6.733336925506592,-122.35523223876953,0.4750288724899292,0.8015276789665222,0.172051340341568,0.4750288724899292,-0.5349716663360595,0.8197855108885436,0.0,0.0,0.0
1786016736.621284,-7.296335697174072,-6.464883804321289,-121.8070068359375,0.42951634526252747,0.7949836850166321,0.17074400186538696,0.42951634526252747,-0.5402162253856658,0.8131128910647223,-0.0,0.0,0.0
1786016736.671658,-7.457499027252197,-6.558100700378418,-121.92524719238281,0.4437696635723114,0.7931742072105408,0.16972166299819946,0.4437696635723114,-0.5399454414844512,0.8111293151372007,-0.0,0.0,0.0
1786016736.7212908,-6.846830368041992,-6.520597457885742,-121.86273956298828,0.4478793442249298,0.8314809799194336,0.1745346188545227,0.4478793442249298,-0.5302102744579315,0.8496016437993014,0.0,0.0,0.0
1786016736.7712657,-7.4454827308654785,-6.486434459686279,-121.30513000488281,0.42118290066719055,0.7755229473114014,0.1718716025352478,0.42118290066719055,-0.5517822682857513,0.7943397821868151,-0.0,0.0,0.0
1786016736.8212757,-7.017221450805664,-6.603376388549805,-121.6772232055664,0.44662636518478394,0.8144710063934326,0.17553435266017914,0.44662636518478394,-0.5438800930976867,0.8331718485518813,-0.0,0.0,0.0
1786016736.8712802,-7.31805944442749,-6.322747230529785,-121.57637023925781,0.4334276616573334,0.7878557443618774,0.17157559096813202,0.4334276616573334,-0.5149844229221343,0.8063218075558118,0.0,0.0,0.0
1786016736.9212646,-6.91435432434082,-6.377410411834717,-120.98165130615234,0.39599859714508057,0.837876558303833,0.1760980784893036,0.39599859714508057,-0.5606129646301269,0.8561820251574436,-0.0,0.0,0.0
1786016736.9712658,-7.106830596923828,-6.65432071685791,-121.24650573730469,0.4552452266216278,0.8206241130828857,0.1705608367919922,0.4552452266216278,-0.5429028809070586,0.8381616395542434,-0.0,0.0,0.0
1786016737.0213475,-7.177204608917236,-6.110405921936035,-120.8587417602539,0.3829689919948578,0.7957092523574829,0.17154920101165771,0.3829689919948578,-0.5335918962955475,0.813991610924242,0.0,0.0,0.0
1786016737.0728333,-7.564484119415283,-4.680438041687012,-118.79936218261719,0.21786324679851532,0.7419773936271667,0.1660187691450119,0.21786324679851532,-0.48420245945453644,0.7603240653577843,0.0023906564196714383,0.09562625678685753,0.0
1786016737.1226068,-7.14331579208374,-3.896692991256714,-118.16166687011719,0.13909834623336792,0.7755877375602722,0.17255721986293793,0.13909834623336792,-0.44540560245513916,0.7945516551997661,0.022286480521926454,0.8914592208770582,0.0
1786016737.1731193,-7.180454254150391,-3.3665056228637695,-116.08120727539062,0.04719528183341026,0.7827752828598022,0.1663392037153244,0.04719528183341026,-0.4577805615961551,0.8002536311375861,0.015940347629097764,0.6376139051639106,0.0
1786016737.2226353,-6.800698757171631,-3.093860387802124,-113.96109771728516,0.0249930452555418,0.8205381035804749,0.16969609260559082,0.0249930452555418,-0.4390860129147768,0.8379018697156889,0.025527295670830237,1.0210918268332094,0.0
1786016737.2727375,-5.939933776855469,-3.247188091278076,-112.85640716552734,0.015895403921604156,0.8981989622116089,0.17789505422115326,0.015895403921604156,-0.47118280977010724,0.9156462341070148,0.009067399847583849,0.36269599390335394,0.0
1786016737.3225892,-6.155320644378662,-3.333371877670288,-113.56721496582031,-0.021754734218120575,0.8680137395858765,0.17309649288654327,-0.021754734218120575,-0.5217605158686638,0.8851046536763203,0.0,0.0,0.0
1786016737.372634,-5.895562648773193,-2.465433120727539,-114.3899154663086,-0.10212995111942291,0.8994023203849792,0.1693854033946991,-0.10212995111942291,-0.47194491922855375,0.9152136082888354,0.008676574484277945,0.3470629793711178,0.0
1786016737.422594,-7.080554008483887,-3.3245155811309814,-113.10305786132812,0.01071728765964508,0.8233422040939331,0.16786229610443115,0.01071728765964508,-0.4879600495100021,0.8402797959582912,0.00046368716045827666,0.018547486418331066,0.0
1786016737.4732523,-6.679543495178223,-4.063549995422363,-112.80119323730469,0.08239461481571198,0.8526486754417419,0.1783570796251297,0.08239461481571198,-0.5271378844976425,0.8711033300274783,0.0,0.0,0.0
1786016737.5212934,-6.521642684936523,-3.8511273860931396,-113.05950927734375,0.059583328664302826,0.8605961799621582,0.17341028153896332,0.059583328664302826,-0.5180857792496681,0.8778934506583825,0.0,0.0,0.0
1786016737.571643,-6.9406418800354,-3.572556257247925,-112.91969299316406,0.036359529942274094,0.8304317593574524,0.17091980576515198,0.036359529942274094,-0.4995239086449146,0.8478387151766018,0.0,0.0,0.0
1786016737.6212792,-6.49470853805542,-3.186128616333008,-113.27911376953125,-0.020819690078496933,0.8667234182357788,0.1631365716457367,-0.020819690078496933,-0.49873898252844806,0.8819427559238963,0.0,0.0,0.0
1786016737.6712458,-5.360569953918457,-3.7495648860931396,-114.39925384521484,0.059361960738897324,1.0082807540893555,0.1578582376241684,0.059361960738897324,-0.5030727721750736,1.0205632279544505,0.0,0.0,0.0
1786016737.7213297,-4.8720574378967285,-3.2212491035461426,-115.31875610351562,-0.027581699192523956,0.9975258111953735,0.15715183317661285,-0.027581699192523956,-0.5107690647244454,1.0098289175260124,0.0,0.0,0.0
1786016737.7726097,-4.571444988250732,-2.417907238006592,-115.05674743652344,-0.11186223477125168,1.0523838996887207,0.13998191058635712,-0.11186223477125168,-0.47454832047224044,1.0616528658725723,0.0073414969234129775,0.29365987693651907,0.0
1786016737.8250563,-4.618958473205566,-2.503300666809082,-115.41610717773438,-0.094734326004982,1.0148110389709473,0.1419510394334793,-0.094734326004982,-0.47022942602634427,1.0246909497080272,0.009556314587975116,0.38225258351900465,0.0
1786016737.8725762,-5.509023189544678,-2.2218968868255615,-114.84931945800781,-0.11211781203746796,0.930816113948822,0.15313434600830078,-0.11211781203746796,-0.44540234506130216,0.9433285567150909,0.0222881509803044,0.891526039212176,0.0
1786016737.9225874,-5.916762828826904,-2.7786474227905273,-114.4963150024414,-0.06644857674837112,0.8978297114372253,0.1530790477991104,-0.06644857674837112,-0.48324569016695024,0.910786136046511,0.0028813073363823105,0.11525229345529242,0.0
1786016737.972641,-6.048999309539795,-3.5487921237945557,-113.90702819824219,0.0005769978160969913,0.9095691442489624,0.16330797970294952,0.0005769978160969913,-0.5317418207530863,0.9241133720515295,0.0,0.0,0.0
1786016738.02259,-6.560934066772461,-3.1964831352233887,-113.1178970336914,0.0073796045035123825,0.8490723371505737,0.16880308091640472,0.0073796045035123825,-0.4720928657799959,0.8656895019816331,0.008600704457897368,0.3440281783158947,0.0
1786016738.072613,-6.195601940155029,-3.417999029159546,-112.7173843383789,0.02835758775472641,0.8829745650291443,0.17607711255550385,0.02835758775472641,-0.48434226661920543,0.9003595015627314,0.002318960437789904,0.09275841751159615,0.0
1786016738.1225955,-5.943411350250244,-4.381575584411621,-112.531494140625,0.10217850655317307,0.9201207160949707,0.16333985328674316,0.10217850655317307,-0.5550578311085701,0.9345063080893871,-0.0,0.0,0.0
1786016738.1712854,-5.649646282196045,-4.293536186218262,-114.0743179321289,0.09404794126749039,0.9730797410011292,0.15552300214767456,0.09404794126749039,-0.5499824866652488,0.9854296456591156,-0.0,0.0,0.0
1786016738.221269,-4.2388153076171875,-5.527022838592529,-114.27706909179688,0.18634143471717834,1.1160136461257935,0.14881160855293274,0.18634143471717834,-0.6427119910717011,1.125891359403339,-0.027614231589130935,0.0,1.1045692635652373
1786016738.2713127,-4.269161701202393,-5.536653518676758,-115.36297607421875,0.1750507801771164,1.0991458892822266,0.1632819026708603,0.1750507801771164,-0.6554472476243972,1.1112077509025182,-0.034145132385385364,0.0,1.3658052954154145
1786016738.3213243,-3.372952699661255,-5.108043670654297,-115.95638275146484,0.11164795607328415,1.1831934452056885,0.13120701909065247,0.11164795607328415,-0.6545585945248603,1.190446139326077,-0.033689412847161315,0.0,1.3475765138864526
1786016738.371274,-2.710888624191284,-5.264129161834717,-118.27783966064453,0.1284915655851364,1.2201519012451172,0.13709120452404022,0.1284915655851364,-0.661127808690071,1.227829247277457,-0.03705824062419246,0.0,1.4823296249676985
1786016738.42128,-1.6313259601593018,-5.655983924865723,-119.01373291015625,0.19932302832603455,1.354407787322998,0.15293341875076294,0.19932302832603455,-0.6490745604038238,1.363014704591251,-0.030877087656886196,0.0,1.2350835062754477
1786016738.4712908,-2.0720055103302,-5.822292327880859,-117.28087615966797,0.19232340157032013,1.2930387258529663,0.15007033944129944,0.19232340157032013,-0.6810204476118088,1.3017181927496786,-0.04725959391739131,0.0,1.8903837566956525
1786016738.5212684,-3.7248342037200928,-4.805384635925293,-116.01216888427734,0.0971524566411972,1.0983903408050537,0.16607071459293365,0.0971524566411972,-0.6236552387475968,1.1108739005932444,-0.017841538089590263,0.0,0.7136615235836106
1786016738.5712962,-1.3095169067382812,-6.205162525177002,-121.22599029541016,0.3856149911880493,1.3617914915084839,0.21902549266815186,0.3856149911880493,-0.5451593875885009,1.3792926566843702,-0.0,0.0,0.0
1786016738.6213276,-1.5041929483413696,-5.644533634185791,-120.15060424804688,0.3212631940841675,1.3584686517715454,0.22382846474647522,0.3212631940841675,-0.5254168510437012,1.3767847542287663,0.0,0.0,0.0
1786016738.6712759,-2.812314510345459,-5.6098737716674805,-117.3173828125,0.24691073596477509,1.2436217069625854,0.20734374225139618,0.24691073596477509,-0.594570329785347,1.2607879986259976,-0.0029262001602313923,0.0,0.1170480064092557
1786016738.7212753,-2.8464481830596924,-5.857940673828125,-117.66931915283203,0.28568464517593384,1.2221581935882568,0.21007700264453888,0.28568464517593384,-0.5930064558982849,1.2400818510062248,-0.002124213551481634,0.0,0.08496854205926536
1786016738.7712822,-2.472630500793457,-4.912636756896973,-118.09607696533203,0.23144681751728058,1.2462899684906006,0.2225814312696457,0.23144681751728058,-0.5054486960172653,1.2660099443157413,0.0,0.0,0.0
1786016738.8226225,-2.9349255561828613,-4.8814496994018555,-118.66251373291016,0.2878216803073883,1.201465368270874,0.24348357319831848,0.2878216803073883,-0.44439577460289004,1.225888772104422,0.022804340958977286,0.9121736383590915,0.0
1786016738.8726187,-2.8150806427001953,-4.937390327453613,-118.09813690185547,0.2589438259601593,1.2346469163894653,0.23221369087696075,0.2589438259601593,-0.48166472315788267,1.256294633587486,0.0036920596487246536,0.14768238594898614,0.0
1786016738.9228034,-2.0379576683044434,-5.074862957000732,-118.5937271118164,0.24517382681369781,1.2919889688491821,0.23407761752605438,0.24517382681369781,-0.516055616736412,1.3130224014291023,0.0,0.0,0.0
1786016738.9712732,-1.1883211135864258,-4.5455756187438965,-119.73208618164062,0.191938117146492,1.3793058395385742,0.2448073774576187,0.191938117146492,-0.48989822566509245,1.4008623240857354,0.0,0.0,0.0
1786016739.0226955,-1.4915114641189575,-3.1848669052124023,-118.8285903930664,0.06402856856584549,1.3282268047332764,0.2322470247745514,0.06402856856584549,-0.41370146721601486,1.3483787024899943,0.038545011413785066,1.5418004565514027,0.0
1786016739.0726433,-0.5335668325424194,-5.939913272857666,-122.64222717285156,0.4854505658149719,1.4069269895553589,0.33448559045791626,0.4854505658149719,-0.40553642511367793,1.4461411287157577,0.04273221249190657,1.7092884996762627,0.0
1786016739.1226532,-0.994293749332428,-4.483340263366699,-123.33436584472656,0.24650628864765167,1.3209489583969116,0.27334344387054443,0.24650628864765167,-0.42599475085735317,1.3489339453794227,0.032240763392585935,1.2896305357034374,0.0
1786016739.1728978,-1.0022658109664917,-5.980838775634766,-123.65115356445312,0.4341190755367279,1.3868714570999146,0.3203859031200409,0.4341190755367279,-0.4630067408084869,1.4233971917340866,0.01326025572533786,0.5304102290135144,0.0
1786016739.2227595,-2.533970594406128,-7.337623596191406,-123.23096466064453,0.5651257634162903,1.2246559858322144,0.32525530457496643,0.5651257634162903,-0.5355177760124206,1.2671121879252945,0.0,0.0,0.0
1786016739.2730112,-4.0805864334106445,-7.326298713684082,-129.56851196289062,0.7527849078178406,1.1634105443954468,0.30866315960884094,0.7527849078178406,-0.34615989923477164,1.2036598526619648,0.07318171294262775,2.92726851770511,0.0
1786016739.3238044,-4.856057643890381,-6.387201309204102,-125.90831756591797,0.5443946719169617,1.0800164937973022,0.2899424433708191,0.5443946719169617,-0.4136855244636535,1.118258578031959,0.0385531871842268,1.542127487369072,0.0
1786016739.3726976,-5.3685102462768555,-6.029116630554199,-123.7371826171875,0.4409109950065613,0.9808109402656555,0.25851646065711975,0.4409109950065613,-0.46345649957656854,1.014308070053415,0.013029610203244722,0.5211844081297888,0.0
1786016739.4226673,-5.463432788848877,-5.511894702911377,-123.24027252197266,0.40292736887931824,0.9448159337043762,0.2542446255683899,0.40292736887931824,-0.42385683655738826,0.9784260208171505,0.033337129700260246,1.33348518801041,0.0
1786016739.4726796,-5.0672478675842285,-5.912641525268555,-121.64753723144531,0.3983824849128723,1.0202324390411377,0.2902430593967438,0.3983824849128723,-0.48851374387741087,1.0607145059816099,0.0001797413310178851,0.007189653240715405,0.0
1786016739.5226643,-6.067681312561035,-5.727814197540283,-120.24114990234375,0.3769131898880005,0.8844675421714783,0.25203821063041687,0.3769131898880005,-0.482258939743042,0.919677167691271,0.0033873331947967835,0.13549332779187134,0.0
1786016739.5727665,-6.299525737762451,-6.430474281311035,-119.25079345703125,0.4311026632785797,0.8862245082855225,0.25017911195755005,0.4311026632785797,-0.5334684789180755,0.9208601778477471,0.0,0.0,0.0
1786016739.6213653,-6.472610950469971,-6.192870140075684,-118.67554473876953,0.39889469742774963,0.8828255534172058,0.24415935575962067,0.39889469742774963,-0.5300358235836029,0.9159665653130297,0.0,0.0,0.0
1786016739.6712852,-6.246260166168213,-6.069586753845215,-119.13543701171875,0.37839505076408386,0.9185732007026672,0.2616778314113617,0.37839505076408386,-0.5320429623126983,0.9551188473175972,0.0,0.0,0.0
1786016739.7213264,-6.400339126586914,-6.341898441314697,-118.49235534667969,0.4088191092014313,0.9062727093696594,0.2612925171852112,0.4088191092014313,-0.5424656569957733,0.943188212015612,-0.0,0.0,0.0
1786016739.7713957,-6.4589314460754395,-6.252967357635498,-118.28583526611328,0.38664117455482483,0.8905345797538757,0.2487230896949768,0.38664117455482483,-0.5513039290904999,0.92461614364277,-0.0,0.0,0.0
1786016739.8214524,-6.364227294921875,-6.42409610748291,-118.23136138916016,0.40638086199760437,0.8948159217834473,0.2532915472984314,0.40638086199760437,-0.5572335541248321,0.929974269434372,-0.0,0.0,0.0
1786016739.871282,-6.412309646606445,-6.349520206451416,-118.40126037597656,0.3976888060569763,0.9035694599151611,0.2532065510749817,0.3976888060569763,-0.554739224910736,0.9383769639109132,-0.0,0.0,0.0
1786016739.9213536,-6.949995517730713,-5.630909442901611,-117.20860290527344,0.30027714371681213,0.8466077446937561,0.2248200625181198,0.30027714371681213,-0.5443592727184295,0.8759501891580933,-0.0,0.0,0.0
1786016739.9712343,-7.3860368728637695,-5.046762466430664,-116.6337661743164,0.19710685312747955,0.8043988943099976,0.18116125464439392,0.19710685312747955,-0.55990751683712,0.8245465307376398,-0.0,0.0,0.0
1786016740.0212703,-7.57384729385376,-4.7404608726501465,-114.9288101196289,0.13185307383537292,0.7954421639442444,0.17241036891937256,0.13185307383537292,-0.5792160570621491,0.8139125084990501,-0.0,0.0,0.0
1786016740.0727837,-7.941563606262207,-4.237853527069092,-115.78614044189453,0.27033522725105286,0.6315404772758484,0.09237198531627655,0.27033522725105286,-0.3653428018093109,0.6382601022381681,0.06334432700696659,2.5337730802786633,0.0
1786016740.1227088,-7.946522235870361,-5.381503582000732,-112.61175537109375,0.2856663167476654,0.6967914700508118,0.12523546814918518,0.2856663167476654,-0.5215592205524444,0.7079564077103313,0.0,0.0,0.0
1786016740.1713119,-7.1475396156311035,-6.04559326171875,-111.52799987792969,0.31008824706077576,0.7702597379684448,0.12995745241641998,0.31008824706077576,-0.5967507421970367,0.7811459552310204,-0.004044360371354345,0.0,0.16177441485417382
1786016740.2212703,-7.161826133728027,-7.256519317626953,-111.1463623046875,0.45162832736968994,0.7448545694351196,0.14592063426971436,0.45162832736968994,-0.6368495702743531,0.7590132812501065,-0.024607861949465296,0.0,0.9843144779786118
1786016740.2712624,-7.996767997741699,-7.919950008392334,-110.75300598144531,0.5710425972938538,0.7199758291244507,0.1521931290626526,0.5710425972938538,-0.6169499039649964,0.7358858220249398,-0.014402904867743916,0.0,0.5761161947097566
1786016740.3213458,-6.032949447631836,-7.135768413543701,-110.19522094726562,0.3526446223258972,0.9772275686264038,0.2309030443429947,0.3526446223258972,-0.7177206397056579,1.0041364134271478,-0.06608020524757036,0.0,2.6432082099028142
1786016740.3712652,-7.867341041564941,-10.012334823608398,-109.43643188476562,0.8000656366348267,0.8133003115653992,0.16876868903636932,0.8000656366348267,-0.701784586906433,0.8306264305880412,-0.057907870478737036,0.0,2.3163148191494813
1786016740.4212754,-6.010778903961182,-9.07853889465332,-109.32052612304688,0.703177809715271,1.0823125839233398,0.23536407947540283,0.703177809715271,-0.658603024482727,1.107608585749551,-0.03576347949222116,0.0,1.4305391796888465
1786016740.4713173,-5.831569671630859,-8.511220932006836,-109.85201263427734,0.5621505379676819,1.1159552335739136,0.2501295804977417,0.5621505379676819,-0.7145326018333436,1.1436436903078617,-0.06444531403099889,0.0,2.5778125612399556
1786016740.5212708,-5.921834945678711,-9.031867980957031,-109.38532257080078,0.6183104515075684,1.158366084098816,0.2808115482330322,0.6183104515075684,-0.7364697456359863,1.191917409224086,-0.07569513136568748,0.0,3.0278052546274994
1786016740.5713387,-5.599587917327881,-9.00545883178711,-109.04288482666016,0.6118724942207336,1.1499067544937134,0.26707521080970764,0.6118724942207336,-0.7389463305473327,1.1805145963770693,-0.07696517490996768,0.0,3.0786069963987073
1786016740.6212764,-5.946545600891113,-9.330686569213867,-109.2456283569336,0.6768534183502197,1.1525232791900635,0.2583868205547333,0.6768534183502197,-0.7227495670318602,1.181132362655177,-0.06865914233793051,0.0,2.7463656935172205
1786016740.6713006,-6.895187854766846,-10.33221435546875,-109.3975830078125,0.8404280543327332,1.056861162185669,0.2515697777271271,0.8404280543327332,-0.7094040989875794,1.086389832979911,-0.06181531257163264,0.0,2.4726125028653057
1786016740.7212965,-6.871010780334473,-11.398785591125488,-108.81774139404297,1.0442967414855957,1.0711320638656616,0.2928006052970886,1.0442967414855957,-0.6655210971832275,1.1104305888723767,-0.03931120908222141,0.0,1.5724483632888564
1786016740.7713504,-7.169098854064941,-12.15378189086914,-108.28881072998047,1.1115511655807495,1.0601502656936646,0.27934110164642334,1.1115511655807495,-0.7115161180496214,1.0963348197149376,-0.06289839927011574,0.0,2.51593597080463
1786016740.821358,-7.518481731414795,-13.307195663452148,-108.71150207519531,1.3547673225402832,1.0247771739959717,0.27052465081214905,1.3547673225402832,-0.641312026977539,1.0598829383664052,-0.026896301284432423,0.0,1.075852051377297
1786016740.8712769,-7.456670761108398,-13.906559944152832,-110.05256652832031,1.5481091737747192,0.9983354210853577,0.2325941026210785,1.5481091737747192,-0.5378748178482056,1.0250724996641862,0.0,0.0,0.0
1786016740.9228106,-6.208995819091797,-13.756570816040039,-111.69561004638672,1.5813720226287842,1.2920295000076294,0.3817766010761261,1.5813720226287842,-0.4821135997772217,1.347254097050443,0.0034618665106020837,0.13847466042408335,0.0
1786016740.9728107,-5.8692216873168945,-13.621994018554688,-112.74820709228516,1.639508605003357,1.3719820976257324,0.4026658236980438,1.639508605003357,-0.4037904977798461,1.4298512656146893,0.04362755984258956,1.7451023937035823,0.0
1786016741.0227451,-5.337779998779297,-12.27621841430664,-112.82798767089844,1.3378846645355225,1.432738184928894,0.4025644063949585,1.3378846645355225,-0.5035480976104736,1.4882193413100997,0.0,0.0,0.0
1786016741.0712743,-5.803419589996338,-9.350847244262695,-113.2021255493164,0.735004723072052,1.1822072267532349,0.28772515058517456,0.735004723072052,-0.6676223635673522,1.2167167662471146,-0.04038878158690073,0.0,1.6155512634760292
1786016741.1212642,-3.744110107421875,-8.5719633102417,-111.3899154663086,0.41445013880729675,1.259232521057129,0.25293463468551636,0.41445013880729675,-0.8713443577289581,1.2843840825513948,-0.14486159910567303,0.0,5.794463964226921
1786016741.171363,-7.242268085479736,-5.6119513511657715,-110.29438018798828,0.13625727593898773,0.8389335870742798,0.17538759112358093,0.13625727593898773,-0.705535426735878,0.8570708084175138,-0.05983137808358064,0.0,2.3932551233432258
1786016741.2212741,-6.285896301269531,-5.960837364196777,-110.8856201171875,0.17674662172794342,0.8705472350120544,0.17784737050533295,0.17674662172794342,-0.7173789829015732,0.8885280949878818,-0.06590499663009101,0.0,2.6361998652036407
1786016741.2754073,-7.547306060791016,-5.708269119262695,-111.05003356933594,0.15366584062576294,0.8048567771911621,0.17666995525360107,0.15366584062576294,-0.7025745272636413,0.8240186313912164,-0.05831296809781825,0.0,2.33251872391273
1786016741.3212874,-7.453283309936523,-5.9843573570251465,-110.85179901123047,0.17042133212089539,0.8068862557411194,0.1762574464082718,0.17042133212089539,-0.7272322714328766,0.8259128992322907,-0.0709579651076825,0.0,2.8383186043073
1786016741.37121,-7.446811199188232,-6.530155181884766,-110.93872833251953,0.18888188898563385,0.837841272354126,0.16664153337478638,0.18888188898563385,-0.790641388297081,0.8542525377811182,-0.10347546093547962,0.0,4.1390184374191845
1786016741.4212918,-7.211090564727783,-6.158833980560303,-110.79243469238281,0.19163142144680023,0.8476371765136719,0.16681230068206787,0.19163142144680023,-0.7321936756372451,0.8638953215910562,-0.07350227495607661,0.0,2.9400909982430647
1786016741.4718964,-7.9419474601745605,-6.247317314147949,-110.93073272705078,0.1726045459508896,0.8098540902137756,0.17436669766902924,0.1726045459508896,-0.7644930511713027,0.8284125739581606,-0.09006605728123436,0.0,3.6026422912493743
1786016741.5212986,-7.046677589416504,-6.377358436584473,-110.67469024658203,0.19851985573768616,0.8564745187759399,0.17766451835632324,0.19851985573768616,-0.7580839097499847,0.8747075410645905,-0.08677931809081488,0.0,3.471172723632595
1786016741.571275,-7.422837734222412,-6.074850559234619,-110.8116455078125,0.16315458714962006,0.8540704250335693,0.1632266491651535,0.16315458714962006,-0.7480729967355728,0.8695281651072068,-0.0816455165449626,0.0,3.265820661798504
1786016741.62128,-7.500943660736084,-6.463169097900391,-110.7944107055664,0.2000163048505783,0.8363372087478638,0.1740221381187439,0.2000163048505783,-0.7694590598344803,0.8542503329186282,-0.09261272839055618,0.0,3.704509135622247
1786016741.6714149,-7.625093460083008,-6.500635147094727,-110.71018981933594,0.1902763694524765,0.8314176797866821,0.17516419291496277,0.1902763694524765,-0.7848189026117325,0.8496692607958818,-0.1004895708404291,0.0,4.019582833617164
1786016741.7215352,-7.53657865524292,-6.4626145362854,-110.57398986816406,0.1934753954410553,0.8315114378929138,0.174109548330307,0.1934753954410553,-0.7759167850017548,0.8495442343789549,-0.09592438232249181,0.0,3.8369752928996723
1786016741.771406,-7.472671031951904,-6.50657844543457,-110.55387878417969,0.1958474963903427,0.8365268707275391,0.1698446124792099,0.1958474963903427,-0.7801392704248428,0.8535949846604195,-0.09808975946253694,0.0,3.9235903785014776
1786016741.8213086,-7.379466533660889,-6.654275894165039,-110.5350341796875,0.19522376358509064,0.8328447341918945,0.1714116930961609,0.19522376358509064,-0.8029176205396652,0.8503013111840179,-0.10977096464962537,0.0,4.390838585985015
1786016741.8713536,-7.544980049133301,-6.534921169281006,-110.69493865966797,0.19539164006710052,0.83623206615448,0.17245256900787354,0.19539164006710052,-0.7848465353250503,0.8538289975296025,-0.10050374146264339,0.0,4.020149658505735
1786016741.9213274,-7.3417792320251465,-6.423258304595947,-110.74717712402344,0.19959524273872375,0.8348239064216614,0.17578360438346863,0.19959524273872375,-0.7638935029506683,0.8531300195768325,-0.08975859665526797,0.0,3.590343866210719
1786016741.9713047,-7.490942478179932,-6.394315242767334,-110.77831268310547,0.1920582503080368,0.8366772532463074,0.17108692228794098,0.1920582503080368,-0.7670890361070632,0.8539903752840224,-0.09139733160726539,0.0,3.6558932642906155
1786016742.021318,-7.530460357666016,-6.470282077789307,-110.65735626220703,0.20179276168346405,0.8305057287216187,0.17332643270492554,0.20179276168346405,-0.768749549984932,0.8483995625373942,-0.09224887718565959,0.0,3.689955087426384
1786016742.0712848,-7.745986461639404,-6.857588291168213,-110.63241577148438,0.22210916876792908,0.8343985676765442,0.17729325592517853,0.22210916876792908,-0.8065290749073029,0.8530262999094572,-0.11162299253046519,0.0,4.464919701218608
1786016742.121301,-7.288110256195068,-6.781297206878662,-110.5035171508789,0.2158837765455246,0.8345599174499512,0.1744033396244049,0.2158837765455246,-0.8013108044862747,0.8525882832212831,-0.10894695641711741,0.0,4.357878256684696
1786016742.1713111,-7.350498676300049,-6.353098392486572,-110.6177749633789,0.1784709095954895,0.8437326550483704,0.17695242166519165,0.1784709095954895,-0.7744938492774963,0.8620887151147195,-0.09519467169466697,0.0,3.807786867786679
1786016742.2213142,-7.637041091918945,-5.874464988708496,-110.66858673095703,0.16286985576152802,0.8174514174461365,0.16835342347621918,0.16286985576152802,-0.7182998925447464,0.8346075096000879,-0.06637725798556442,0.0,2.655090319422577
1786016742.2714074,-7.227794647216797,-5.847573757171631,-110.78572845458984,0.14863067865371704,0.8466556072235107,0.17084386944770813,0.14863067865371704,-0.7285053849220275,0.8637206405840243,-0.07161084382006759,0.0,2.8644337528027037
1786016742.3212838,-7.567854404449463,-5.941638946533203,-110.6953125,0.16266489028930664,0.8148719072341919,0.17162233591079712,0.16266489028930664,-0.7285809516906738,0.8327487324415258,-0.07164959600911697,0.0,2.8659838403646787
1786016742.3726494,-7.879903316497803,-6.076820373535156,-110.92609405517578,0.15934409201145172,0.7986876368522644,0.169025257229805,0.15934409201145172,-0.7521789640188217,0.816377044534115,-0.08375114079278254,0.0,3.3500456317113017
1786016742.42142,-7.521951675415039,-6.201269626617432,-110.72966003417969,0.1779535412788391,0.8124309182167053,0.17580941319465637,0.1779535412788391,-0.7522369027137756,0.8312357948514298,-0.08378085294404097,0.0,3.351234117761639
1786016742.47129,-7.578716278076172,-6.135700702667236,-110.56221771240234,0.1781396120786667,0.8230161070823669,0.17168200016021729,0.1781396120786667,-0.7422154933214187,0.8407319559146226,-0.07864166864026817,0.0,3.145666745610727
1786016742.5214286,-7.12294340133667,-6.192341327667236,-110.35595703125,0.18065500259399414,0.842930018901825,0.16633233428001404,0.18065500259399414,-0.7481961965560913,0.8591841840914376,-0.08170869594010027,0.0,3.268347837604011
1786016742.5713468,-7.312647342681885,-6.179730415344238,-110.40438079833984,0.18060645461082458,0.8553661108016968,0.1741093248128891,0.18060645461082458,-0.7463531076908111,0.8729062037211219,-0.08076352216303352,0.0,3.2305408865213407
1786016742.6212857,-7.453507423400879,-6.247913837432861,-110.2603759765625,0.18949274718761444,0.8313974142074585,0.17939256131649017,0.18949274718761444,-0.7476943284273148,0.8505312171852006,-0.08145132766893283,0.0,3.258053106757313
1786016742.6713653,-7.280590534210205,-6.544635772705078,-110.54833984375,0.1914486438035965,0.8497477769851685,0.17099077999591827,0.1914486438035965,-0.7902467221021652,0.8667809015748145,-0.10327306801500998,0.0,4.130922720600399
1786016742.7212834,-7.526471138000488,-6.08080530166626,-110.42738342285156,0.16622580587863922,0.8192161321640015,0.1770962029695511,0.16622580587863922,-0.7458949893712997,0.8381396878229661,-0.08052858969148922,0.0,3.221143587659569
1786016742.771361,-7.285434246063232,-6.138428688049316,-110.47173309326172,0.16459757089614868,0.8376959562301636,0.174284890294075,0.16459757089614868,-0.7561667323112488,0.8556341146010868,-0.08579615017351437,0.0,3.431846006940575
1786016742.8213115,-7.701864242553711,-6.44917106628418,-110.41870880126953,0.18248946964740753,0.8059043288230896,0.17891259491443634,0.18248946964740753,-0.7848861902952193,0.8255249868022237,-0.10052407734478133,0.0,4.020963093791253
1786016742.8714962,-7.306668281555176,-6.618856430053711,-110.4432601928711,0.2082453966140747,0.8259812593460083,0.18175072968006134,0.2082453966140747,-0.7845830678939819,0.8457413130089203,-0.10036862995953137,0.0,4.014745198381255
1786016742.9213245,-7.394845008850098,-6.348519325256348,-110.31782531738281,0.18009915947914124,0.8145846724510193,0.1761820912361145,0.18009915947914124,-0.7721787393093109,0.8334196529147035,-0.09400743581354624,0.0,3.76029743254185
1786016742.9713242,-7.654569625854492,-6.590820789337158,-110.38524627685547,0.1882648468017578,0.8169445395469666,0.17919157445430756,0.1882648468017578,-0.8003582715988159,0.8363659492417292,-0.10845847801329239,0.0,4.338339120531696
1786016743.0213132,-7.634184837341309,-6.767350673675537,-110.3504409790039,0.2094797044992447,0.8235862851142883,0.17010687291622162,0.2094797044992447,-0.8056228965520857,0.8409701048442146,-0.11115828568163591,0.0,4.446331427265436
1786016743.0712726,-7.548498153686523,-6.897062301635742,-110.5366439819336,0.219387948513031,0.8453260660171509,0.1790347844362259,0.219387948513031,-0.8151713967323302,0.8640773182569708,-0.11605495244073562,0.0,4.642198097629425
1786016743.121228,-7.186460018157959,-6.419939041137695,-110.7297134399414,0.18932633101940155,0.831283688545227,0.17242112755775452,0.18932633101940155,-0.7736645251512527,0.8489768053778887,-0.0947693772709523,0.0,3.790775090838092
1786016743.171214,-7.510722637176514,-6.104143142700195,-110.570068359375,0.16985753178596497,0.8340094685554504,0.1696499139070511,0.16985753178596497,-0.7457639396190643,0.8510892355850911,-0.08046138469034285,0.0,3.218455387613714
1786016743.2212179,-7.33223295211792,-6.408352851867676,-110.72522735595703,0.18618182837963104,0.819756031036377,0.1742640733718872,0.18618182837963104,-0.7750710994005203,0.838073933307006,-0.09549069739878184,0.0,3.8196278959512737
1786016743.2713528,-7.571241855621338,-6.261188507080078,-110.67024993896484,0.18281780183315277,0.8212376236915588,0.1794278472661972,0.18281780183315277,-0.7563604742288589,0.8406102467500264,-0.08589550500305802,0.0,3.435820200122321
1786016743.3213117,-7.255392551422119,-6.6116251945495605,-110.75590515136719,0.2151193767786026,0.8159872889518738,0.17657938599586487,0.2151193767786026,-0.7766244024038315,0.8348745626078838,-0.0962872630415055,0.0,3.85149052166022
1786016743.371338,-7.261294364929199,-6.742344856262207,-110.72599792480469,0.22300252318382263,0.8305573463439941,0.17872364819049835,0.22300252318382263,-0.7883492052555083,0.8495690954763471,-0.10229998245262185,0.0,4.0919992981048745
1786016743.421366,-7.146202087402344,-6.043093681335449,-110.65577697753906,0.18068592250347137,0.8368866443634033,0.16766978800296783,0.18068592250347137,-0.725778129696846,0.8535176701877927,-0.07021225139689756,0.0,2.8084900558759025
1786016743.4715068,-7.4207987785339355,-6.208942890167236,-111.17044067382812,0.19099214673042297,0.8387840390205383,0.17688679695129395,0.19099214673042297,-0.7403492867946624,0.8572325256610929,-0.07768463965218803,0.0,3.107385586087521
1786016743.521333,-7.1354660987854,-6.042977333068848,-110.76248931884766,0.17271095514297485,0.8421338796615601,0.17486512660980225,0.17271095514297485,-0.7337356448173522,0.8600972525116524,-0.07429302838177256,0.0,2.971721135270902
1786016743.5715525,-7.028313159942627,-5.618682384490967,-110.91990661621094,0.1491713672876358,0.8608359098434448,0.1712171584367752,0.1491713672876358,-0.6936309903860092,0.8776979998946991,-0.053726538929801754,0.0,2.14906155719207
1786016743.6212797,-7.190505027770996,-5.65963077545166,-110.65621185302734,0.1727224439382553,0.8323136568069458,0.17038394510746002,0.1727224439382553,-0.6762221723794937,0.849574429969342,-0.0447989399521015,0.0,1.7919575980840599
1786016743.6713183,-7.256336688995361,-5.4204864501953125,-110.84544372558594,0.13684609532356262,0.8316121697425842,0.16463860869407654,0.13684609532356262,-0.6762268722057342,0.8477527188612786,-0.04480135011940433,0.0,1.7920540047761733
1786016743.7217247,-6.79610013961792,-5.615658760070801,-110.98819732666016,0.16066774725914001,0.8442625403404236,0.17519862949848175,0.16066774725914001,-0.6816810667514801,0.8622492660479403,-0.047598372963376594,0.0,1.9039349185350638
1786016743.77144,-7.003118515014648,-5.208793640136719,-110.6304931640625,0.1396590620279312,0.8382244110107422,0.15626782178878784,0.1396590620279312,-0.6416599839925766,0.8526662860351159,-0.027074740779323526,0.0,1.082989631172941
1786016743.8212943,-6.565286636352539,-5.049574851989746,-110.6491928100586,0.13874711096286774,0.8701884746551514,0.16047899425029755,0.13874711096286774,-0.6186891168355941,0.884862412479051,-0.01529480890394789,0.0,0.6117923561579156
1786016743.8713202,-7.202768325805664,-4.932468414306641,-110.8314208984375,0.12221146374940872,0.8435152173042297,0.16708359122276306,0.12221146374940872,-0.6176587983965873,0.8599039761971666,-0.01476644047368799,0.0,0.5906576189475197
1786016743.9212987,-6.71061897277832,-4.649117469787598,-110.52950286865234,0.09794489294290543,0.8705542683601379,0.17204515635967255,0.09794489294290543,-0.5994227275252342,0.8873918356548471,-0.005414609257609451,0.0,0.21658437030437805
1786016743.9712427,-7.104709625244141,-4.388182163238525,-110.66523742675781,0.0725112184882164,0.8194078803062439,0.1636570394039154,0.0725112184882164,-0.5857161059975624,0.8355913480011784,-0.0,0.0,0.0
1786016744.0213008,-6.608633995056152,-4.878703594207764,-110.6597671508789,0.11785144358873367,0.8549607992172241,0.1651330590248108,0.11785144358873367,-0.6139540955424309,0.8707622496301998,-0.01286659285617185,0.0,0.514663714246874
1786016744.0716214,-6.777961730957031,-5.2585039138793945,-110.56883239746094,0.13888199627399445,0.851016104221344,0.17509031295776367,0.13888199627399445,-0.6498935908079148,0.8688411979963433,-0.0312971032487277,0.0,1.251884129949108
1786016744.1213398,-6.910703182220459,-4.923893928527832,-110.59801483154297,0.105463907122612,0.8278616070747375,0.17234760522842407,0.105463907122612,-0.6331201821565627,0.8456113395031667,-0.02269535522239333,0.0,0.9078142088957332
1786016744.171332,-7.070224285125732,-4.8454742431640625,-110.87751770019531,0.10874665528535843,0.8435842394828796,0.16700021922588348,0.10874665528535843,-0.6180744811892509,0.8599554885721712,-0.014979611136592387,0.0,0.5991844454636954
1786016744.2213948,-6.464907646179199,-4.566784381866455,-110.6279296875,0.10076119750738144,0.8460254073143005,0.1745697259902954,0.10076119750738144,-0.5842564597725868,0.8638481226776238,-0.0,0.0,0.0
1786016744.2713099,-6.847875595092773,-4.261249542236328,-110.4405517578125,0.07560088485479355,0.8282882571220398,0.18026746809482574,0.07560088485479355,-0.5635865464806556,0.8476778851306582,-0.0,0.0,0.0
1786016744.3218062,-6.281435489654541,-4.254709243774414,-110.65125274658203,0.06263675540685654,0.8560930490493774,0.1758488267660141,0.06263675540685654,-0.5755696311593056,0.8739668863896637,-0.0,0.0,0.0
1786016744.3715305,-7.156373023986816,-4.081357479095459,-110.41119384765625,0.046805378049612045,0.8130668997764587,0.17829106748104095,0.046805378049612045,-0.5653982438147068,0.832385420496798,-0.0,0.0,0.0
1786016744.4214618,-6.375695705413818,-4.6473493576049805,-110.48250579833984,0.0829344391822815,0.8662097454071045,0.17062179744243622,0.0829344391822815,-0.6141679644584656,0.8828539634620941,-0.01297626922336913,0.0,0.5190507689347652
1786016744.4716272,-7.2096076011657715,-4.396294116973877,-110.53522491455078,0.06212383508682251,0.8130216598510742,0.17099124193191528,0.06212383508682251,-0.597320282459259,0.8308081753355673,-0.004336432300699132,0.0,0.17345729202796528
1786016744.5213084,-6.361795902252197,-4.402143478393555,-110.65264129638672,0.07625455409288406,0.8555891513824463,0.17270320653915405,0.07625455409288406,-0.5840669676661491,0.8728454579776653,-0.0,0.0,0.0
1786016744.5713603,-6.7542948722839355,-4.7885894775390625,-110.67910766601562,0.10087785869836807,0.8587384223937988,0.1727045476436615,0.10087785869836807,-0.6174105629324913,0.8759329534114996,-0.014639140235690028,0.0,0.5855656094276012
1786016744.621232,-6.618661880493164,-4.549633979797363,-110.4709243774414,0.09057781100273132,0.841536819934845,0.1749204397201538,0.09057781100273132,-0.5918672859668731,0.8595239260997588,-0.00154002384306531,0.0,0.0616009537226124
1786016744.671351,-7.033417701721191,-4.608523845672607,-110.5057601928711,0.08282629400491714,0.8388129472732544,0.17486736178398132,0.08282629400491714,-0.608452282845974,0.8568464008972281,-0.010045150447732422,0.0,0.4018060179092969
1786016744.7212873,-6.816895008087158,-4.3100104331970215,-110.65376281738281,0.07816403359174728,0.8364800214767456,0.17540894448757172,0.07816403359174728,-0.568337531387806,0.8546736945384366,-0.0,0.0,0.0
1786016744.7713,-6.999667167663574,-4.521681785583496,-110.71505737304688,0.07091011852025986,0.8424062132835388,0.16966257989406586,0.07091011852025986,-0.6073421493172645,0.8593216040546294,-0.009475851202240381,0.0,0.37903404808961527
1786016744.8213468,-6.889793395996094,-4.383768081665039,-110.53434753417969,0.07520559430122375,0.8331519365310669,0.17518901824951172,0.07520559430122375,-0.5823596179485321,0.8513714474074725,-0.0,0.0,0.0
1786016744.8712893,-6.870447158813477,-4.7556962966918945,-110.56689453125,0.09010516852140427,0.853613555431366,0.17167413234710693,0.09010516852140427,-0.6232492759823799,0.8707055241201297,-0.017633352056145715,0.0,0.7053340822458286
1786016744.9217634,-7.005555629730225,-4.435263156890869,-110.30499267578125,0.07732679694890976,0.8306246399879456,0.173550084233284,0.07732679694890976,-0.5879626765847206,0.8485616797219186,-0.0,0.0,0.0
1786016744.9713094,-6.671142101287842,-4.750077247619629,-110.63523864746094,0.08898469060659409,0.857807457447052,0.17150022089481354,0.08898469060659409,-0.6235268965363502,0.8747833787965714,-0.017775721571002275,0.0,0.7110288628400909
1786016745.0213442,-7.1652374267578125,-4.778313159942627,-110.29019927978516,0.09276144951581955,0.823734700679779,0.16659657657146454,0.09276144951581955,-0.6239855244755744,0.8404125632267386,-0.018010915385989066,0.0,0.7204366154395626
1786016745.071288,-6.923482418060303,-4.648153305053711,-110.80636596679688,0.08123340457677841,0.8418803215026855,0.17124660313129425,0.08123340457677841,-0.6159895911812782,0.8591204076364803,-0.013910436773529444,0.0,0.5564174709411778
1786016745.1214387,-7.137065887451172,-4.664146900177002,-110.40032958984375,0.08919243514537811,0.8249958753585815,0.17251436412334442,0.08919243514537811,-0.6104295998811722,0.8428400798416946,-0.011059159183731505,0.0,0.44236636734926016
1786016745.1712792,-6.884006023406982,-4.678452014923096,-110.44683074951172,0.08954212069511414,0.8403120040893555,0.1698310226202011,0.08954212069511414,-0.6122256815433502,0.8573020707200538,-0.011980226702797166,0.0,0.4792090681118866
1786016745.2213497,-6.299961090087891,-4.397037982940674,-110.18814086914062,0.07844872027635574,0.8613196015357971,0.17027725279331207,0.07844872027635574,-0.5811069771647454,0.877989634795663,-0.0,0.0,0.0
1786016745.271361,-6.02883768081665,-4.314857482910156,-110.6020278930664,0.06080024316906929,0.8956701159477234,0.17540115118026733,0.06080024316906929,-0.5864283792674542,0.9126831435044537,-0.0,0.0,0.0
1786016745.3224533,-4.574609279632568,-3.2483625411987305,-109.54253387451172,0.002286184811964631,0.9795769453048706,0.17445984482765198,0.002286184811964631,-0.48496819636784494,0.9949910699248058,0.001997970823102976,0.07991883292411904,0.0
1786016745.3730118,-5.58394718170166,-4.017435550689697,-109.64125061035156,0.03380256146192551,0.920740008354187,0.17904816567897797,0.03380256146192551,-0.5688127711415291,0.9379874245516702,-0.0,0.0,0.0
1786016745.421321,-7.004348278045654,-4.8083176612854,-110.88658905029297,0.09977377206087112,0.8191037774085999,0.1668129414319992,0.09977377206087112,-0.6214738771319389,0.8359171942209543,-0.016722891107201623,0.0,0.6689156442880649
1786016745.4713242,-7.921092987060547,-6.192587375640869,-111.49362182617188,0.18881820142269135,0.7789117097854614,0.1745731234550476,0.18881820142269135,-0.7400699049234389,0.7982350700600432,-0.07754136689771446,0.0,3.1016546759085784
1786016745.5212777,-8.199882507324219,-5.019515514373779,-111.60940551757812,0.10825737565755844,0.7512198686599731,0.17373515665531158,0.10825737565755844,-0.6446699514985085,0.7710481150534985,-0.028618313859288577,0.0,1.1447325543715432
1786016745.5713603,-7.7120232582092285,-5.033558368682861,-111.73048400878906,0.1113981381058693,0.8023812770843506,0.17366158962249756,0.1113981381058693,-0.6436356171965599,0.8209592325601351,-0.028087886012135476,0.0,1.123515440485419
1786016745.6214156,-8.17618465423584,-4.398588180541992,-111.76403045654297,0.06914351880550385,0.7483686208724976,0.17930828034877777,0.06914351880550385,-0.590644708275795,0.769549902285901,-0.0009130609245636989,0.0,0.03652243698254795
1786016745.6712375,-7.0157389640808105,-4.442966938018799,-111.83995819091797,0.07562768459320068,0.8409460783004761,0.1683000773191452,0.07562768459320068,-0.5908173561096192,0.8576218412765505,-0.001001598275242777,0.0,0.040063931009711076
1786016745.7223358,-7.337590217590332,-4.140007019042969,-111.2844009399414,0.05264901742339134,0.7964642643928528,0.1743800789117813,0.05264901742339134,-0.5683520354330539,0.8153304461236114,-0.0,0.0,0.0
1786016745.7712243,-6.693965911865234,-4.603516101837158,-111.69967651367188,0.0838945284485817,0.8434745669364929,0.17807798087596893,0.0838945284485817,-0.606632886826992,0.8620679279161046,-0.009112126848254494,0.0,0.36448507393017976
1786016745.8214123,-7.051493167877197,-4.033209800720215,-111.4584732055664,0.061903633177280426,0.8218533396720886,0.17288289964199066,0.061903633177280426,-0.5430778369307517,0.8398401091391076,-0.0,0.0,0.0
1786016745.8713622,-6.557788372039795,-4.453802108764648,-111.49674987792969,0.07749148458242416,0.8592873811721802,0.175482839345932,0.07749148458242416,-0.5905788317322731,0.877022822021556,-0.0008792780817319764,0.0,0.035171123269279056
1786016745.921621,-6.684086322784424,-4.234484672546387,-111.34028625488281,0.05779479816555977,0.8483789563179016,0.17144495248794556,0.05779479816555977,-0.5773779027163982,0.8655288702617874,-0.0,0.0,0.0
1786016745.9717271,-5.895470142364502,-4.341098308563232,-111.49009704589844,0.07568756490945816,0.8849736452102661,0.17292344570159912,0.07568756490945816,-0.5754771813750267,0.901709970439531,-0.0,0.0,0.0
1786016746.0213516,-6.569993019104004,-3.96523380279541,-111.47134399414062,0.0422695092856884,0.845973014831543,0.17194721102714539,0.0422695092856884,-0.5525155611336231,0.8632706326542006,-0.0,0.0,0.0
1786016746.0713255,-6.634424686431885,-4.223239421844482,-111.45916748046875,0.060397397726774216,0.8457619547843933,0.16695302724838257,0.060397397726774216,-0.5730885155498981,0.8620827091805735,-0.0,0.0,0.0
1786016746.1213517,-6.162954807281494,-4.604059219360352,-111.52986145019531,0.07996468245983124,0.8597309589385986,0.17598943412303925,0.07996468245983124,-0.6106442004442215,0.8775588884402175,-0.011169210754526036,0.0,0.44676843018104145
1786016746.1712918,-6.604565143585205,-4.6790032386779785,-111.33393859863281,0.10101386904716492,0.8525490164756775,0.18127304315567017,0.10101386904716492,-0.6008366167545318,0.871607561732092,-0.006139680657249266,0.0,0.24558722628997065
1786016746.2212803,-5.847428798675537,-4.804489612579346,-111.363037109375,0.13287577033042908,0.8944790363311768,0.17486365139484406,0.13287577033042908,-0.5877976715564728,0.911411017606814,-0.0,0.0,0.0
1786016746.2713022,-6.781923770904541,-3.9800381660461426,-111.82270812988281,0.028623303398489952,0.8349326252937317,0.1710028201341629,0.028623303398489952,-0.5683824215084314,0.8522643095153756,-0.0,0.0,0.0
1786016746.3213458,-6.718084812164307,-4.103397369384766,-111.7586898803711,0.07329287379980087,0.8328234553337097,0.17129023373126984,0.07329287379980087,-0.542216731607914,0.8502559919963473,-0.0,0.0,0.0
1786016746.3713024,-6.920063495635986,-3.84763240814209,-112.01853942871094,0.03698188066482544,0.8302224278450012,0.1704271137714386,0.03698188066482544,-0.540162980556488,0.8475344717504482,-0.0,0.0,0.0
1786016746.421393,-6.879228591918945,-4.5503458976745605,-111.78298950195312,0.08038102090358734,0.8336742520332336,0.17170609533786774,0.08038102090358734,-0.6021708637475968,0.8511731561082906,-0.006823909884462059,0.0,0.2729563953784824
1786016746.4713187,-6.782657146453857,-4.4510111808776855,-112.11469268798828,0.06715614348649979,0.8508011698722839,0.18665678799152374,0.06715614348649979,-0.6004955336451531,0.8710358127880619,-0.005964766242183241,0.0,0.23859064968732965
1786016746.5213945,-6.508049964904785,-4.131525993347168,-112.09181213378906,0.04802167788147926,0.861693263053894,0.17215776443481445,0.04802167788147926,-0.5717072211205959,0.8787226954208367,-0.0,0.0,0.0
1786016746.5713246,-6.728960037231445,-3.9876885414123535,-112.110595703125,0.04787735641002655,0.8625887036323547,0.17360620200634003,0.04787735641002655,-0.5502759248018264,0.879885438570961,-0.0,0.0,0.0
1786016746.6213427,-7.134431838989258,-4.337860584259033,-112.22833251953125,0.08590971678495407,0.8221778273582458,0.17056019604206085,0.08590971678495407,-0.5647693708539009,0.8396827735957382,-0.0,0.0,0.0
1786016746.6713028,-6.913419246673584,-4.256577491760254,-112.15261840820312,0.06873459368944168,0.8405097723007202,0.173472061753273,0.06873459368944168,-0.5697520300745964,0.8582244657092571,-0.0,0.0,0.0
1786016746.721358,-6.166385173797607,-3.778517961502075,-111.87094116210938,0.03381829708814621,0.8502918481826782,0.16661477088928223,0.03381829708814621,-0.532959397137165,0.866462179765743,0.0,0.0,0.0
1786016746.7713168,-7.077618598937988,-4.201827049255371,-111.81989288330078,0.06575942039489746,0.8225093483924866,0.17352190613746643,0.06575942039489746,-0.5645146369934082,0.8406137520303916,-0.0,0.0,0.0
1786016746.821214,-6.128393650054932,-4.103424072265625,-112.00608825683594,0.06626138091087341,0.8648936152458191,0.1755990982055664,0.06626138091087341,-0.5492522299289703,0.882539522618444,-0.0,0.0,0.0
1786016746.8713367,-6.481979846954346,-3.699322462081909,-111.93537902832031,0.017108416184782982,0.8628324866294861,0.17093460261821747,0.017108416184782982,-0.5377899531275033,0.8796013519518204,0.0,0.0,0.0
1786016746.921198,-6.924623966217041,-3.8868613243103027,-112.06642150878906,0.022779900580644608,0.8348321318626404,0.1700182408094406,0.022779900580644608,-0.5602492980659007,0.8519688319406162,-0.0,0.0,0.0
1786016746.9713402,-7.278722286224365,-4.523716449737549,-112.04757690429688,0.09768576920032501,0.8118635416030884,0.18154852092266083,0.09768576920032501,-0.5808716982603073,0.8319148247468099,-0.0,0.0,0.0
1786016747.021319,-6.854182243347168,-4.6729350090026855,-111.93473815917969,0.11168714612722397,0.8378717303276062,0.1821306049823761,0.11168714612722397,-0.5892531052231789,0.8574383906458954,-0.0001994183334785208,0.0,0.007976733339140831
1786016747.0713212,-6.4519243240356445,-4.284670352935791,-111.7734375,0.07636996358633041,0.8641764521598816,0.18333449959754944,0.07636996358633041,-0.5663305893540382,0.8834095761368698,-0.0,0.0,0.0
1786016747.121341,-6.094762325286865,-3.639331579208374,-111.32704162597656,0.04633314535021782,0.8575220704078674,0.16728760302066803,0.04633314535021782,-0.4995665915310382,0.8736871541696125,0.0,0.0,0.0
1786016747.171304,-6.271319389343262,-3.693659782409668,-111.5638198852539,0.0342588797211647,0.859406590461731,0.16383753716945648,0.0342588797211647,-0.5197900876402854,0.8748842359505687,0.0,0.0,0.0
1786016747.2213447,-5.987105369567871,-3.8056652545928955,-111.24266052246094,0.03472698852419853,0.8877097964286804,0.1685575693845749,0.03472698852419853,-0.5361227996647357,0.9035708809342436,0.0,0.0,0.0
1786016747.271394,-6.3039021492004395,-3.55356764793396,-111.92131805419922,0.009108277037739754,0.8693559765815735,0.17774096131324768,0.009108277037739754,-0.5239268701523542,0.887339655006277,0.0,0.0,0.0
1786016747.3212962,-5.957945823669434,-3.7300760746002197,-111.64293670654297,0.022385645657777786,0.8843007683753967,0.17337295413017273,0.022385645657777786,-0.5371257655322551,0.9011359665295465,0.0,0.0,0.0
1786016747.3713467,-6.586228370666504,-4.164163589477539,-111.73522186279297,0.07026240229606628,0.8627722263336182,0.18062035739421844,0.07026240229606628,-0.5543621361255645,0.8814758238533166,-0.0,0.0,0.0
1786016747.421301,-5.962636947631836,-4.202211380004883,-111.81120300292969,0.0731637105345726,0.8829588294029236,0.17908595502376556,0.0731637105345726,-0.5571679964661598,0.9009373306214785,-0.0,0.0,0.0
1786016747.4713078,-6.33497953414917,-3.2524588108062744,-112.3003158569336,-0.007383586373180151,0.8569490313529968,0.163526251912117,-0.007383586373180151,-0.4952524079941213,0.8724118737163454,0.0,0.0,0.0
1786016747.521325,-6.146219730377197,-3.7174510955810547,-111.78958129882812,0.05571576952934265,0.853076159954071,0.17111948132514954,0.05571576952934265,-0.5019018948078156,0.8700694291669901,0.0,0.0,0.0
1786016747.5736082,-6.68995475769043,-3.333712577819824,-112.30329132080078,0.018548069521784782,0.8466331362724304,0.17750906944274902,0.018548069521784782,-0.4815088171511889,0.8650416967805208,0.003772011447029164,0.15088045788116655,0.0
1786016747.6220577,-6.367703914642334,-3.6722164154052734,-112.23185729980469,0.026709483936429024,0.8701784610748291,0.17509236931800842,0.026709483936429024,-0.524122978374362,0.8876192268714956,0.0,0.0,0.0
1786016747.671313,-6.751195907592773,-4.151821613311768,-112.15853118896484,0.07503996044397354,0.8532659411430359,0.17117458581924438,0.07503996044397354,-0.5477332815527916,0.8702663414984522,-0.0,0.0,0.0
1786016747.721322,-6.587344646453857,-3.6737217903137207,-112.03575134277344,0.036228470504283905,0.8437179923057556,0.1702340543270111,0.036228470504283905,-0.5148297980427742,0.8607204446236112,0.0,0.0,0.0
1786016747.771356,-6.910351276397705,-3.428457498550415,-112.66910552978516,-0.00010884267976507545,0.8031479120254517,0.1655777245759964,-0.00010884267976507545,-0.5143774674623273,0.8200381402511758,0.0,0.0,0.0
1786016747.822768,-6.644581317901611,-3.726618528366089,-112.30439758300781,0.02891106717288494,0.8288307189941406,0.16621926426887512,0.02891106717288494,-0.5300817120820284,0.8453337829298142,0.0,0.0,0.0
1786016747.8714223,-6.731289386749268,-4.2841668128967285,-112.65575408935547,0.06158694624900818,0.8560972213745117,0.17497459053993225,0.06158694624900818,-0.581038075685501,0.8737954908213802,-0.0,0.0,0.0
1786016747.9213352,-6.168641090393066,-4.174997329711914,-112.12743377685547,0.06951188296079636,0.8761401176452637,0.17088577151298523,0.06951188296079636,-0.5567377164959907,0.8926496808115962,-0.0,0.0,0.0
1786016747.97135,-7.258163928985596,-3.5635931491851807,-112.692138671875,-0.0034586237743496895,0.8024818897247314,0.170379638671875,-0.0034586237743496895,-0.5379975961521267,0.8203696755793297,0.0,0.0,0.0
1786016748.0215065,-6.397665500640869,-3.738081693649292,-112.08895874023438,0.05095624551177025,0.8316990733146667,0.17749233543872833,0.05095624551177025,-0.5097560085356235,0.8504274676255286,0.0,0.0,0.0
1786016748.0713747,-6.506610870361328,-3.9582464694976807,-112.573974609375,0.028948340564966202,0.8353551030158997,0.17985527217388153,0.028948340564966202,-0.5647886298596859,0.8544975524034257,-0.0,0.0,0.0
1786016748.1214113,-6.743406295776367,-3.968881130218506,-112.3791732788086,0.05502036586403847,0.8271425366401672,0.17188800871372223,0.05502036586403847,-0.5403118036687374,0.8448137448332023,-0.0,0.0,0.0
1786016748.171358,-6.032246112823486,-4.106889724731445,-112.5065689086914,0.0722091943025589,0.8810706734657288,0.17844979465007782,0.0722091943025589,-0.5438242644071579,0.898960433418517,-0.0,0.0,0.0
1786016748.2214112,-6.406949520111084,-3.82159161567688,-112.23698425292969,0.04150688275694847,0.8428849577903748,0.1728052794933319,0.04150688275694847,-0.5317318595945835,0.8604165948481296,0.0,0.0,0.0
1786016748.2713795,-6.189866542816162,-3.5677993297576904,-112.63561248779297,0.01945038139820099,0.8678030371665955,0.1700614094734192,0.01945038139820099,-0.5157195180654526,0.884309331799486,0.0,0.0,0.0
1786016748.3213282,-6.448665618896484,-4.053488731384277,-112.39443969726562,0.04954341799020767,0.8528850078582764,0.16870620846748352,0.04954341799020767,-0.558479891717434,0.8694105022398143,-0.0,0.0,0.0
1786016748.3715203,-6.5243682861328125,-3.9013071060180664,-112.552001953125,0.03497747331857681,0.8682442903518677,0.16820377111434937,0.03497747331857681,-0.5502185925841331,0.8843871642814061,-0.0,0.0,0.0
1786016748.4213333,-6.236153602600098,-3.580265522003174,-112.41696166992188,0.02736677974462509,0.8627714514732361,0.17354105412960052,0.02736677974462509,-0.5096730485558509,0.8800517456068407,0.0,0.0,0.0
1786016748.4712198,-7.3543195724487305,-3.6344666481018066,-112.5964126586914,0.023255083709955215,0.8125911355018616,0.17024892568588257,0.023255083709955215,-0.5219149135053157,0.8302343345064704,0.0,0.0,0.0
1786016748.5220833,-6.70819616317749,-3.18074107170105,-112.57076263427734,0.002520159352570772,0.8464446663856506,0.16465333104133606,0.002520159352570772,-0.4745910014025867,0.8623104386911498,0.007319609266825151,0.29278437067300606,0.0
1786016748.5720477,-7.306985855102539,-3.6111927032470703,-112.61727142333984,0.021906942129135132,0.8102784156799316,0.17056097090244293,0.021906942129135132,-0.5197719633579254,0.8280351174388464,0.0,0.0,0.0
1786016748.6213064,-6.515894412994385,-3.6849896907806396,-112.3601303100586,0.03263622894883156,0.8387652039527893,0.176443412899971,0.03263622894883156,-0.5201122246682643,0.857122713103412,0.0,0.0,0.0
1786016748.6712947,-5.9724440574646,-4.386643886566162,-112.05506896972656,0.07825967669487,0.8725380301475525,0.17063462734222412,0.07825967669487,-0.5797369062900543,0.8890662461830339,-0.0,0.0,0.0
1786016748.721298,-6.131448745727539,-4.699638843536377,-111.88619995117188,0.10912419855594635,0.8503147959709167,0.18211884796619415,0.10912419855594635,-0.5958216279745102,0.8695990610802173,-0.0035678915392894704,0.0,0.1427156615715788
1786016748.7713852,-6.315934181213379,-4.9282307624816895,-111.90200805664062,0.10249854624271393,0.8697414994239807,0.17711308598518372,0.10249854624271393,-0.6367360681295394,0.887591866258062,-0.024549655721355732,0.0,0.9819862288542293
1786016748.8213363,-5.405654430389404,-4.775950908660889,-112.10514831542969,0.0874149352312088,0.893656313419342,0.17033374309539795,0.0874149352312088,-0.6289777010679245,0.9097445743455348,-0.02057100594616859,0.0,0.8228402378467436
1786016748.8713262,-5.320688724517822,-5.002321243286133,-112.03193664550781,0.11068819463253021,0.9228699803352356,0.17140468955039978,0.11068819463253021,-0.6396599918603897,0.9386525279376959,-0.02604910378845843,0.0,1.0419641515383373
1786016748.9213192,-5.922436237335205,-4.683803558349609,-112.18840026855469,0.08239542692899704,0.8686642050743103,0.1726568341255188,0.08239542692899704,-0.6201751068234443,0.8856567526686794,-0.016056855051563384,0.0,0.6422742020625354
1786016748.9713573,-6.604578495025635,-4.8979597091674805,-112.42924499511719,0.0841931477189064,0.854960560798645,0.17161451280117035,0.0841931477189064,-0.6505008086562156,0.8720143929575456,-0.031608497017087116,0.0,1.2643398806834847
1786016749.0213025,-6.452647686004639,-4.4929118156433105,-112.33120727539062,0.08781836181879044,0.8429657816886902,0.1726318746805191,0.08781836181879044,-0.5861184105277061,0.8604609655607481,-0.0,0.0,0.0
1786016749.0715106,-6.989279270172119,-4.974111080169678,-112.48516082763672,0.11445888876914978,0.8205771446228027,0.18179729580879211,0.11445888876914978,-0.6316577732563019,0.8404743345520442,-0.021945401940208286,0.0,0.8778160776083315
1786016749.121348,-7.012536525726318,-4.3341193199157715,-112.65827178955078,0.05920446664094925,0.8046301603317261,0.18243663012981415,0.05920446664094925,-0.5909134313464165,0.825053221876372,-0.0010508676274465373,0.0,0.04203470509786149
1786016749.1714325,-6.612235069274902,-4.810688018798828,-112.42110443115234,0.07973489165306091,0.8552966117858887,0.1754877120256424,0.07973489165306091,-0.6418683111667632,0.8731140997626919,-0.027181575227624356,0.0,1.0872630091049742
1786016749.22139,-6.474100589752197,-4.7058234214782715,-112.32450866699219,0.09192877262830734,0.8401994705200195,0.1811288446187973,0.09192877262830734,-0.6139447405934334,0.8595014884309751,-0.012861795446429567,0.0,0.5144718178571827
1786016749.271303,-6.712591648101807,-4.327950477600098,-112.40782928466797,0.06682714819908142,0.8320174217224121,0.16994252800941467,0.06682714819908142,-0.5823654234409332,0.8491957682865835,-0.0,0.0,0.0
1786016749.3213537,-6.492347717285156,-4.300390720367432,-112.6370849609375,0.050393346697092056,0.8545436859130859,0.17058615386486053,0.050393346697092056,-0.5946652613580227,0.8714037795559122,-0.002974883018013805,0.0,0.1189953207205522
1786016749.3713155,-6.51453161239624,-4.430047512054443,-112.47605895996094,0.07943550497293472,0.8676438927650452,0.16850003600120544,0.07943550497293472,-0.5850716218352318,0.883854166016594,-0.0,0.0,0.0
1786016749.4213064,-6.546150207519531,-4.258597373962402,-112.28646087646484,0.06565451622009277,0.8527547717094421,0.16942600905895233,0.06565451622009277,-0.5731350898742675,0.8694227241215098,-0.0,0.0,0.0
1786016749.471612,-6.888632774353027,-4.420936584472656,-112.36892700195312,0.06877047568559647,0.8491973280906677,0.17745837569236755,0.06877047568559647,-0.5943700119853019,0.8675411097692735,-0.0028234730832852203,0.0,0.11293892333140881
1786016749.5213454,-6.454343795776367,-4.805812358856201,-112.17143249511719,0.11129581183195114,0.8519874811172485,0.18107211589813232,0.11129581183195114,-0.609576041996479,0.8710165205874918,-0.010621437191581139,0.0,0.42485748766324555
1786016749.5713444,-6.49888277053833,-4.603847503662109,-112.17143249511719,0.10109435021877289,0.8426175117492676,0.17817336320877075,0.10109435021877289,-0.5894827753305435,0.8612491036068785,-0.0003171978757167938,0.0,0.012687915028671752
1786016749.6213236,-6.3974809646606445,-4.144842624664307,-112.06311798095703,0.04430054873228073,0.8351452350616455,0.1690237820148468,0.04430054873228073,-0.5774258449673653,0.852077814834287,-0.0,0.0,0.0
1786016749.671345,-6.295931339263916,-4.527664661407471,-112.03937530517578,0.07410135120153427,0.8744115829467773,0.14245475828647614,0.07410135120153427,-0.6050483480095863,0.8859395998316969,-0.008299542839328483,0.0,0.3319817135731393
1786016749.7212393,-6.342257976531982,-4.2290215492248535,-112.1744613647461,0.05362078174948692,0.8506019711494446,0.1715189516544342,0.05362078174948692,-0.5807324506342411,0.8677225732340704,-0.0,0.0,0.0
1786016749.7714248,-6.989657402038574,-4.164752006530762,-112.13687896728516,0.05972970649600029,0.8198062181472778,0.1751086264848709,0.05972970649600029,-0.564983094483614,0.8382990316005143,-0.0,0.0,0.0
1786016749.8213418,-6.0894551277160645,-4.5920820236206055,-112.15437316894531,0.0911562368273735,0.8782724142074585,0.17776787281036377,0.0911562368273735,-0.5976560667157172,0.896082501872076,-0.004508629355293077,0.0,0.18034517421172308
1786016749.8713844,-6.838122367858887,-4.573486804962158,-111.86398315429688,0.1006326898932457,0.8630404472351074,0.1770983189344406,0.1006326898932457,-0.5853903308510781,0.8810236251844664,-0.0,0.0,0.0
1786016749.9213235,-6.7095818519592285,-3.9146976470947266,-112.18465423583984,0.035553038120269775,0.8312975168228149,0.17628425359725952,0.035553038120269775,-0.5516516089439392,0.8497833250553468,-0.0,0.0,0.0
1786016749.9713547,-6.61671781539917,-4.376687526702881,-112.18460083007812,0.05834970995783806,0.8579045534133911,0.1699114888906479,0.05834970995783806,-0.598153419047594,0.8745685432397319,-0.004763681833178593,0.0,0.19054727332714372
1786016750.0213344,-6.5659871101379395,-4.222330093383789,-112.27771759033203,0.04628754034638405,0.8294142484664917,0.1673564612865448,0.04628754034638405,-0.5870619736611843,0.8461301204268703,-0.0,0.0,0.0
1786016750.0713336,-6.259269714355469,-4.350484371185303,-112.50569152832031,0.054861992597579956,0.8673111200332642,0.17033898830413818,0.054861992597579956,-0.5977106630802155,0.8838800540061035,-0.004536627490933194,0.0,0.18146509963732776
1786016750.1215055,-6.7007317543029785,-4.454715728759766,-112.45404052734375,0.06389646232128143,0.8139041066169739,0.16901877522468567,0.06389646232128143,-0.6043108969926834,0.8312684531163367,-0.007921362830660318,0.0,0.3168545132264127
1786016750.171346,-5.552729606628418,-4.890885353088379,-112.5679931640625,0.11091184616088867,0.9045917987823486,0.17611205577850342,0.11091184616088867,-0.6227209568023682,0.9215757042233784,-0.017362419143319187,0.0,0.6944967657327674
1786016750.221927,-6.494232654571533,-4.325384616851807,-111.93226623535156,0.05923270434141159,0.8271178603172302,0.1760251671075821,0.05923270434141159,-0.5895749881863593,0.8456410670674677,-0.00036448651972491845,0.0,0.014579460788996738
1786016750.271356,-6.348339080810547,-4.536169052124023,-111.86859893798828,0.0785958543419838,0.8791264891624451,0.1629209965467453,0.0785958543419838,-0.6018295034766197,0.8940954283871891,-0.0066488533352430405,0.0,0.2659541334097216
1786016750.3212848,-6.5041327476501465,-4.293323516845703,-112.018310546875,0.07354152202606201,0.8668326735496521,0.16645528376102448,0.07354152202606201,-0.5704570055007935,0.8826699527146038,-0.0,0.0,0.0
1786016750.3714337,-7.349141597747803,-4.377344131469727,-112.84123229980469,0.059608493000268936,0.8127771019935608,0.17244525253772736,0.059608493000268936,-0.59699312672019,0.8308694137154476,-0.004168660126817567,0.0,0.1667464050727027
1786016750.4215837,-6.9984002113342285,-4.515776634216309,-112.45893859863281,0.07952320575714111,0.8397383689880371,0.17685648798942566,0.07952320575714111,-0.5978432893753052,0.8581600932778467,-0.004604640975594578,0.0,0.18418563902378313
1786016750.4713242,-7.075416564941406,-4.350324630737305,-112.53449249267578,0.05798778682947159,0.8411083817481995,0.17390093207359314,0.05798778682947159,-0.5945609077811241,0.8588974583867036,-0.0029213683631940457,0.0,0.11685473452776182
1786016750.5213284,-6.657051086425781,-4.206572532653809,-111.96105194091797,0.06588916480541229,0.8403221368789673,0.17450974881649017,0.06588916480541229,-0.565096715092659,0.8582510973839931,-0.0,0.0,0.0
1786016750.5711925,-6.547440528869629,-4.139569282531738,-112.14543914794922,0.051519207656383514,0.8508516550064087,0.17374563217163086,0.051519207656383514,-0.5694161847233772,0.8684100894887532,-0.0,0.0,0.0
1786016750.6213527,-5.786396503448486,-4.243831634521484,-112.12691497802734,0.06655292958021164,0.8709986209869385,0.17288373410701752,0.06655292958021164,-0.570021815598011,0.8879906436894109,-0.0,0.0,0.0
1786016750.6714537,-6.211371421813965,-4.639232635498047,-112.56529998779297,0.07253493368625641,0.8675256371498108,0.16835220158100128,0.07253493368625641,-0.6233499616384506,0.8837099042612091,-0.017684985725925556,0.0,0.7073994290370222
1786016750.7214272,-6.441158771514893,-4.603750705718994,-112.32069396972656,0.0795523077249527,0.8336774110794067,0.17039406299591064,0.0795523077249527,-0.6110102981328964,0.8509125468861747,-0.011356953158974706,0.0,0.45427812635898823
1786016750.771322,-6.290363311767578,-4.330638885498047,-112.4344253540039,0.06853269785642624,0.8666441440582275,0.17200738191604614,0.06853269785642624,-0.5810631349682808,0.8835488735005158,-0.0,0.0,0.0
1786016750.8221526,-6.224554538726807,-4.345648288726807,-112.65567779541016,0.06008797138929367,0.8482038974761963,0.17188915610313416,0.06008797138929367,-0.5917592719197273,0.8654453961282926,-0.0014846320240161936,0.0,0.05938528096064774
1786016750.87129,-6.138700485229492,-4.320788383483887,-112.53339385986328,0.05819793790578842,0.8710121512413025,0.169651597738266,0.05819793790578842,-0.5899203196167946,0.8873803199446944,-0.0005415795609737631,0.0,0.021663182438950525
1786016750.921312,-5.904074668884277,-4.255563735961914,-112.61639404296875,0.06641697883605957,0.8647375106811523,0.1712486743927002,0.06641697883605957,-0.5719175815582275,0.8815310946644441,-0.0,0.0,0.0
1786016750.9713564,-6.758881568908691,-4.485906600952148,-112.42080688476562,0.07142528891563416,0.835605800151825,0.17274881899356842,0.07142528891563416,-0.6014607012271881,0.853275575480187,-0.006459723976560174,0.0,0.258388959062407
1786016751.022051,-6.119652271270752,-4.719629764556885,-112.5005111694336,0.10126002877950668,0.8708998560905457,0.1756885051727295,0.10126002877950668,-0.606684435904026,0.8884441514177249,-0.009138562272374482,0.0,0.36554249089497926
1786016751.0722039,-6.615321636199951,-4.091977596282959,-112.3008804321289,0.047925639897584915,0.8339163661003113,0.170622780919075,0.047925639897584915,-0.5658709995448589,0.8511924805932598,-0.0,0.0,0.0
1786016751.1238043,-6.502126693725586,-4.542494773864746,-112.38348388671875,0.0773739442229271,0.8573703169822693,0.16903428733348846,0.0773739442229271,-0.6040002718567848,0.8738743907087662,-0.007762067889173895,0.0,0.31048271556695584
1786016751.173099,-6.556524753570557,-4.282248497009277,-112.3377456665039,0.06693350523710251,0.83280348777771,0.17156659066677094,0.06693350523710251,-0.575403769314289,0.8502921523145663,-0.0,0.0,0.0
1786016751.2213392,-6.621257781982422,-4.388014793395996,-112.36930084228516,0.07068942487239838,0.8485914468765259,0.1715298444032669,0.07068942487239838,-0.587512794137001,0.8657539669172788,-0.0,0.0,0.0
1786016751.271572,-6.47916841506958,-4.444154739379883,-112.40238189697266,0.07455258071422577,0.840432345867157,0.17400336265563965,0.07455258071422577,-0.5920706301927566,0.8582561961298285,-0.0016443029332619912,0.0,0.06577211733047965
1786016751.321401,-6.167291164398193,-4.416843414306641,-112.60272979736328,0.06934696435928345,0.8557586669921875,0.17244338989257812,0.06934696435928345,-0.5931795477867127,0.8729602618962041,-0.002212978622470216,0.0,0.08851914489880863
1786016751.3714094,-6.634414196014404,-4.303793430328369,-112.49725341796875,0.06423157453536987,0.8351542353630066,0.17202860116958618,0.06423157453536987,-0.5813374400138854,0.8526877719688096,-0.0,0.0,0.0
1786016751.4213593,-6.556901931762695,-4.587594985961914,-112.49984741210938,0.0891207605600357,0.845146894454956,0.17447598278522491,0.0891207605600357,-0.5990184873342513,0.8629687953661631,-0.005207306595566969,0.0,0.20829226382267876
1786016751.471387,-6.679165840148926,-4.61663818359375,-112.54478454589844,0.07374121248722076,0.8449152112007141,0.17257292568683624,0.07374121248722076,-0.6187545150518418,0.8623590486557566,-0.015328346450741544,0.0,0.6131338580296618
1786016751.5213923,-6.5711188316345215,-4.670774459838867,-112.66850280761719,0.09124600887298584,0.8320452570915222,0.17172619700431824,0.09124600887298584,-0.6093701601028442,0.8495817774564514,-0.010515856733306884,0.0,0.4206342693322754
1786016751.571342,-6.644653797149658,-4.483664035797119,-112.68852233886719,0.0778372511267662,0.8462483286857605,0.17492400109767914,0.0778372511267662,-0.5947123542428017,0.8641380907953681,-0.0029990332153363684,0.0,0.11996132861345474
1786016751.6213243,-6.176753044128418,-4.606315612792969,-112.46510314941406,0.09566497802734375,0.8604109287261963,0.1755625456571579,0.09566497802734375,-0.5952823638916015,0.8781396094637215,-0.0032913458557465376,0.0,0.13165383422986152
1786016751.6713603,-6.483126640319824,-4.478574752807617,-112.39642333984375,0.07148271799087524,0.8576247096061707,0.17121770977973938,0.07148271799087524,-0.6003034949302674,0.8745488246343297,-0.005866284849934158,0.0,0.23465139399736631
1786016751.7213147,-6.168405055999756,-4.540913105010986,-112.400634765625,0.08587343245744705,0.8510200381278992,0.1742415577173233,0.08587343245744705,-0.5952635332942009,0.8686744072038558,-0.0032816891391308457,0.0,0.13126756556523383
1786016751.773825,-6.345773696899414,-4.313531398773193,-112.19786071777344,0.06721099466085434,0.8588933348655701,0.17019280791282654,0.06721099466085434,-0.5798187151551246,0.8755931432701792,-0.0,0.0,0.0
1786016751.821344,-6.404170989990234,-4.444443225860596,-112.39772033691406,0.07004594802856445,0.852179765701294,0.18081441521644592,0.07004594802856445,-0.5966205358505249,0.8711510809387644,-0.003977587885963658,0.0,0.1591035154385463
1786016751.8713894,-6.49852180480957,-4.222273826599121,-112.57038116455078,0.06827010959386826,0.8621283769607544,0.17187057435512543,0.06827010959386826,-0.5650709643959999,0.8790931877168343,-0.0,0.0,0.0
1786016751.9214127,-7.011524677276611,-4.066402435302734,-112.44783782958984,0.05005783587694168,0.8064405918121338,0.18011081218719482,0.05005783587694168,-0.5599025294184684,0.8263088604081621,-0.0,0.0,0.0
1786016751.9727914,-7.04533052444458,-4.420176982879639,-112.48526000976562,0.07046905905008316,0.8338637351989746,0.16965454816818237,0.07046905905008316,-0.5925574883818626,0.8509473512469122,-0.0018939737994701899,0.0,0.0757589519788076
1786016752.0213864,-6.658034324645996,-4.019583225250244,-112.62268829345703,0.04633186012506485,0.835671603679657,0.17063391208648682,0.04633186012506485,-0.5566056236624718,0.852914392627108,-0.0,0.0,0.0
1786016752.071339,-6.468385696411133,-4.153259754180908,-112.6761245727539,0.04867399111390114,0.8603690266609192,0.16987162828445435,0.04867399111390114,-0.5743149720132351,0.8769784673146025,-0.0,0.0,0.0
1786016752.1212332,-6.4366135597229,-4.393313884735107,-112.37541961669922,0.060523245483636856,0.8479445576667786,0.1678992360830307,0.060523245483636856,-0.5984738372266293,0.8644073844860269,-0.004927998848068478,0.0,0.19711995392273912
1786016752.1713994,-6.663754463195801,-4.584469795227051,-112.62300109863281,0.06612789630889893,0.8579071760177612,0.1694527566432953,0.06612789630889893,-0.6215425729751587,0.8744821092491154,-0.01675811974475023,0.0,0.6703247897900091
1786016752.221359,-6.476856708526611,-4.2871527671813965,-112.60607147216797,0.06181109696626663,0.8403580188751221,0.16347698867321014,0.06181109696626663,-0.5812618181109428,0.8561111643433819,-0.0,0.0,0.0
1786016752.271275,-6.954335689544678,-4.553943157196045,-112.49781036376953,0.07348638027906418,0.8250759840011597,0.176751971244812,0.07348638027906418,-0.6096050933003425,0.843795969837738,-0.010636335296126547,0.0,0.4254534118450619
1786016752.3212724,-6.860360622406006,-4.7606425285339355,-112.61067962646484,0.09481479227542877,0.8182355165481567,0.18091799318790436,0.09481479227542877,-0.6192815870046615,0.8379980195680462,-0.01559863975987988,0.0,0.6239455903951953
1786016752.3714883,-6.530930042266846,-4.540505409240723,-112.38245391845703,0.07674865424633026,0.8574501276016235,0.1693318635225296,0.07674865424633026,-0.6043271571397781,0.8740102981819226,-0.007929701367631995,0.0,0.3171880547052798
1786016752.4213536,-6.0571088790893555,-4.239897727966309,-112.39665222167969,0.06145257130265236,0.8805346488952637,0.17115774750709534,0.06145257130265236,-0.5745320878922939,0.8970151851762643,-0.0,0.0,0.0
1786016752.4712496,-6.515041828155518,-4.31593656539917,-112.75452423095703,0.06729549914598465,0.867669403553009,0.16386911273002625,0.06729549914598465,-0.5800949856638908,0.8830080860156154,-0.0,0.0,0.0
1786016752.52124,-6.31220006942749,-4.47981595993042,-112.59738159179688,0.07974950969219208,0.8565501570701599,0.1720672994852066,0.07974950969219208,-0.5922228842973709,0.873662021109449,-0.0017223819612693142,0.0,0.06889527845077256
1786016752.57123,-6.577861309051514,-4.77400541305542,-112.73503112792969,0.0871310606598854,0.868739902973175,0.17610104382038116,0.0871310606598854,-0.6289697512984276,0.8864088202700091,-0.020566929141298377,0.0,0.822677165651935
1786016752.621363,-6.840236663818359,-4.701274871826172,-112.80110931396484,0.08616846054792404,0.8314846158027649,0.17315788567066193,0.08616846054792404,-0.6190227702260017,0.8493234482142864,-0.01546591320672101,0.0,0.6186365282688404
1786016752.6714027,-7.005913734436035,-4.467945575714111,-112.7574691772461,0.06391068547964096,0.8267609477043152,0.1716456115245819,0.06391068547964096,-0.6062811508774757,0.8443908340363395,-0.008931749438246126,0.0,0.357269977529845
1786016752.7212696,-6.705753326416016,-4.504580497741699,-112.48095703125,0.06533066183328629,0.8349773287773132,0.1709171086549759,0.06533066183328629,-0.6103564128279686,0.8522909113695125,-0.01102162736157582,0.0,0.4408650944630328
1786016752.7716155,-6.791557312011719,-4.621425628662109,-112.55601501464844,0.08143354952335358,0.8499285578727722,0.17085577547550201,0.08143354952335358,-0.6117802947759629,0.8669315137316358,-0.011751823232342105,0.0,0.4700729292936842
1786016752.8212044,-6.658501625061035,-4.43524694442749,-112.28678894042969,0.06081617996096611,0.8474909663200378,0.17631328105926514,0.06081617996096611,-0.6044708617031574,0.8656369395260087,-0.00800339601551882,0.0,0.3201358406207528
1786016752.8713121,-6.821794033050537,-4.491776943206787,-112.67291259765625,0.06859182566404343,0.8466722369194031,0.17392191290855408,0.06859182566404343,-0.6051747158169746,0.8643510331803141,-0.008364346843117347,0.0,0.3345738737246939
1786016752.9217606,-6.310121059417725,-4.328743934631348,-112.26515197753906,0.06571915000677109,0.8635182976722717,0.1687074601650238,0.06571915000677109,-0.583592440187931,0.8798443371018257,-0.0,0.0,0.0
1786016752.971391,-6.795665264129639,-4.679422378540039,-112.46784210205078,0.08353295922279358,0.8568034768104553,0.1718432456254959,0.08353295922279358,-0.6183803975582123,0.8738662935149685,-0.01513649132580335,0.0,0.605459653032134
1786016753.0214334,-6.388948440551758,-4.704353332519531,-112.7633285522461,0.07836683094501495,0.8594151735305786,0.1686692237854004,0.07836683094501495,-0.6272861689329147,0.8758103376570546,-0.019703553569240473,0.0,0.7881421427696189
1786016753.0713606,-6.628215312957764,-4.582513809204102,-112.69976806640625,0.06874039024114609,0.8544127345085144,0.17486442625522614,0.06874039024114609,-0.6186366811394691,0.8721230924931908,-0.015267918803370962,0.0,0.6107167521348384
1786016753.121379,-6.416167736053467,-4.597335338592529,-112.51009368896484,0.09556590765714645,0.869167685508728,0.17522256076335907,0.09556590765714645,-0.5940343931317329,0.886654053920168,-0.002651360850685717,0.0,0.10605443402742867
1786016753.1714146,-6.434263706207275,-4.389815330505371,-112.61812591552734,0.06543891131877899,0.8727046847343445,0.17418096959590912,0.06543891131877899,-0.5930333882570267,0.8899171180096732,-0.002138025017503038,0.0,0.08552100070012153
1786016753.2213097,-6.335577964782715,-4.267449855804443,-112.42769622802734,0.05098697170615196,0.8773707151412964,0.17364490032196045,0.05098697170615196,-0.5891305066645145,0.8943891340995671,-0.00013654727775320473,0.0,0.0054618911101281895
1786016753.2713413,-6.80878210067749,-4.397696018218994,-113.16735076904297,0.07276173681020737,0.8398135304450989,0.17403897643089294,0.07276173681020737,-0.5868926659226418,0.8576574673118482,-0.0,0.0,0.0
1786016753.3214192,-5.8308916091918945,-4.3367438316345215,-113.81855773925781,0.07267221063375473,0.9150205254554749,0.17521759867668152,0.07267221063375473,-0.5778393641114234,0.931645731429515,-0.0,0.0,0.0
1786016753.3713803,-6.58416748046875,-4.781058311462402,-114.48897552490234,0.10398264229297638,0.8622892498970032,0.17457130551338196,0.10398264229297638,-0.6131761044263839,0.8797828659371487,-0.012467623053070863,0.0,0.4987049221228345
1786016753.4213388,-5.337845802307129,-4.802515506744385,-116.33370971679688,0.11765691637992859,0.9672231078147888,0.18209584057331085,0.11765691637992859,-0.6027204096317291,0.9842151367688872,-0.007105728286581219,0.0,0.2842291314632488
1786016753.4713566,-5.404986381530762,-4.095032215118408,-117.86997985839844,-0.01621057279407978,0.9968114495277405,0.18388547003269196,-0.01621057279407978,-0.630465405061841,1.013630569783064,-0.021333931071253982,0.0,0.8533572428501592
1786016753.521361,-5.850175857543945,-4.3121490478515625,-120.31603240966797,0.033365074545145035,0.9320175051689148,0.18597842752933502,0.033365074545145035,-0.6134572826325894,0.9503918168037708,-0.012611817004971085,0.0,0.5044726801988434
1786016753.5713277,-5.618008613586426,-4.763024806976318,-120.46646881103516,0.049006033688783646,1.005120038986206,0.1815047264099121,0.049006033688783646,-0.6654476873576641,1.0213766486858653,-0.03927356301782994,0.0,1.5709425207131977
1786016753.6213503,-5.6982035636901855,-4.004360198974609,-120.82278442382812,-0.011302954517304897,0.9260456562042236,0.19441288709640503,-0.011302954517304897,-0.6119569843634963,0.9462330199500917,-0.011842433277231066,0.0,0.4736973310892426
1786016753.6713963,-6.165620803833008,-4.77369499206543,-120.805419921875,0.051409050822257996,0.9162795543670654,0.1939375251531601,0.051409050822257996,-0.6646451979875564,0.9365788730340017,-0.038862030007518276,0.0,1.5544812003007311
1786016753.7213557,-5.758836269378662,-4.481945037841797,-120.89451599121094,0.02452627569437027,0.940557599067688,0.19622179865837097,0.02452627569437027,-0.6477654799818993,0.9608077806890929,-0.030205764363591545,0.0,1.208230574543662
1786016753.7712061,-6.2439374923706055,-4.53208065032959,-120.6695327758789,0.04435388371348381,0.89480060338974,0.19043515622615814,0.04435388371348381,-0.6354582138359547,0.9148407886367573,-0.023894345827209715,0.0,0.9557738330883886
1786016753.8212056,-6.318042278289795,-4.824494361877441,-120.2672348022461,0.07791955769062042,0.8663620352745056,0.19181129336357117,0.07791955769062042,-0.6457545965909958,0.8873413933919626,-0.029174542111846165,0.0,1.1669816844738465
1786016753.871421,-6.306761741638184,-4.7140655517578125,-119.90171813964844,0.07120131701231003,0.8662856817245483,0.18854069709777832,0.07120131701231003,-0.6359085157513619,0.8865655513401599,-0.024125269886392884,0.0,0.9650107954557153
1786016753.9212253,-6.482919692993164,-4.812540531158447,-119.92306518554688,0.0818052664399147,0.8429628610610962,0.1902574598789215,0.0818052664399147,-0.6400758132338523,0.8641668161691285,-0.026262345518439267,0.0,1.0504938207375707
1786016753.9711978,-6.317033290863037,-5.006782531738281,-119.71903991699219,0.09805825352668762,0.8747584223747253,0.1867368072271347,0.09805825352668762,-0.6529591262340545,0.8944679606832782,-0.03286917269803013,0.0,1.3147669079212052
1786016754.0214562,-6.569460391998291,-5.013540744781494,-119.72514343261719,0.13696593046188354,0.8450703024864197,0.1616710126399994,0.13696593046188354,-0.6150651812553406,0.860396032343555,-0.01343638040125377,0.0,0.5374552160501508
1786016754.0744927,-5.988008975982666,-4.838151454925537,-119.1379165649414,0.07582694292068481,0.9105275869369507,0.1802208125591278,0.07582694292068481,-0.6498957753181457,0.9281918055298154,-0.03129822351038458,0.0,1.2519289404153833
1786016754.1214256,-6.174898624420166,-4.712023735046387,-119.11674499511719,0.07809192687273026,0.8799309134483337,0.18325386941432953,0.07809192687273026,-0.6287116333842278,0.8988105434947585,-0.02043456098017026,0.0,0.8173824392068103
1786016754.1712708,-5.948702812194824,-4.756567001342773,-118.98133087158203,0.0754803717136383,0.9042323231697083,0.20186933875083923,0.0754803717136383,-0.6380046784877776,0.926491945023047,-0.02520022513583687,0.0,1.0080090054334747
1786016754.2214072,-6.275123119354248,-4.7839035987854,-118.77052307128906,0.0928044468164444,0.8782168626785278,0.18688422441482544,0.0928044468164444,-0.6247810930013656,0.8978811565168561,-0.018418899245369175,0.0,0.736755969814767
1786016754.2714064,-5.565054416656494,-4.848177909851074,-118.83769226074219,0.09100932627916336,0.9682489037513733,0.1878940314054489,0.09100932627916336,-0.6362173601984977,0.9863113639482859,-0.024283651654154862,0.0,0.9713460661661945
1786016754.3223224,-5.902133464813232,-6.189284801483154,-122.25511169433594,0.5468103885650635,0.9232107400894165,0.0920403003692627,0.5468103885650635,-0.3815823316574096,0.9277874150410277,0.05501636298230057,2.200654519292023,0.0
1786016754.3722973,-6.615022659301758,-3.281015396118164,-119.39928436279297,-0.08314233273267746,0.6492693424224854,-0.05397230014204979,-0.08314233273267746,-0.575294642150402,0.651508778292626,-0.0,0.0,0.0
1786016754.4213605,-5.757740497589111,-6.672416687011719,-116.45132446289062,0.4614717364311218,0.8523277044296265,-0.10204911231994629,0.4614717364311218,-0.5393907666206359,0.8584151309614514,-0.0,0.0,0.0
1786016754.4723248,-6.1376543045043945,-5.881844520568848,-119.02692413330078,0.42066848278045654,0.7859072685241699,-0.042871877551078796,0.42066848278045654,-0.4616081953048706,0.7870757476913365,0.013977458547705187,0.5590983419082075,0.0
1786016754.5225153,-5.637362480163574,-4.412841320037842,-119.17974853515625,0.3266313374042511,0.8634114861488342,-0.04300469160079956,0.3266313374042511,-0.3352948606014251,0.8644818088967624,0.0787535276263952,3.150141105055808,0.0
1786016754.5737429,-5.65460205078125,-6.293890476226807,-118.21746826171875,0.43933865427970886,0.8922955393791199,-0.006834900472313166,0.43933865427970886,-0.5047449171543121,0.8923217163446941,0.0,0.0,0.0
1786016754.622302,-5.865570545196533,-5.250993728637695,-118.35071563720703,0.41425761580467224,0.8055280447006226,-0.02805888094007969,0.41425761580467224,-0.3733914434909821,0.8060165827070915,0.05921681845226342,2.368672738090537,0.0
1786016754.672309,-5.8152313232421875,-5.310935020446777,-117.67774200439453,0.40140867233276367,0.837630569934845,-0.02621474675834179,0.40140867233276367,-0.3952315807342529,0.8380406819701399,0.04801674807109889,1.9206699228439557,0.0
1786016754.7222872,-5.862629413604736,-5.757596969604492,-117.79467010498047,0.4335155189037323,0.8282933831214905,-0.014538886956870556,0.4335155189037323,-0.4301240265369415,0.8284209725476467,0.030123186121002184,1.2049274448400873,0.0
1786016754.7723148,-6.228355884552002,-5.2565507888793945,-118.2658920288086,0.4195578992366791,0.7734677195549011,-0.02961580455303192,0.4195578992366791,-0.36892471909523006,0.7740345012160521,0.06150744634752087,2.4602978539008347,0.0
1786016754.8223205,-5.951630115509033,-5.665680885314941,-117.47328186035156,0.42622628808021545,0.8085535764694214,-0.024387599900364876,0.42622628808021545,-0.4236258447170257,0.8089212823571851,0.033455587054292336,1.3382234821716934,0.0
1786016754.872308,-6.379411220550537,-5.373085975646973,-117.66690063476562,0.4509708285331726,0.7651563286781311,-0.028574595227837563,0.4509708285331726,-0.35499206781387327,0.7656896987740079,0.06865239572257563,2.7460958289030253,0.0
1786016754.9223027,-6.337967395782471,-5.718755722045898,-117.75016784667969,0.4718865156173706,0.7584801912307739,-0.04659094661474228,0.4718865156173706,-0.38592684268951416,0.759909808329863,0.052788408606862354,2.1115363442744943,0.0
1786016754.9723,-6.46096134185791,-5.5622968673706055,-117.07452392578125,0.4616631865501404,0.7488756775856018,-0.04940805584192276,0.4616631865501404,-0.37268134355545046,0.7505037884390543,0.05958097226535656,2.3832388906142623,0.0
1786016755.0223114,-6.5336456298828125,-5.585225582122803,-117.28718566894531,0.5033171772956848,0.729832112789154,-0.03971714526414871,0.5033171772956848,-0.3344666600227356,0.730912008716654,0.079178245871877,3.16712983487508,0.0
1786016755.072362,-6.7264604568481445,-5.89708137512207,-117.18170166015625,0.5075879693031311,0.7261666059494019,-0.05021924525499344,0.5075879693031311,-0.3769742369651794,0.7279010318649474,0.057379488465495565,2.2951795386198226,0.0
1786016755.1222994,-6.64846658706665,-5.3283162117004395,-116.86128997802734,0.4171660244464874,0.7036125063896179,-0.04075266048312187,0.4171660244464874,-0.3820814073085784,0.7047916986488509,0.054760426750931956,2.1904170700372783,0.0
1786016755.172333,-6.790942668914795,-5.805562496185303,-117.25306701660156,0.47898200154304504,0.7223600149154663,-0.04220195114612579,0.47898200154304504,-0.3918523728847504,0.7235917328364198,0.04974967517340787,1.9899870069363148,0.0
1786016755.2223275,-6.1923699378967285,-5.2517476081848145,-117.41697692871094,0.4436643421649933,0.7734071612358093,-0.03168044984340668,0.4436643421649933,-0.34409779906272886,0.7740557395647382,0.074239200210342,2.96956800841368,0.0
1786016755.2723284,-6.476819038391113,-5.227972030639648,-117.36361694335938,0.4275300204753876,0.7611867785453796,-0.038891661912202835,0.4275300204753876,-0.3566657841205597,0.7621796856375705,0.06779407966786463,2.7117631867145855,0.0
1786016755.3223264,-6.449520111083984,-5.811692237854004,-117.3944091796875,0.491161584854126,0.7552216053009033,-0.029498063027858734,0.491161584854126,-0.38059225082397463,0.7557974654864019,0.05552409674303647,2.2209638697214587,0.0
1786016755.372339,-6.148600101470947,-5.7051897048950195,-117.4354476928711,0.46232980489730835,0.827614963054657,-0.0297597236931324,0.46232980489730835,-0.3934486508369446,0.8281498464808484,0.048931071095359574,1.957242843814383,0.0
1786016755.4223454,-6.062925338745117,-5.431384086608887,-117.31253814697266,0.4636614918708801,0.8230752944946289,-0.031487978994846344,0.4636614918708801,-0.35104612112045286,0.8236773841915291,0.0706759581294579,2.827038325178316,0.0
1786016755.4723322,-6.1694416999816895,-5.938725471496582,-117.09867095947266,0.5116811990737915,0.827793300151825,-0.03678908571600914,0.5116811990737915,-0.3791276216506958,0.828610393734033,0.0562751886267692,2.251007545070768,0.0
1786016755.5223424,-6.21267032623291,-5.490274906158447,-117.06890106201172,0.47052526473999023,0.7939515113830566,-0.03308037668466568,0.47052526473999023,-0.3530159711837768,0.7946403675556882,0.0696657786098046,2.786631144392184,0.0
1786016755.5723772,-6.474414825439453,-5.719973564147949,-117.04803466796875,0.5105714201927185,0.7847864627838135,-0.029588501900434494,0.5105714201927185,-0.3474246144294738,0.7853440466530843,0.07253314104790869,2.9013256419163476,0.0
1786016755.6223588,-6.497865200042725,-5.619841575622559,-116.56636047363281,0.46652188897132874,0.7601038217544556,-0.0036259309854358435,0.46652188897132874,-0.3764543473720551,0.7601124701129698,0.05764609851325163,2.3058439405300653,0.0
1786016755.6723392,-6.66923189163208,-5.348705291748047,-116.68170928955078,0.4278132915496826,0.7464621663093567,-0.00628744438290596,0.4278132915496826,-0.3744925022125244,0.7464886453845938,0.05865217295403659,2.3460869181614634,0.0
1786016755.7223573,-6.403135776519775,-5.411373615264893,-116.62259674072266,0.4607444703578949,0.7418504953384399,-0.0023565348237752914,0.4607444703578949,-0.35096157193183897,0.741854238169645,0.07071931668772143,2.828772667508857,0.0
1786016755.7723627,-6.283871173858643,-5.5590715408325195,-117.03938293457031,0.44667500257492065,0.7986947894096375,-0.016154039651155472,0.44667500257492065,-0.38718572854995725,0.7988581348569695,0.05214282611432743,2.0857130445730974,0.0
1786016755.8223524,-6.131227016448975,-5.279506683349609,-116.91120910644531,0.4295952618122101,0.8135302662849426,-0.013319333083927631,0.4295952618122101,-0.3623307406902313,0.8136392928045266,0.06488897373469972,2.5955589493879887,0.0
1786016755.8723428,-6.28213357925415,-5.586323261260986,-117.10506439208984,0.45776233077049255,0.821005642414093,-0.012853049673140049,0.45776233077049255,-0.38018615841865533,0.8211062451118477,0.05573234925858483,2.229293970343393,0.0
1786016755.9214668,-6.292975902557373,-5.492413520812988,-116.9352798461914,0.44367164373397827,0.8058087229728699,-0.024469932541251183,0.44367164373397827,-0.3801903843879699,0.8061801756541405,0.055730182094833755,2.2292072837933503,0.0
1786016755.9724128,-6.265892028808594,-5.349605560302734,-116.9888687133789,0.4375937879085541,0.8137167096138,-0.029344454407691956,0.4375937879085541,-0.36484704613685603,0.8142456512068054,0.06359856068514858,2.543942427405943,0.0
1786016756.0223918,-6.399964332580566,-5.611428737640381,-116.86083984375,0.4612160623073578,0.7875330448150635,-0.0014492110349237919,0.4612160623073578,-0.3804982483386993,0.787534378226315,0.05557230314574178,2.2228921258296714,0.0
1786016756.0723972,-6.807637691497803,-5.197206497192383,-116.42454528808594,0.3516030013561249,0.7299410700798035,0.01616646535694599,0.3516030013561249,-0.42797797322273257,0.7301200725849043,0.03122372628213496,1.2489490512853985,0.0
1786016756.1223812,-7.031174659729004,-5.037439346313477,-116.29075622558594,0.3463950455188751,0.6836487650871277,0.00322682480327785,0.3463950455188751,-0.4092208564281463,0.6836563803574612,0.040842760535768935,1.6337104214307574,0.0
1786016756.1723516,-7.221943378448486,-5.216885566711426,-116.23719024658203,0.3890770375728607,0.6651076674461365,-0.022945528849959373,0.3890770375728607,-0.39345579743385317,0.6655033482934889,0.04892740617386799,1.9570962469547195,0.0
1786016756.222383,-7.421629905700684,-5.09122896194458,-115.9683837890625,0.3536089360713959,0.5952360033988953,-0.07885118573904037,0.3536089360713959,-0.4100754082202911,0.6004360159373705,0.04040452884748957,1.6161811538995827,0.0
1786016756.272388,-8.91278076171875,-5.852487564086914,-115.4554672241211,0.4140227138996124,0.4107308089733124,-0.14978589117527008,0.4140227138996124,-0.46385042071342464,0.4371905884566152,0.012827599363831335,0.5131039745532534,0.0
1786016756.3224335,-9.245752334594727,-6.71769380569458,-115.7934341430664,0.5003585815429688,0.35756489634513855,-0.18453536927700043,0.5003585815429688,-0.5072954893112183,0.40237539389543764,0.0,0.0,0.0
1786016756.3713973,-9.870469093322754,-7.364727973937988,-115.88385772705078,0.5749532580375671,0.3535741865634918,-0.18581661581993103,0.5749532580375671,-0.5297559380531311,0.3994277407977653,0.0,0.0,0.0
1786016756.421582,-10.347370147705078,-8.35126781463623,-115.4939956665039,0.6857578158378601,0.24403266608715057,-0.1733071357011795,0.6857578158378601,-0.5669323563575743,0.2993113853540319,-0.0,0.0,0.0
1786016756.471237,-10.992842674255371,-9.283803939819336,-115.423583984375,0.7989661693572998,0.18626616895198822,-0.12179499119520187,0.7989661693572998,-0.5936044216156005,0.2225513549190162,-0.002430862637284464,0.0,0.09723450549137856
1786016756.5212116,-11.294917106628418,-9.565084457397461,-115.25749969482422,0.879024088382721,0.1291275918483734,-0.07183314859867096,0.879024088382721,-0.5557385802268981,0.14776310843427345,-0.0,0.0,0.0
1786016756.5714126,-11.7583589553833,-9.800230979919434,-115.3314437866211,0.9652833342552185,0.08858178555965424,-0.023494450375437737,0.9652833342552185,-0.5047513127326966,0.09164454119793755,0.0,0.0,0.0
1786016756.6214101,-11.872075080871582,-10.238836288452148,-115.34456634521484,1.046191930770874,0.06658107787370682,-0.00224596937187016,1.046191930770874,-0.4896335124969482,0.06661894857504125,0.0,0.0,0.0
1786016756.67247,-12.000497817993164,-10.614531517028809,-115.44774627685547,1.1317517757415771,0.07476916164159775,0.0017546901945024729,1.1317517757415771,-0.4604279518127441,0.07478974843028993,0.014582711620590588,0.5833084648236235,0.0
1786016756.7225602,-11.900057792663574,-11.670731544494629,-115.5866928100586,1.2893102169036865,0.082536980509758,-0.011987651698291302,1.2893102169036865,-0.4612995147705077,0.0834029792328051,0.014135756257634904,0.5654302503053962,0.0
1786016756.772413,-12.277970314025879,-11.841423988342285,-115.67501831054688,1.38956880569458,0.0834226980805397,-0.028344137594103813,1.38956880569458,-0.38664479255676265,0.08810639415496682,0.05242022918776056,2.0968091675104223,0.0
1786016756.822405,-12.138401985168457,-12.679795265197754,-115.78263092041016,1.489073395729065,0.08860483765602112,-0.045932818204164505,1.489073395729065,-0.412895894050598,0.09980301119819324,0.03895812585758858,1.558325034303543,0.0
1786016756.8724093,-12.409547805786133,-13.132699966430664,-115.97756958007812,1.5762245655059814,0.08911523222923279,-0.05678671598434448,1.5762245655059814,-0.39368042945861803,0.10567050547601585,0.04881221026373216,1.9524884105492866,0.0
1786016756.9224133,-12.301833152770996,-13.944232940673828,-115.96388244628906,1.7138320207595825,0.08490503579378128,-0.06397499144077301,1.7138320207595825,-0.37780292034149143,0.10630928761397218,0.05695452263148939,2.2781809052595756,0.0
1786016756.9724371,-13.45669174194336,-14.946542739868164,-115.7983627319336,1.8363173007965088,-0.04433412849903107,-0.11489017307758331,1.8363173007965088,-0.40566411018371573,0.12314733785009584,0.04266673296881026,1.7066693187524105,0.0
1786016757.0225585,-14.085410118103027,-15.539806365966797,-116.02699279785156,1.9174867868423462,-0.12996989488601685,-0.1504010558128357,1.9174867868423462,-0.4134841680526731,0.1987778940584138,0.03865644688216547,1.5462578752866187,0.0
1786016757.072407,-14.426304817199707,-16.31599235534668,-116.51860809326172,1.9978028535842896,-0.1447119414806366,-0.17471899092197418,1.9978028535842896,-0.44959599971771214,0.22686619800201194,0.020137558848812107,0.8055023539524843,0.0
1786016757.1224003,-14.463722229003906,-17.294424057006836,-116.68968963623047,2.1159775257110596,-0.12000761181116104,-0.1751663088798523,2.1159775257110596,-0.47818608283996555,0.2123324343081154,0.00547597776047702,0.2190391104190808,0.0
1786016757.1727412,-14.976824760437012,-18.21209144592285,-117.51612091064453,2.2364630699157715,-0.1461324393749237,-0.1781308650970459,2.2364630699157715,-0.4953506469726561,0.23040246295968217,0.0,0.0,0.0
1786016757.2214825,-14.585125923156738,-19.117595672607422,-118.18099975585938,2.3419599533081055,-0.12463849782943726,-0.17496304214000702,2.3419599533081055,-0.5256793975830076,0.2148181120298391,0.0,0.0,0.0
1786016757.2713578,-15.744438171386719,-19.701148986816406,-117.9137191772461,2.4412014484405518,-0.2269633561372757,-0.18084716796875,2.4412014484405518,-0.513970899581909,0.29020348583608213,0.0,0.0,0.0
1786016757.3212826,-15.512782096862793,-20.039722442626953,-118.12625885009766,2.5100855827331543,-0.19855764508247375,-0.1832953691482544,2.5100855827331543,-0.4958727836608885,0.27022644350968406,0.0,0.0,0.0
1786016757.3713422,-16.602277755737305,-20.662221908569336,-118.45352172851562,2.5975615978240967,-0.3022298216819763,-0.17687009274959564,2.5975615978240967,-0.5017716884613037,0.3501798035626409,0.0,0.0,0.0
1786016757.4226928,-16.766244888305664,-21.223892211914062,-118.44305419921875,2.7254695892333984,-0.3666602075099945,-0.1822614073753357,2.7254695892333984,-0.458114242553711,0.4094617544896108,0.015769229189325495,0.6307691675730198,0.0
1786016757.4727075,-17.755775451660156,-21.794998168945312,-118.56233215332031,2.790924072265625,-0.4763078987598419,-0.19490523636341095,2.790924072265625,-0.4783256530761717,0.5146428524548776,0.0054044032803713055,0.2161761312148522,0.0
1786016757.5224485,-17.84567642211914,-22.25507354736328,-118.76592254638672,2.851224184036255,-0.46594932675361633,-0.19424651563167572,2.851224184036255,-0.4870368480682372,0.504817277772062,0.0009371237972607829,0.037484951890431314,0.0
1786016757.5727057,-18.256303787231445,-23.03554916381836,-119.33292388916016,2.941459894180298,-0.490106463432312,-0.18985676765441895,2.941459894180298,-0.5138724803924561,0.5255948417957621,0.0,0.0,0.0
1786016757.6230643,-18.491710662841797,-22.825511932373047,-118.83867645263672,2.9551820755004883,-0.5615603923797607,-0.1886546015739441,2.9551820755004883,-0.46864471435546884,0.5924024248639893,0.010368987239706105,0.4147594895882442,0.0
1786016757.67265,-18.14975357055664,-22.682598114013672,-119.49314880371094,2.9174962043762207,-0.4455762803554535,-0.1873745173215866,2.9174962043762207,-0.4848935127258298,0.48337090454111864,0.0020362701267004775,0.0814508050680191,0.0
1786016757.7230244,-18.400054931640625,-23.081829071044922,-119.6622543334961,3.0132663249969482,-0.49191248416900635,-0.183778315782547,3.0132663249969482,-0.44900803565978986,0.5251212825940237,0.020439078878515836,0.8175631551406335,0.0
1786016757.7728229,-18.774139404296875,-22.779951095581055,-119.40161895751953,2.9853270053863525,-0.5449835062026978,-0.1794862598180771,2.9853270053863525,-0.43166565895080566,0.5737789988283539,0.02933260539594363,1.1733042158377451,0.0
1786016757.8227713,-18.91891098022461,-22.958099365234375,-119.15326690673828,2.986449718475342,-0.5555703043937683,-0.17671112716197968,2.986449718475342,-0.4572651863098143,0.5829967286246482,0.016204642647734087,0.6481857059093634,0.0
1786016757.8724806,-19.323389053344727,-22.991167068481445,-119.424072265625,3.0078680515289307,-0.6234930753707886,-0.1770579218864441,3.0078680515289307,-0.44080700874328604,0.6481459116110122,0.024644733707492154,0.9857893482996861,0.0
1786016757.9225366,-19.125953674316406,-23.00493049621582,-119.62212371826172,2.9994688034057617,-0.5734694004058838,-0.17013444006443024,2.9994688034057617,-0.45127077102661106,0.598174624083905,0.019278701767325476,0.771148070693019,0.0
1786016758.4271202,-19.3253173828125,-23.25733757019043,-118.95236206054688,3.0414607524871826,-0.5653278827667236,-0.16339071094989777,3.0414607524871826,-0.44713988304138175,0.588465920388105,0.02139710586231487,0.8558842344925948,0.0
1786016758.4277885,-19.3253173828125,-23.25733757019043,-118.95236206054688,3.0414607524871826,-0.5653278827667236,-0.16339071094989777,3.0414607524871826,-0.44713988304138175,0.588465920388105,0.02139710586231487,0.8558842344925948,0.0
1786016759.4351695,-16.013700485229492,-8.27841567993164,-115.5189208984375,0.7545566558837891,-0.5332438349723816,0.01697518490254879,0.7545566558837891,-0.487205696105957,0.5335139589912604,0.0008505350599685926,0.034021402398743704,0.0
1786016759.9391348,-13.035304069519043,-0.2001643180847168,-115.57252502441406,-0.7529156804084778,-0.27123647928237915,0.21935400366783142,-0.7529156804084778,-0.7829403281211853,0.34883435412614894,-0.09952619930681517,0.0,3.9810479722726066
1786016760.4432487,-11.202383041381836,8.054288864135742,-108.98094940185547,-2.0349817276000977,-0.32040131092071533,0.3361107110977173,-2.0349817276000977,-0.8268383979797365,0.46435698568485656,-0.12203803000350807,0.0,4.881521200140323
1786016760.9471908,-9.443439483642578,8.688065528869629,-105.75775146484375,-2.1130075454711914,-0.07481534779071808,0.35577672719955444,-2.1130075454711914,-0.809797716140747,0.3635579952110423,-0.11329921880402631,0.0,4.5319687521610525
1786016760.971252,-9.656113624572754,8.897439002990723,-105.7445068359375,-2.130220651626587,-0.07303006947040558,0.35120075941085815,-2.130220651626587,-0.7956048011779786,0.35871348519064034,-0.10602080087440148,0.0,4.2408320349760595
1786016761.0212202,-8.607600212097168,8.577455520629883,-107.04257202148438,-2.0522284507751465,0.06375418603420258,0.350487619638443,-2.0522284507751465,-0.7656101226806642,0.3562389194862145,-0.09063891446552229,0.0,3.6255565786208916
1786016761.071988,-8.744227409362793,8.193376541137695,-107.19622802734375,-2.004443407058716,0.09916407614946365,0.34453704953193665,-2.004443407058716,-0.7754369258880616,0.3585237683874652,-0.09567830072572607,0.0,3.827132029029043
1786016761.121387,-8.574703216552734,6.555586338043213,-107.98262023925781,-1.7414168119430542,0.1342107355594635,0.3186565637588501,-1.7414168119430542,-0.7580788612365723,0.3457665790182885,-0.08677672910957773,0.0,3.4710691643831093
1786016761.1713994,-8.687989234924316,5.397766590118408,-108.91149139404297,-1.4623215198516846,0.1578834056854248,0.2718944549560547,-1.4623215198516846,-0.6526565313339233,0.31441018499195994,-0.032713995826167984,0.0,1.3085598330467194
1786016761.4517505,-8.687989234924316,5.397766590118408,-108.91149139404297,-1.4623215198516846,0.1578834056854248,0.2718944549560547,-1.4623215198516846,-0.6526565313339233,0.31441018499195994,-0.032713995826167984,0.0,1.3085598330467194
1786016761.4748697,-11.257494926452637,-3.153379201889038,-112.68244934082031,-0.04253273829817772,0.10466057062149048,0.05409565195441246,-0.04253273829817772,-0.5155396185815334,0.11781415281361117,0.0,0.0,0.0
1786016761.5211866,-11.081177711486816,-4.314919471740723,-113.01236724853516,0.15183168649673462,0.14241327345371246,0.01662413962185383,0.15183168649673462,-0.4954062342643738,0.14338027226215178,0.0,0.0,0.0
1786016761.5714304,-11.58031940460205,-5.044464588165283,-113.2747573852539,0.20116883516311646,0.12274086475372314,0.013122237287461758,0.20116883516311646,-0.555500853061676,0.12344032158059298,-0.0,0.0,0.0
1786016761.621446,-11.821478843688965,-6.292852401733398,-114.23851776123047,0.45411908626556396,0.1426975578069687,-0.02316603809595108,0.45411908626556396,-0.4898087739944458,0.14456575778909828,0.0,0.0,0.0
1786016761.6715083,-11.947108268737793,-6.603829383850098,-114.55307006835938,0.5533756613731384,0.12687645852565765,-0.01132659800350666,0.5533756613731384,-0.43719874620437615,0.12738103293012648,0.02649512475308697,1.0598049901234787,0.0
1786016761.7217278,-12.326322555541992,-7.127077102661133,-114.60603332519531,0.6046332120895386,0.09693506360054016,-0.008379779756069183,0.6046332120895386,-0.4644283533096314,0.09729659430833637,0.012531223673468898,0.5012489469387559,0.0
1786016761.771207,-13.15073299407959,-8.10364818572998,-114.95701599121094,0.7916125059127808,0.01027746219187975,-0.018010571599006653,0.7916125059127808,-0.4239347219467162,0.02073660817078007,0.03329718847496386,1.3318875389985543,0.0
1786016761.8214264,-13.853560447692871,-9.02076530456543,-114.84320068359375,0.9349239468574524,-0.08921512961387634,-0.020564887672662735,0.9349239468574524,-0.418190848827362,0.09155465011134056,0.03624276443360704,1.4497105773442818,0.0
1786016761.8714316,-14.457416534423828,-9.558436393737793,-115.37071990966797,1.0075358152389526,-0.14257699251174927,-0.02722836285829544,1.0075358152389526,-0.42622964382171635,0.14515365147883263,0.03212030546214328,1.2848122184857311,0.0
1786016761.9217482,-14.032219886779785,-10.203277587890625,-116.26319122314453,1.147045612335205,-0.06827840954065323,-0.032735321670770645,1.147045612335205,-0.3834460258483887,0.075720159101061,0.054060622371542064,2.1624248948616827,0.0
1786016761.9712594,-14.906295776367188,-10.818982124328613,-116.02686309814453,1.2232439517974854,-0.16497431695461273,-0.046627357602119446,1.2232439517974854,-0.39960336685180664,0.1714369730588969,0.04577480647235339,1.8309922588941354,0.0
1786016762.0214717,-14.585893630981445,-11.494745254516602,-116.43031311035156,1.3392080068588257,-0.12993097305297852,-0.07579877972602844,1.3392080068588257,-0.3850037813186644,0.15042444205131295,0.05326177341242632,2.1304709364970527,0.0
1786016762.0713027,-15.388813972473145,-12.434059143066406,-116.79145050048828,1.4758719205856323,-0.2069941759109497,-0.08699744939804077,1.4758719205856323,-0.3892369508743285,0.2245331714086314,0.05109091723003447,2.043636689201379,0.0
1786016762.1214066,-15.536508560180664,-13.767311096191406,-116.57622528076172,1.671594262123108,-0.21949979662895203,-0.1100674495100975,1.671594262123108,-0.39350240230560285,0.2455504106325403,0.04890350623963738,1.9561402495854951,0.0
1786016762.1712763,-15.951602935791016,-14.321070671081543,-117.41073608398438,1.747639775276184,-0.2429531365633011,-0.12022903561592102,1.747639775276184,-0.4005208253860473,0.2710742473402452,0.04530431491633255,1.812172596653302,0.0
1786016762.2212327,-15.92548656463623,-14.804691314697266,-117.10868072509766,1.8617879152297974,-0.23358124494552612,-0.1428450345993042,1.8617879152297974,-0.35891578197479257,0.27379719118350776,0.06664023461441189,2.6656093845764754,0.0
1786016762.2714558,-15.986842155456543,-15.567413330078125,-117.74126434326172,1.9379078149795532,-0.21896904706954956,-0.14691291749477386,1.9379078149795532,-0.39720418453216544,0.2636870283145776,0.0470051563798617,1.8802062551944678,0.0
1786016762.321591,-16.40005874633789,-15.864306449890137,-117.62690734863281,1.9904189109802246,-0.296303391456604,-0.14738236367702484,1.9904189109802246,-0.3892270565032958,0.3309339222740883,0.051095991266461506,2.04383965065846,0.0
1786016762.3713157,-16.44753074645996,-16.42055320739746,-118.12396240234375,2.086996078491211,-0.3062136173248291,-0.1520126312971115,2.086996078491211,-0.37608690261840794,0.34186930179387043,0.05783453172025016,2.3133812688100064,0.0
1786016762.4214182,-16.5457820892334,-16.13793182373047,-118.46375274658203,2.0837345123291016,-0.30558648705482483,-0.143521249294281,2.0837345123291016,-0.3369552612304685,0.3376113891288322,0.07790204012432168,3.1160816049728672,0.0
1786016762.4714453,-16.490232467651367,-15.886155128479004,-118.60863494873047,1.973546028137207,-0.3037436902523041,-0.1365743726491928,1.973546028137207,-0.40937724113464347,0.3330357167521349,0.04076256325038578,1.6305025300154314,0.0
1786016762.5213273,-16.241456985473633,-16.197309494018555,-118.85273742675781,2.014984607696533,-0.26695263385772705,-0.12295038253068924,2.014984607696533,-0.41461181640625,0.2939056060847096,0.038078165675202946,1.5231266270081179,0.0
1786016762.5712717,-15.951973915100098,-15.256413459777832,-117.97348022460938,1.8892685174942017,-0.1999569684267044,-0.10700634866952896,1.8892685174942017,-0.39919350147247323,0.22678877370360037,0.04598499384637052,1.8393997538548206,0.0
1786016762.6212113,-15.733402252197266,-14.216215133666992,-117.55990600585938,1.7187299728393555,-0.20914481580257416,-0.08972124010324478,1.7187299728393555,-0.4137022972106932,0.22757736025966374,0.03854458577548849,1.5417834310195397,0.0
1786016762.6714964,-15.178689002990723,-13.2785062789917,-116.76917266845703,1.5720669031143188,-0.1413678228855133,-0.0627739280462265,1.5720669031143188,-0.419709038734436,0.15467846453124198,0.035464205506902435,1.4185682202760974,0.0
1786016762.7212412,-14.751481056213379,-12.175220489501953,-115.6917953491211,1.381848692893982,-0.11343629658222198,-0.04305984079837799,1.381848692893982,-0.4444343805313109,0.12133401531257211,0.022784543046966584,0.9113817218786634,0.0
1786016762.7712293,-14.664172172546387,-10.558947563171387,-114.77725982666016,1.1627548933029175,-0.1385975480079651,-0.10179553925991058,1.1627548933029175,-0.4210872411727904,0.1719639849707961,0.03475743502569505,1.3902974010278022,0.0
1786016762.8212845,-14.005193710327148,-9.174068450927734,-115.0168228149414,0.9565812349319458,-0.06033015623688698,-0.029826918616890907,0.9565812349319458,-0.4195290327072143,0.06730061534448126,0.03555651629009304,1.4222606516037217,0.0
1786016762.8712373,-12.92198371887207,-7.572149753570557,-114.74999237060547,0.6307169198989868,0.04262962192296982,0.033169277012348175,0.6307169198989868,-0.5051055431365967,0.054013753830087,0.0,0.0,0.0
1786016762.9219015,-12.246185302734375,-6.357462406158447,-113.93978881835938,0.3988378942012787,0.12224188446998596,0.08219029009342194,0.3988378942012787,-0.5547814667224884,0.14730350336775513,-0.0,0.0,0.0
1786016762.9712338,-11.585037231445312,-4.303945541381836,-113.37326049804688,0.09144904464483261,0.12577740848064423,0.1615397185087204,0.09144904464483261,-0.5541427865624428,0.20473162222769462,-0.0,0.0,0.0
1786016763.0213506,-10.868887901306152,-3.5059783458709717,-113.13993835449219,-0.14042481780052185,0.16699670255184174,0.2705766558647156,-0.14042481780052185,-0.6663215696811676,0.31796167278796517,-0.039721707799113784,0.0,1.5888683119645512
1786016763.0713532,-9.419365882873535,-0.8180291652679443,-111.7965316772461,-0.5675588846206665,0.30475616455078125,0.29341986775398254,-0.5675588846206665,-0.6902632594108582,0.423050279073856,-0.05199949740408331,0.0,2.0799798961633322
1786016763.1211987,-9.493669509887695,-0.7979933023452759,-111.06439208984375,-0.6062471866607666,0.26798081398010254,0.30729904770851135,-0.6062471866607666,-0.725946182012558,0.40773327235338086,-0.07029843207162167,0.0,2.811937282864867
1786016763.1712315,-9.44831371307373,0.49666112661361694,-110.46807861328125,-0.7065456509590149,0.2990192472934723,0.3109962046146393,-0.7065456509590149,-0.6320464819669723,0.43142919411725644,-0.022144739740552092,0.0,0.8857895896220837
1786016763.221398,-9.184784889221191,1.4312570095062256,-109.63031768798828,-0.8487520217895508,0.29392674565315247,0.31403928995132446,-0.8487520217895508,-0.634063470363617,0.4301320813928961,-0.02317909276447243,0.0,0.9271637105788972
1786016763.2711883,-9.542388916015625,1.551430106163025,-108.92780303955078,-0.9079812169075012,0.23280279338359833,0.3170359432697296,-0.9079812169075012,-0.6752667009830475,0.39333056063841976,-0.04430895462059066,0.0,1.7723581848236263
1786016763.3213224,-10.472164154052734,2.097168207168579,-107.94955444335938,-0.9857208132743835,0.09620510041713715,0.3154870271682739,-0.9857208132743835,-0.6711455821990967,0.32982947966751947,-0.04219556037241075,0.0,1.6878224148964298
1786016763.3714268,-10.63719654083252,2.5912606716156006,-106.92620086669922,-1.0884013175964355,0.02722807601094246,0.30129531025886536,-1.0884013175964355,-0.6997122168540955,0.30252311003829707,-0.05684511660574344,0.0,2.2738046642297376
1786016763.4213853,-10.339139938354492,2.5507659912109375,-106.59339904785156,-1.1008683443069458,0.002232084283605218,0.2720601260662079,-1.1008683443069458,-0.7182534456253051,0.27206928234442423,-0.06635343905251764,0.0,2.654137562100706
1786016763.471395,-10.195157051086426,2.4698891639709473,-105.93036651611328,-1.1363555192947388,-0.00024336017668247223,0.2672966420650482,-1.1363555192947388,-0.7658721446990967,0.2672967528486384,-0.09077328473138511,0.0,3.6309313892554047
1786016763.5214007,-8.204875946044922,0.33359766006469727,-107.66027069091797,-0.8433489799499512,0.38093477487564087,0.25323882699012756,-0.8433489799499512,-0.7933093309402466,0.45742890836160643,-0.10484363664992351,0.0,4.19374546599694
1786016763.5712218,-7.842776298522949,-0.7437769770622253,-109.70618438720703,-0.5162897109985352,0.482850044965744,0.1934831589460373,-0.5162897109985352,-0.627856257557869,0.5201729507761419,-0.019995906710242695,0.0,0.7998362684097078
1786016763.6213224,-7.564486980438232,-1.7924565076828003,-109.90738677978516,-0.3904024362564087,0.5123342871665955,0.1735413819551468,-0.3904024362564087,-0.6592709124088287,0.5409279370280349,-0.03610598612099128,0.0,1.4442394448396512
1786016763.6714287,-7.988684177398682,-1.7439030408859253,-109.69548797607422,-0.39200612902641296,0.4336186945438385,0.17260971665382385,-0.39200612902641296,-0.6535915851593017,0.46671113822279414,-0.033193510608413315,0.0,1.3277404243365325
1786016763.7212784,-7.472593307495117,-1.7213712930679321,-110.50822448730469,-0.3817465305328369,0.5409476161003113,0.18905839323997498,-0.3817465305328369,-0.6399522244930267,0.5730335063668536,-0.02619896667699023,0.0,1.047958667079609
1786016763.771446,-7.102855205535889,-1.7932816743850708,-111.05551147460938,-0.3929748237133026,0.5698498487472534,0.19713367521762848,-0.3929748237133026,-0.6619670748710632,0.602984689707854,-0.03748863353752178,0.0,1.499545341500871
1786016763.8213954,-6.834591388702393,-1.6826776266098022,-112.44229125976562,-0.41362595558166504,0.6767035722732544,0.20669351518154144,-0.41362595558166504,-0.6660275995731353,0.7075662046377609,-0.03957095389755874,0.0,1.5828381559023497
1786016763.871263,-6.933309078216553,-1.7297903299331665,-113.0870132446289,-0.38853326439857483,0.6801208257675171,0.1987907439470291,-0.38853326439857483,-0.6480018138885497,0.7085775169462425,-0.03032696123879691,0.0,1.2130784495518763
1786016763.9212027,-6.968875408172607,-1.6712337732315063,-113.19841003417969,-0.4032471179962158,0.6324793100357056,0.1862630546092987,-0.4032471179962158,-0.6539321839809418,0.659336032031944,-0.03336817667079283,0.0,1.3347270668317133
1786016763.9714172,-7.265264987945557,-1.855420470237732,-113.4620361328125,-0.4166681170463562,0.6042450070381165,0.18450553715229034,-0.4166681170463562,-0.694981187582016,0.6317866109457754,-0.05441894774826679,0.0,2.1767579099306715
1786016764.0214152,-6.701746463775635,-1.874354600906372,-113.93489074707031,-0.4428417384624481,0.6736592054367065,0.1908775269985199,-0.4428417384624481,-0.723994928598404,0.7001792308992645,-0.06929778929513243,0.0,2.771911571805297
1786016764.071304,-6.354188919067383,-1.6125619411468506,-114.13076782226562,-0.4774870276451111,0.7211611866950989,0.20018020272254944,-0.4774870276451111,-0.7193713188171387,0.7484287345883536,-0.06692670735602202,0.0,2.6770682942408808
1786016764.1214027,-6.556527137756348,-1.7336469888687134,-114.08766174316406,-0.5255337357521057,0.6561223268508911,0.2113131433725357,-0.5255337357521057,-0.7855807840824127,0.6893110708194157,-0.10088027928693179,0.0,4.035211171477272
1786016764.171258,-6.614955425262451,-1.7691340446472168,-114.70308685302734,-0.5189571976661682,0.6879346370697021,0.20835180580615997,-0.5189571976661682,-0.7843273043632507,0.7187938090043003,-0.10023746917454102,0.0,4.009498766981641
1786016764.2213964,-6.56570291519165,-1.9105172157287598,-114.17781066894531,-0.49738577008247375,0.6574416160583496,0.19503706693649292,-0.49738577008247375,-0.7839633524417877,0.6857615737299695,-0.10005082716353435,0.0,4.002033086541374
1786016764.271408,-6.821936130523682,-2.114528179168701,-113.84722137451172,-0.49064379930496216,0.591662585735321,0.19538727402687073,-0.49064379930496216,-0.8078230261802672,0.6230897224402419,-0.11228655728583155,0.0,4.491462291433262
1786016764.3212385,-6.381654739379883,-1.6926116943359375,-114.88743591308594,-0.5459725856781006,0.6576390862464905,0.19581177830696106,-0.5459725856781006,-0.7998643398284913,0.6861715676730226,-0.10820517966953616,0.0,4.328207186781446
1786016764.3714364,-6.093384742736816,-1.840060830116272,-114.83104705810547,-0.5089712738990784,0.7088481783866882,0.1911199539899826,-0.5089712738990784,-0.7849803984165191,0.7341611381810258,-0.10057238920185815,0.0,4.022895568074326
1786016764.4211931,-6.287854194641113,-2.0380775928497314,-114.7592544555664,-0.512406587600708,0.6343423128128052,0.17919616401195526,-0.512406587600708,-0.8181182265281677,0.6591672284187817,-0.11756614720783178,0.0,4.702645888313271
1786016764.4712038,-6.074769020080566,-1.7178593873977661,-114.91481018066406,-0.477377325296402,0.6894236207008362,0.16519354283809662,-0.477377325296402,-0.7350562334060669,0.7089385272191465,-0.07497025329906211,0.0,2.9988101319624842
1786016764.5214365,-6.053411483764648,-1.700835943222046,-114.9824447631836,-0.5091298818588257,0.6688657999038696,0.1687639355659485,-0.5091298818588257,-0.7642552733421326,0.6898280396075177,-0.08994411993294199,0.0,3.5977647973176796
1786016764.571203,-5.96641206741333,-1.6463223695755005,-115.26607513427734,-0.521500825881958,0.6955259442329407,0.17527128756046295,-0.521500825881958,-0.7684491813182831,0.7172700769892929,-0.09209484197199352,0.0,3.683793678879741
1786016764.6211932,-6.096833229064941,-1.7393357753753662,-115.13724517822266,-0.5020025372505188,0.6593294739723206,0.17300103604793549,-0.5020025372505188,-0.7629029035568238,0.6816485265312879,-0.08925059696611695,0.0,3.570023878644678
1786016764.6712878,-6.179949760437012,-1.8795475959777832,-114.90927124023438,-0.4872373342514038,0.6667290925979614,0.17626768350601196,-0.4872373342514038,-0.7691694736480712,0.6896361208384293,-0.09246422265393614,0.0,3.698568906157446
1786016764.7211862,-6.1404924392700195,-1.7063108682632446,-115.06132507324219,-0.4920756220817566,0.6438261866569519,0.17716491222381592,-0.4920756220817566,-0.7480222523212432,0.6677571150863948,-0.08161949376838332,0.0,3.2647797507353324
1786016764.7715454,-6.1219072341918945,-1.3886549472808838,-115.59429168701172,-0.5337875485420227,0.6419640779495239,0.18324799835681915,-0.5337875485420227,-0.7420857906341553,0.667605951351067,-0.07857515444167155,0.0,3.1430061776668623
1786016764.8213856,-6.02760124206543,-1.9534779787063599,-115.32647705078125,-0.49349889159202576,0.6723974347114563,0.1875825822353363,-0.49349889159202576,-0.7865205883979798,0.6980727292801402,-0.10136223021799182,0.0,4.054489208719673
1786016764.8722157,-5.817051410675049,-1.6076934337615967,-115.08616638183594,-0.5194544196128845,0.6807823181152344,0.1834079921245575,-0.5194544196128845,-0.760608434677124,0.7050553568575406,-0.08807394625857862,0.0,3.5229578503431447
1786016764.921229,-6.0539703369140625,-1.6656855344772339,-115.2742919921875,-0.5207528471946716,0.6461897492408752,0.18531979620456696,-0.5207528471946716,-0.7706056773662567,0.6722385133933397,-0.09320073738121078,0.0,3.728029495248431
1786016764.9713185,-6.076889991760254,-1.779515266418457,-114.9622573852539,-0.48202094435691833,0.6393373012542725,0.17450886964797974,-0.48202094435691833,-0.7489482343196869,0.6627258334793596,-0.0820943563316878,0.0,3.283774253267512
1786016765.0214255,-6.249293804168701,-1.5971837043762207,-115.2169189453125,-0.47606611251831055,0.6279870867729187,0.15990883111953735,-0.47606611251831055,-0.7156436681747437,0.6480267088813192,-0.0650150916419733,0.0,2.600603665678932
1786016765.0714712,-6.166228294372559,-1.7025198936462402,-114.98190307617188,-0.4479493200778961,0.6236295104026794,0.15104274451732635,-0.4479493200778961,-0.7033273041248321,0.6416600945332442,-0.05869900751381353,0.0,2.347960300552541
1786016765.1215527,-6.369382858276367,-1.7214196920394897,-114.96099090576172,-0.4306008815765381,0.6184095740318298,0.1454605758190155,-0.4306008815765381,-0.6888138353824615,0.6352866914801764,-0.051256203030546565,0.0,2.0502481212218626
1786016765.1714559,-6.395094871520996,-1.7221388816833496,-114.97113800048828,-0.4241430461406708,0.6167469620704651,0.14480869472026825,-0.4241430461406708,-0.6824638783931731,0.6335190394058694,-0.04799981483091148,0.0,1.9199925932364592
1786016765.221201,-6.40814733505249,-1.763860821723938,-115.01836395263672,-0.40900862216949463,0.6214683651924133,0.14142824709415436,-0.40900862216949463,-0.6735877454280853,0.6373577315849052,-0.043447951771892084,0.0,1.7379180708756834
1786016765.271244,-6.23488712310791,-1.7929105758666992,-115.15940856933594,-0.4080016613006592,0.6470855474472046,0.13973712921142578,-0.4080016613006592,-0.676938247680664,0.6620016397225155,-0.04516615805526578,0.0,1.8066463222106313
1786016765.321395,-6.241915225982666,-1.7422401905059814,-115.0198974609375,-0.4066116213798523,0.6348620057106018,0.13790567219257355,-0.4066116213798523,-0.6679476499557495,0.6496674077693707,-0.04055559511941219,0.0,1.6222238047764876
1786016765.3711913,-6.339720726013184,-1.7560561895370483,-114.9933090209961,-0.39433956146240234,0.6360197067260742,0.1384797990322113,-0.39433956146240234,-0.6577479898929596,0.6509206726506104,-0.035325000215417346,0.0,1.4130000086166938
1786016765.4212518,-6.406832695007324,-1.8607267141342163,-115.09721374511719,-0.39066776633262634,0.6219654679298401,0.1409628689289093,-0.39066776633262634,-0.6697767734527588,0.6377394246193768,-0.04149360716916052,0.0,1.6597442867664207
1786016765.4714487,-6.411004543304443,-1.7799209356307983,-114.80691528320312,-0.3832246661186218,0.6180421710014343,0.14864908158779144,-0.3832246661186218,-0.6502128064632415,0.635667109887762,-0.03146080358479271,0.0,1.2584321433917083
1786016765.5217018,-6.742696762084961,-1.8636397123336792,-114.81095886230469,-0.36674046516418457,0.6123296022415161,0.14641761779785156,-0.36674046516418457,-0.6462864220142364,0.6295916617799596,-0.02944727309812339,0.0,1.1778909239249356
1786016765.5714254,-6.632851600646973,-1.9057646989822388,-114.69657897949219,-0.36789214611053467,0.6023143529891968,0.15133436024188995,-0.36789214611053467,-0.6537568509578704,0.6210351587523986,-0.033278262299986996,0.0,1.3311304919994797
1786016765.621271,-6.797743797302246,-1.845491886138916,-114.7294921875,-0.36161014437675476,0.595786452293396,0.15460102260112762,-0.36161014437675476,-0.6384339272975921,0.6155184586392721,-0.0254203527306135,0.0,1.01681410922454
1786016765.6714127,-6.343888282775879,-1.568842887878418,-115.04900360107422,-0.4216318428516388,0.6562503576278687,0.1682835817337036,-0.4216318428516388,-0.6569582760334015,0.6774835022108137,-0.034920018748977315,0.0,1.3968007499590926
1786016765.72122,-6.291479587554932,-1.6438419818878174,-114.93748474121094,-0.44949689507484436,0.6252365112304688,0.16711467504501343,-0.44949689507484436,-0.696073192358017,0.6471846796634239,-0.054978950197498086,0.0,2.1991580078999236
1786016765.7711875,-6.418974876403809,-1.5455679893493652,-114.88311004638672,-0.422916978597641,0.627902090549469,0.16611984372138977,-0.422916978597641,-0.6547521770000457,0.6495050714154682,-0.033788685911358966,0.0,1.3515474364543587
1786016765.8212824,-6.441457271575928,-1.5342720746994019,-114.98870849609375,-0.4293907582759857,0.6352081894874573,0.16634154319763184,-0.4293907582759857,-0.659531569480896,0.6566269511566694,-0.03623965641435909,0.0,1.4495862565743636
1786016765.8713887,-6.227921485900879,-1.5710848569869995,-115.18226623535156,-0.4254746437072754,0.6595032811164856,0.16636313498020172,-0.4254746437072754,-0.6611373722553253,0.6801626794259231,-0.03706314501663055,0.0,1.482525800665222
1786016765.9221077,-6.213718414306641,-1.437193751335144,-115.09492492675781,-0.4043498635292053,0.6582028269767761,0.1644691675901413,-0.4043498635292053,-0.6199289262294769,0.6784401731383644,-0.015930608593118553,0.0,0.6372243437247421
1786016765.9714556,-6.261624336242676,-1.5928287506103516,-115.01905822753906,-0.4107341766357422,0.6619105935096741,0.16479969024658203,-0.4107341766357422,-0.649658489227295,0.6821177110335858,-0.031176538335589345,0.0,1.2470615334235737
1786016766.0214655,-6.490815162658691,-1.5962311029434204,-115.05286407470703,-0.40286388993263245,0.6542621850967407,0.16012296080589294,-0.40286388993263245,-0.6422985553741455,0.6735713543677517,-0.027402213282692173,0.0,1.096088531307687
1786016766.0711925,-6.388970375061035,-1.6709275245666504,-115.04448699951172,-0.3945165276527405,0.6543453335762024,0.15784306824207306,-0.3945165276527405,-0.6451556563377381,0.6731138460654508,-0.02886739326402171,0.0,1.1546957305608683
1786016766.1213844,-6.484070777893066,-1.6640394926071167,-115.11309051513672,-0.39508646726608276,0.6480374336242676,0.15712463855743408,-0.39508646726608276,-0.6446923911571503,0.666813817658371,-0.02862982137654078,0.0,1.1451928550616313
1786016766.1711917,-6.499776840209961,-1.7464203834533691,-115.06744384765625,-0.3955354392528534,0.6505724191665649,0.15590257942676544,-0.3955354392528534,-0.6574984967708588,0.6689918436364942,-0.03519705502459644,0.0,1.4078822009838576
1786016766.2212284,-6.380558967590332,-1.6982340812683105,-115.0484848022461,-0.391713410615921,0.6486875414848328,0.15407457947731018,-0.391713410615921,-0.6464485228061676,0.6667342068011409,-0.029530401709370182,0.0,1.1812160683748072
1786016766.2712502,-6.643268585205078,-2.315481424331665,-115.49024200439453,-0.3144396245479584,0.663140594959259,0.14741206169128418,-0.3144396245479584,-0.6617618381977082,0.6793274354941032,-0.03738338396144227,0.0,1.495335358457691
1786016766.321192,-6.843809604644775,-3.22314190864563,-115.69092559814453,-0.12834469974040985,0.7014573812484741,0.13176587224006653,-0.12834469974040985,-0.6118159860372543,0.7137259297483542,-0.01177012644326079,0.0,0.4708050577304316
1786016766.371434,-6.958920955657959,-4.056707382202148,-116.49272155761719,0.08312445133924484,0.773004412651062,0.12468720972537994,0.08312445133924484,-0.5253816559910774,0.7829959912075631,0.0,0.0,0.0
1786016766.4215524,-6.683766841888428,-4.708648681640625,-116.55396270751953,0.22025510668754578,0.8530299067497253,0.14996455609798431,0.22025510668754578,-0.486042195558548,0.8661116497860484,0.0014472020073578189,0.057888080294312756,0.0
1786016766.4712458,-6.799862861633301,-5.116306781768799,-116.7350845336914,0.3220396339893341,0.9044179320335388,0.1684640794992447,0.3220396339893341,-0.4454063832759857,0.9199738810778003,0.022286080100979513,0.8914432040391805,0.0
1786016766.5213566,-6.895364761352539,-6.012272834777832,-116.5077896118164,0.5003712773323059,0.9183854460716248,0.16084173321723938,0.5003712773323059,-0.4014696478843689,0.9323636043414086,0.04481773927616761,1.7927095710467045,0.0
1786016766.5712132,-7.244283199310303,-6.947035789489746,-116.58668518066406,0.6776948571205139,0.9626719951629639,0.1659526377916336,0.6776948571205139,-0.364360511302948,0.9768713570685972,0.06384806572817833,2.5539226291271335,0.0
1786016766.621213,-7.5511884689331055,-7.56533145904541,-116.63020324707031,0.7030616998672485,0.9537789225578308,0.18496131896972656,0.7030616998672485,-0.431738018989563,0.9715476944703217,0.02929549768376039,1.1718199073504156,0.0
1786016766.6713145,-7.572045803070068,-7.697645664215088,-117.129638671875,0.6963081359863281,0.9395415186882019,0.22144098579883575,0.6963081359863281,-0.4583387136459349,0.965284608563968,0.015654115808697855,0.6261646323479142,0.0
1786016766.7212896,-8.714278221130371,-7.357370853424072,-116.0447006225586,0.6272409558296204,0.756341814994812,0.24695411324501038,0.6272409558296204,-0.4763646721839905,0.7956376531803129,0.006410034507130904,0.2564013802852362,0.0
1786016766.7716665,-8.602277755737305,-6.43731689453125,-115.60299682617188,0.5126281976699829,0.7346402406692505,0.25178927183151245,0.5126281976699829,-0.4529693365097045,0.7765913472477127,0.01840764254522628,0.7363057018090512,0.0
1786016766.8212566,-8.61784839630127,-6.352550029754639,-115.66072845458984,0.4793912172317505,0.7093609571456909,0.24227625131607056,0.4793912172317505,-0.4734912872314453,0.7495937229422472,0.007883565252025873,0.3153426100810349,0.0
1786016766.8754594,-8.116986274719238,-6.1280646324157715,-115.54226684570312,0.442047119140625,0.7550244331359863,0.2324007898569107,0.442047119140625,-0.4771625757217407,0.7899822920537102,0.006000853205720535,0.2400341282288214,0.0
1786016766.9229248,-8.280791282653809,-6.313222885131836,-115.52404022216797,0.4747116267681122,0.748516857624054,0.2181415557861328,0.4747116267681122,-0.4722718060016632,0.7796558372180528,0.008508940241657721,0.34035760966630885,0.0
1786016766.9730651,-8.071676254272461,-6.2048020362854,-115.4585952758789,0.46900802850723267,0.7519729137420654,0.2023015171289444,0.46900802850723267,-0.46171227693557737,0.778709937546969,0.01392408335247096,0.5569633340988385,0.0
1786016767.0230224,-8.133150100708008,-6.149024963378906,-115.69851684570312,0.4499343931674957,0.755832850933075,0.18512849509716034,0.4499343931674957,-0.4724193513393402,0.7781746964830965,0.008433275965925914,0.33733103863703656,0.0
1786016767.0724814,-8.067919731140137,-6.171143054962158,-115.53179931640625,0.4793871343135834,0.7472642660140991,0.1726488471031189,0.4793871343135834,-0.44628432393074036,0.766949481822386,0.02183585412418225,0.87343416496729,0.0
1786016767.1229296,-8.232537269592285,-6.157321453094482,-115.57979583740234,0.45380762219429016,0.7138139009475708,0.16128316521644592,0.45380762219429016,-0.46979059576988214,0.7318077237691768,0.009781355745135183,0.3912542298054073,0.0
1786016767.1729379,-8.132476806640625,-5.662744522094727,-115.21244812011719,0.39378035068511963,0.6939221620559692,0.15991109609603882,0.39378035068511963,-0.4556313276290893,0.7121092090733467,0.017042518894259708,0.6817007557703882,0.0
1786016767.2219858,-8.329707145690918,-6.007457733154297,-115.04118347167969,0.3787767291069031,0.6712156534194946,0.17280656099319458,0.3787767291069031,-0.5223419308662414,0.6931035715660783,0.0,0.0,0.0
1786016767.2729547,-8.291873931884766,-5.713955402374268,-115.20938110351562,0.39154788851737976,0.6673569679260254,0.15572260320186615,0.39154788851737976,-0.46554542183876035,0.6852845042662091,0.011958368017505328,0.4783347207002131,0.0
1786016767.3212094,-8.354711532592773,-5.6976776123046875,-115.13375854492188,0.38919535279273987,0.667558491230011,0.15305694937705994,0.38919535279273987,-0.4654562890529632,0.6848801128415838,0.012004077138426938,0.48016308553707754,0.0
1786016767.3729243,-8.325054168701172,-5.824307918548584,-115.15145874023438,0.4109121263027191,0.6654551029205322,0.15800157189369202,0.4109121263027191,-0.4627340614795684,0.6839554011219252,0.013400091278629398,0.5360036511451759,0.0
1786016767.4219766,-8.365087509155273,-5.7025651931762695,-115.24246215820312,0.3977763056755066,0.673183798789978,0.1569778174161911,0.3977763056755066,-0.4576084733009338,0.6912441407448288,0.016028598036903565,0.6411439214761426,0.0
1786016767.4730577,-8.018060684204102,-5.6579437255859375,-115.76747131347656,0.3895326554775238,0.7207603454589844,0.16659869253635406,0.3895326554775238,-0.4591589033603668,0.7397638812087118,0.015233505698732792,0.6093402279493116,0.0
1786016767.5229485,-7.982240200042725,-5.850968837738037,-115.49691772460938,0.39088326692581177,0.7049987316131592,0.16832539439201355,0.39088326692581177,-0.48676205873489375,0.7248149073890452,0.0010780414041035836,0.043121656164143346,0.0
1786016767.5729969,-8.008979797363281,-5.6956987380981445,-115.4194564819336,0.37211740016937256,0.6996469497680664,0.17725692689418793,0.37211740016937256,-0.4822374105453491,0.7217519466213657,0.0033983738089982903,0.1359349523599316,0.0
1786016767.6229208,-8.158455848693848,-5.876377582550049,-115.469482421875,0.38686755299568176,0.6786520481109619,0.17032985389232635,0.38686755299568176,-0.4945890843868256,0.6997005513304849,0.0,0.0,0.0
1786016767.6731322,-8.123290061950684,-5.7424750328063965,-115.38213348388672,0.3919764459133148,0.6706430912017822,0.17320232093334198,0.3919764459133148,-0.46939480900764463,0.6926479623541661,0.009984323315513391,0.39937293262053564,0.0
1786016767.7219,-8.15675163269043,-5.808729648590088,-115.24794006347656,0.3794496953487396,0.6765198707580566,0.17572663724422455,0.3794496953487396,-0.4918597519397735,0.6989699468272301,0.0,0.0,0.0
1786016767.77121,-8.101593971252441,-5.885420322418213,-115.27261352539062,0.3630627393722534,0.6595805287361145,0.17840604484081268,0.3630627393722534,-0.5197503089904785,0.683282658000007,0.0,0.0,0.0
1786016767.8214107,-8.002118110656738,-5.764838695526123,-115.27957153320312,0.3549310564994812,0.6812183856964111,0.18082137405872345,0.3549310564994812,-0.5097947478294372,0.7048083841210383,0.0,0.0,0.0
1786016767.8729494,-7.634530544281006,-5.554168224334717,-115.5210189819336,0.36595889925956726,0.7246817946434021,0.17518460750579834,0.36595889925956726,-0.46716633439064026,0.7455557324536796,0.01112713081141307,0.44508523245652276,0.0
1786016767.9231231,-8.011728286743164,-5.667734622955322,-115.6219253540039,0.3220005929470062,0.6872562766075134,0.18509739637374878,0.3220005929470062,-0.5281596004962921,0.711745906824032,0.0,0.0,0.0
1786016767.9712014,-7.876135349273682,-5.94571590423584,-115.62434387207031,0.33623048663139343,0.6855592727661133,0.17150823771953583,0.33623048663139343,-0.5556268990039825,0.7066870538514647,-0.0,0.0,0.0
1786016768.021346,-8.018414497375488,-5.762507438659668,-115.43390655517578,0.33601534366607666,0.6825189590454102,0.17681917548179626,0.33601534366607666,-0.5283607721328735,0.7050511685505475,0.0,0.0,0.0
1786016768.0712416,-7.782520294189453,-5.808573246002197,-115.37330627441406,0.3405050039291382,0.6788063645362854,0.17673617601394653,0.3405050039291382,-0.5307809829711914,0.7014369226430849,0.0,0.0,0.0
1786016768.1213872,-7.891483306884766,-5.884088516235352,-115.51422882080078,0.34320884943008423,0.6687408685684204,0.16311731934547424,0.34320884943008423,-0.5394044280052185,0.6883470121705322,-0.0,0.0,0.0
1786016768.1713028,-7.747793197631836,-5.688018798828125,-115.3736801147461,0.3483648896217346,0.6824449300765991,0.15662305057048798,0.3483648896217346,-0.5048379302024841,0.7001870197006368,0.0,0.0,0.0
1786016768.2214136,-7.888465404510498,-5.768662452697754,-115.216796875,0.3606972396373749,0.6656743288040161,0.17328448593616486,0.3606972396373749,-0.5046021282672882,0.6878588700415502,0.0,0.0,0.0
1786016768.271426,-7.80580997467041,-5.779750347137451,-115.2991943359375,0.37230342626571655,0.6705862283706665,0.15786372125148773,0.37230342626571655,-0.4946591258049011,0.688917153341215,0.0,0.0,0.0
1786016768.3216143,-7.923058032989502,-5.794971942901611,-115.38784790039062,0.3703402876853943,0.6724631190299988,0.15426813066005707,0.3703402876853943,-0.49890550374984743,0.689931375277935,0.0,0.0,0.0
1786016768.3720214,-7.894586086273193,-5.8074116706848145,-115.15811157226562,0.38584449887275696,0.6705069541931152,0.1576492041349411,0.38584449887275696,-0.4852672517299652,0.6887908588139862,0.0018446090989387347,0.07378436395754939,0.0
1786016768.4230227,-7.924161434173584,-5.833982467651367,-115.37004089355469,0.3867647349834442,0.6740326285362244,0.15736977756023407,0.3867647349834442,-0.48833263516426084,0.69215983069,0.00027261759417174377,0.01090470376686975,0.0
1786016768.472945,-7.770207405090332,-5.789361000061035,-115.43859100341797,0.3856114447116852,0.6852958798408508,0.16157732903957367,0.3856114447116852,-0.4827927052974701,0.7040864124426834,0.003113607269449051,0.12454429077796204,0.0
1786016768.5229883,-7.753355979919434,-5.771788597106934,-115.60651397705078,0.3881470859050751,0.7075033783912659,0.16628964245319366,0.3881470859050751,-0.47762120366096494,0.726782825624179,0.005765659390733743,0.23062637562934973,0.0
1786016768.5731246,-7.5941548347473145,-5.719353675842285,-115.61531829833984,0.37952956557273865,0.7091454267501831,0.16746900975704193,0.37952956557273865,-0.47837348580360406,0.7286515666007337,0.005379873676559838,0.2151949470623935,0.0
1786016768.6221752,-7.580904006958008,-5.7346696853637695,-115.62918853759766,0.3909727931022644,0.699495792388916,0.1546691358089447,0.3909727931022644,-0.46922765970230096,0.7163915864537238,0.010070040907997325,0.402801636319893,0.0
1786016768.6720483,-7.629976749420166,-5.698029518127441,-115.61001586914062,0.3825218379497528,0.7022950649261475,0.14491058886051178,0.3825218379497528,-0.47218258976936334,0.7170895599459819,0.008554692155657644,0.34218768622630574,0.0
1786016768.723025,-7.713515758514404,-5.729837417602539,-115.54289245605469,0.3839156925678253,0.7003452181816101,0.1445404589176178,0.3839156925678253,-0.47555992007255554,0.7151051453415523,0.006822727897610359,0.27290911590441436,0.0
1786016768.7719886,-7.848699569702148,-5.6408185958862305,-115.48570251464844,0.387713760137558,0.6786940097808838,0.16472841799259186,0.387713760137558,-0.4584090292453765,0.6983988907542712,0.015618056526932935,0.6247222610773174,0.0
1786016768.823204,-8.069077491760254,-5.880257606506348,-115.40550231933594,0.28577858209609985,0.628014326095581,0.17649686336517334,0.28577858209609985,-0.5962600588798522,0.6523443389491714,-0.0037927279010033232,0.0,0.15170911604013293
1786016768.8711941,-8.021416664123535,-5.73826265335083,-115.4652099609375,0.31230199337005615,0.637511134147644,0.17224057018756866,0.31230199337005615,-0.5484374046325683,0.6603690333296635,-0.0,0.0,0.0
1786016768.9214213,-7.909206390380859,-5.823910713195801,-115.40062713623047,0.3041427433490753,0.6444790959358215,0.15531426668167114,0.3041427433490753,-0.5694438636302948,0.662929729709808,-0.0,0.0,0.0
1786016768.971188,-7.766036510467529,-5.938755989074707,-115.2355728149414,0.3148374557495117,0.6447113156318665,0.15676675736904144,0.3148374557495117,-0.5759759426116943,0.6634971715989271,-0.0,0.0,0.0
1786016769.021194,-7.708908557891846,-5.770227432250977,-115.3052978515625,0.3189186155796051,0.6609580516815186,0.15383398532867432,0.3189186155796051,-0.5466154992580413,0.6786239320306438,-0.0,0.0,0.0
1786016769.0712109,-7.650882244110107,-5.842346668243408,-115.3333740234375,0.33002418279647827,0.6622195243835449,0.1723140925168991,0.33002418279647827,-0.5463278174400329,0.6842710317956554,-0.0,0.0,0.0
1786016769.12127,-7.15108585357666,-5.651349067687988,-116.03594970703125,0.32090795040130615,0.7535205483436584,0.17791439592838287,0.32090795040130615,-0.5267944097518921,0.7742394649297394,0.0,0.0,0.0
1786016769.1712298,-7.008113384246826,-5.6707682609558105,-115.86834716796875,0.300505667924881,0.7615312933921814,0.18875811994075775,0.300505667924881,-0.5501095712184906,0.7845760247797139,-0.0,0.0,0.0
1786016769.2212934,-7.2214837074279785,-5.774384021759033,-116.08280181884766,0.28861382603645325,0.7293030619621277,0.18001984059810638,0.28861382603645325,-0.5775437772274017,0.7511924515038092,-0.0,0.0,0.0
1786016769.271413,-6.989840030670166,-5.585943222045898,-115.90245056152344,0.26831525564193726,0.7166643142700195,0.17225955426692963,0.26831525564193726,-0.5695762276649475,0.7370760431491168,-0.0,0.0,0.0
1786016769.3211923,-7.257547855377197,-5.872241020202637,-115.70021057128906,0.2782110571861267,0.7057701945304871,0.1884603053331375,0.2782110571861267,-0.6026250958442688,0.7304990446084518,-0.007056849421216961,0.0,0.28227397684867844
1786016769.3714166,-7.2442498207092285,-5.793612003326416,-115.84600067138672,0.2859833240509033,0.6937383413314819,0.1767289787530899,0.2859833240509033,-0.5830584764480591,0.7158952564198661,-0.0,0.0,0.0
1786016769.4212377,-7.561524391174316,-5.748740196228027,-115.80378723144531,0.2887209355831146,0.6884942650794983,0.18148557841777802,0.2887209355831146,-0.5735900938510895,0.7120121966799402,-0.0,0.0,0.0
1786016769.4714873,-7.444108963012695,-5.775278568267822,-115.75089263916016,0.2973702847957611,0.6890512704849243,0.18634222447872162,0.2973702847957611,-0.5689215004444123,0.7138032487881844,-0.0,0.0,0.0
1786016769.5214145,-7.434245586395264,-5.650473594665527,-115.76986694335938,0.29698288440704346,0.6861864924430847,0.18585054576396942,0.29698288440704346,-0.5505881547927857,0.7109095074424795,-0.0,0.0,0.0
1786016769.5714183,-7.3925981521606445,-5.637930393218994,-115.53839111328125,0.311604380607605,0.6892091035842896,0.1906777024269104,0.311604380607605,-0.5340851783752442,0.7150994159319845,0.0,0.0,0.0
1786016769.6213312,-7.4412641525268555,-6.148041725158691,-115.70806121826172,0.3795110881328583,0.6833624243736267,0.13276664912700653,0.3795110881328583,-0.5426951706409454,0.6961402058251013,-0.0,0.0,0.0
1786016769.6730406,-7.622110843658447,-7.626266956329346,-117.74393463134766,0.7059114575386047,0.7401565909385681,0.023229004815220833,0.7059114575386047,-0.4380285859107971,0.7405210096779891,0.02606956592928137,1.0427826371712547,0.0
1786016769.7220109,-10.413869857788086,-9.906229019165039,-116.35960388183594,1.053841471672058,0.4358406960964203,-0.0038874575402587652,1.053841471672058,-0.4320928812026976,0.43585803273536156,0.029113517061640063,1.1645406824656026,0.0
1786016769.7720053,-11.579625129699707,-10.864377975463867,-115.67596435546875,1.2736530303955078,0.25013887882232666,0.0006769387982785702,1.2736530303955078,-0.3560036659240722,0.25013979480408,0.06813362746093517,2.7253450984374066,0.0
1786016769.8242614,-12.301223754882812,-12.539048194885254,-115.906494140625,1.4605575799942017,0.319212943315506,0.059818997979164124,1.4605575799942017,-0.4202996492385864,0.3247694808620103,0.03516132832528683,1.4064531330114733,0.0
1786016769.8721974,-13.350496292114258,-13.817585945129395,-114.9850845336914,1.5788987874984741,0.07664411514997482,0.07934828102588654,1.5788987874984741,-0.49373910427093515,0.11031985355721637,0.0,0.0,0.0
1786016769.9231982,-13.316434860229492,-15.345481872558594,-114.44634246826172,1.8151991367340088,0.09515509009361267,0.0634268969297409,1.8151991367340088,-0.48662314414978036,0.11435673318549949,0.0011492796528796822,0.04597118611518729,0.0
1786016769.9720795,-13.417122840881348,-16.678653717041016,-114.20233154296875,1.9907556772232056,0.06308556348085403,0.046414732933044434,1.9907556772232056,-0.5110423803329467,0.07832059596902148,0.0,0.0,0.0
1786016770.0213025,-13.558968544006348,-16.904373168945312,-113.62576293945312,2.035092830657959,0.1178320124745369,0.1049189567565918,2.035092830657959,-0.5005631446838379,0.15777316201018157,0.0,0.0,0.0
1786016770.0731325,-13.570502281188965,-16.836437225341797,-112.58405303955078,2.091691017150879,0.09012669324874878,0.07711894065141678,2.091691017150879,-0.4337745666503907,0.11861767087222208,0.028251114267951297,1.130044570718052,0.0
1786016770.1221116,-13.127930641174316,-18.89592742919922,-112.29773712158203,2.3071277141571045,0.20416490733623505,0.04651081934571266,2.3071277141571045,-0.5272614002227782,0.20939571558134365,0.0,0.0,0.0
1786016770.1722062,-12.277944564819336,-22.105144500732422,-114.59992980957031,2.951707363128662,0.5449567437171936,0.030266663059592247,2.951707363128662,-0.36406431198120126,0.5457965952766743,0.06399996281625359,2.5599985126501434,0.0
1786016770.2220762,-13.903011322021484,-25.600784301757812,-115.71112823486328,3.5901970863342285,0.5027867555618286,-0.01099126972258091,3.5901970863342285,-0.2499205589294431,0.5029068796293251,0.12253522079151419,4.901408831660568,0.0
1786016770.2720587,-15.070448875427246,-27.5685977935791,-116.26101684570312,3.9027388095855713,0.3133608400821686,-0.051367778331041336,3.9027388095855713,-0.23255085945129395,0.3175431698961094,0.13144275898543684,5.257710359417473,0.0
1786016770.3220153,-16.50627899169922,-29.276643753051758,-115.15218353271484,4.147068500518799,0.11103048920631409,-0.09358678758144379,4.147068500518799,-0.2444280624389643,0.14521107513963152,0.1253518856584264,5.0140754263370555,0.0
1786016770.3730767,-17.777587890625,-31.063657760620117,-112.38008117675781,4.30038595199585,-0.1953079104423523,-0.15343330800533295,4.30038595199585,-0.35916271209716744,0.24836859682096943,0.06651360378242478,2.660544151296991,0.0
1786016770.4224436,-19.03748893737793,-32.13950729370117,-110.2120590209961,4.568815231323242,-0.3671610951423645,-0.20687074959278107,4.568815231323242,-0.25211086273193306,0.42142944465618387,0.12141198807228856,4.856479522891543,0.0
1786016770.4720585,-20.4566650390625,-33.282135009765625,-107.7239990234375,4.772050857543945,-0.5906404852867126,-0.22702619433403015,4.772050857543945,-0.22026939392089862,0.6327693701290512,0.1377409464369216,5.509637857476864,0.0
1786016770.5230615,-21.407428741455078,-35.100337982177734,-103.18948364257812,4.885046482086182,-0.8255854845046997,-0.26892605423927307,4.885046482086182,-0.38000421524047834,0.8682814145618712,0.055825653452521745,2.23302613810087,0.0
1786016770.573082,-23.17393684387207,-35.46909713745117,-100.99272155761719,5.006219863891602,-1.1841766834259033,-0.34933847188949585,5.006219863891602,-0.31414470672607386,1.2346302221765268,0.08959976038298559,3.5839904153194233,0.0
1786016770.6231852,-25.01165199279785,-35.48391342163086,-98.9825668334961,4.986581802368164,-1.4058610200881958,-0.3509255647659302,4.986581802368164,-0.33600521087646484,1.4489975706707412,0.07838924543406714,3.1355698173626854,0.0
1786016770.6720235,-25.637672424316406,-36.655517578125,-96.17201232910156,5.101613521575928,-1.62614107131958,-0.3634949326515198,5.101613521575928,-0.39671411514282173,1.6662722916425527,0.04725647401542257,1.890258960616903,0.0
1786016770.722052,-26.203535079956055,-37.494789123535156,-91.6746826171875,5.108166694641113,-1.8332411050796509,-0.39515697956085205,5.108166694641113,-0.5160516738891596,1.8753458315332976,0.0,0.0,0.0
1786016770.7713974,-27.392847061157227,-37.94567108154297,-89.44961547851562,5.123396396636963,-2.0016274452209473,-0.40418514609336853,5.123396396636963,-0.5684542655944824,2.0420279287473653,-0.0,0.0,0.0
1786016770.8212073,-28.361087799072266,-37.931026458740234,-87.11611938476562,5.172142505645752,-2.1514546871185303,-0.4326819181442261,5.172142505645752,-0.5175114631652828,2.1945320487551006,0.0,0.0,0.0
1786016770.871273,-29.19544219970703,-37.29839324951172,-86.10033416748047,5.084329128265381,-2.3564095497131348,-0.43186482787132263,5.084329128265381,-0.510429859161377,2.395657153169373,0.0,0.0,0.0
1786016770.9212203,-29.719430923461914,-38.39764404296875,-82.75962829589844,5.26445198059082,-2.343014717102051,-0.47953397035598755,5.26445198059082,-0.49519462585449237,2.391583323508127,0.0,0.0,0.0
1786016770.972116,-31.11458396911621,-36.85530471801758,-80.49821472167969,5.375119209289551,-2.477548599243164,-0.5711460113525391,5.375119209289551,-0.15317649841308612,2.5425292186906483,0.1721475595178511,6.885902380714044,0.0
1786016771.022283,-23.757755279541016,-25.81040382385254,-87.7513656616211,3.8125271797180176,-1.386069893836975,-0.41030338406562805,3.8125271797180176,-0.05903339385986328,1.4455236482247358,0.22042607467335,8.817042986934,0.0
1786016771.0720537,-16.08041763305664,-20.207521438598633,-95.87150573730469,2.8938076496124268,-0.21547968685626984,-0.3065950870513916,2.8938076496124268,-0.137320566177368,0.37474263548697856,0.18027880681821937,7.211152272728775,0.0
1786016771.1221657,-15.133817672729492,-16.517478942871094,-100.31877899169922,2.4297962188720703,-0.11585439741611481,-0.28760790824890137,2.4297962188720703,-0.04782562255859357,0.31006539679228884,0.22617364969964215,9.046945987985687,0.0
1786016771.1720357,-15.27698040008545,-14.891645431518555,-101.70149230957031,2.2071664333343506,-0.14717568457126617,-0.25368982553482056,2.2071664333343506,-0.02658038139343244,0.2932903164253953,0.23706864516895557,9.482745806758222,0.0
1786016771.2221375,-14.988842964172363,-13.307881355285645,-106.92623138427734,1.8697597980499268,-0.18461143970489502,-0.1421310007572174,1.8697597980499268,-0.12642240524291992,0.23298627651894482,0.18586760729742352,7.43470429189694,0.0
1786016771.272122,-14.522469520568848,-11.858345985412598,-109.29194641113281,1.5508867502212524,-0.14023558795452118,-0.07454425096511841,1.5508867502212524,-0.22786514759063725,0.15881708182969742,0.13384568814474795,5.353827525789918,0.0
1786016771.3221326,-14.577215194702148,-11.899392127990723,-111.2628173828125,1.4576810598373413,-0.1769144982099533,-0.03318047896027565,1.4576810598373413,-0.32722775936126713,0.17999912183372693,0.08289050262134802,3.3156201048539207,0.0
1786016771.3720772,-14.151409149169922,-11.160216331481934,-111.88139343261719,1.390559196472168,-0.14372263848781586,-0.028287427499890327,1.390559196472168,-0.28347325325012207,0.14647994869080533,0.10532871088347369,4.2131484353389475,0.0
1786016771.4221017,-13.933060646057129,-11.00998306274414,-111.96214294433594,1.3174254894256592,-0.10846885293722153,-0.042221955955028534,1.3174254894256592,-0.3340719699859618,0.11639667358728496,0.0793806510189405,3.17522604075762,0.0
1786016771.472097,-13.73757553100586,-10.798442840576172,-112.51627349853516,1.240891695022583,-0.14799468219280243,-0.03202575817704201,1.240891695022583,-0.37887473106384273,0.15142019397743145,0.056404876107206674,2.256195044288267,0.0
1786016771.5221155,-13.309664726257324,-10.902623176574707,-112.42021942138672,1.2399356365203857,-0.10937104374170303,-0.040461089462041855,1.2399356365203857,-0.3954578399658202,0.11661528617469012,0.047900717695936186,1.9160287078374474,0.0
1786016771.5721712,-13.221141815185547,-11.028618812561035,-112.56884002685547,1.1551047563552856,-0.09338007867336273,-0.035850170999765396,1.1551047563552856,-0.49918806552886963,0.1000253660515963,0.0,0.0,0.0
1786016771.6211922,-12.533977508544922,-10.375728607177734,-113.03922271728516,1.039107084274292,0.05991918966174126,-0.02396494895219803,1.039107084274292,-0.5172522068023682,0.06453392958747498,0.0,0.0,0.0
1786016771.6722133,-13.070563316345215,-10.70469856262207,-113.46817779541016,1.1381876468658447,-0.03586434945464134,-0.024202395230531693,1.1381876468658447,-0.4675171375274658,0.04326670193924533,0.01094723176688714,0.4378892706754856,0.0
1786016771.722068,-13.28939151763916,-10.699938774108887,-113.44629669189453,1.1104322671890259,-0.077068030834198,-0.028225911781191826,1.1104322671890259,-0.494558548927307,0.08207425584518276,0.0,0.0,0.0
1786016771.771222,-12.739558219909668,-9.76565170288086,-113.7999267578125,0.9688287973403931,0.010408938862383366,-0.01623234897851944,0.9688287973403931,-0.4960189580917358,0.019283027812075464,0.0,0.0,0.0
1786016771.8211982,-13.296632766723633,-10.538702011108398,-113.43854522705078,1.0818647146224976,-0.031062906607985497,-0.03151410073041916,1.0818647146224976,-0.4989405870437622,0.04424977640376768,0.0,0.0,0.0
1786016771.8722613,-12.480606079101562,-10.66407299041748,-113.59225463867188,1.1190041303634644,0.09709607064723969,-0.029974380508065224,1.1190041303634644,-0.4806068181991576,0.10161747104694173,0.004234575012173393,0.16938300048693572,0.0
1786016771.9221203,-12.72410774230957,-10.823570251464844,-112.87401580810547,1.1357755661010742,0.04884597659111023,-0.04111446067690849,1.1357755661010742,-0.48775997161865225,0.06384612992102452,0.0005662912073043526,0.022651648292174104,0.0
1786016771.9721334,-12.010163307189941,-10.675013542175293,-113.3482894897461,1.1142895221710205,0.12365598231554031,-0.037889983505010605,1.1142895221710205,-0.4869625091552734,0.12933078833917003,0.00097524631672941,0.0390098526691764,0.0
1786016772.0222359,-12.096949577331543,-10.467925071716309,-113.7085189819336,1.0914355516433716,0.12030871212482452,-0.0227437075227499,1.0914355516433716,-0.4787532091140747,0.12243962775594465,0.005185143773754377,0.20740575095017508,0.0
1786016772.0721457,-11.17963695526123,-11.268582344055176,-114.38863372802734,1.0192549228668213,0.1787441521883011,-0.12487351149320602,1.0192549228668213,-0.6710324287414551,0.21804326592251913,-0.04213753295823555,0.0,1.685501318329422
1786016772.121217,-11.25937271118164,-10.460587501525879,-116.79817962646484,0.8060749173164368,0.09973201900720596,-0.13405200839042664,0.8060749173164368,-0.763013207912445,0.16708206537136386,-0.08930716330233295,0.0,3.572286532093318
1786016772.1711898,-10.246153831481934,-11.023938179016113,-116.77503967285156,0.782323956489563,0.24810555577278137,-0.12783287465572357,0.782323956489563,-0.871266770362854,0.2791014343353804,-0.14482181071279915,0.0,5.792872428511966
1786016772.2212195,-9.715344429016113,-7.481728553771973,-119.91246032714844,0.4895263612270355,0.33652448654174805,0.10254145413637161,0.4895263612270355,-0.6327329218387603,0.3518003409017518,-0.022496760187622842,0.0,0.8998704075049136
1786016772.2712743,-8.590131759643555,-8.487228393554688,-123.51062774658203,0.5300876498222351,0.4768238067626953,-0.046093907207250595,0.5300876498222351,-0.7429966092109679,0.4790465436440376,-0.07904224089131906,0.0,3.1616896356527624
1786016772.3212702,-8.984606742858887,-7.844108581542969,-120.4278564453125,0.4730936586856842,0.4633810818195343,0.0445839986205101,0.4730936586856842,-0.703522628545761,0.4655209554050554,-0.05879917388352063,0.0,2.351966955340825
1786016772.371451,-10.373682975769043,-11.600876808166504,-116.52043914794922,1.2343941926956177,0.31440457701683044,-0.056489866226911545,1.2343941926956177,-0.5057373285293578,0.31943910692879546,0.0,0.0,0.0
1786016772.4211996,-12.134243965148926,-12.016846656799316,-115.2880859375,0.7395500540733337,0.0644422397017479,-1.4923876523971558,0.7395500540733337,-1.0629769444465635,1.4937783327138172,-0.24313472049931684,0.0,9.725388819972673
1786016772.4713945,-10.048247337341309,-11.474333763122559,-118.32141876220703,0.8031490445137024,0.14254605770111084,-1.3742040395736694,0.8031490445137024,-0.9180010199546813,1.381577403168827,-0.16878809255476185,0.0,6.7515237021904735
1786016772.5214484,-9.258708953857422,-11.595489501953125,-119.38829040527344,0.7167009115219116,0.07658592611551285,-1.3040878772735596,0.7167009115219116,-1.0226225137710572,1.3063347946567256,-0.22244014066572382,0.0,8.897605626628952
1786016772.5712326,-9.119282722473145,-11.804104804992676,-116.37679290771484,0.6854092478752136,0.00662545720115304,-1.2666603326797485,0.6854092478752136,-1.0852064728736877,1.2666776602859529,-0.2545344786670728,0.0,10.18137914668291
1786016772.6212385,-8.92351245880127,-12.704684257507324,-115.43914794921875,0.8389023542404175,-0.06214461475610733,-1.270891547203064,0.8389023542404175,-1.066800284385681,1.2724100274264514,-0.24509540764758217,0.0,9.803816305903286
1786016772.6712086,-9.468936920166016,-11.40888500213623,-116.71253967285156,0.7262251973152161,-0.1938183754682541,-1.2287027835845947,0.7262251973152161,-0.9851075530052185,1.2438955314083593,-0.203201699247345,0.0,8.128067969893799
1786016772.7215831,-8.773664474487305,-11.626148223876953,-117.34893035888672,0.6614261269569397,-0.06270711123943329,-1.1934441328048706,0.6614261269569397,-1.0824961066246033,1.1950904065912187,-0.2531445472572859,0.0,10.125781890291437
1786016772.7712083,-9.04338550567627,-11.408291816711426,-117.58740997314453,0.6597806215286255,-0.05432446300983429,-1.157685399055481,0.6597806215286255,-1.0514631509780883,1.1589592876661177,-0.23723021102830388,0.0,9.489208441132156
1786016772.8211913,-9.2701416015625,-11.622782707214355,-117.37464141845703,0.7070063352584839,-0.09340690821409225,-1.1414477825164795,0.7070063352584839,-1.0364110708236693,1.1452632407939687,-0.22951119556449928,0.0,9.180447822579971
1786016772.8714242,-9.450963973999023,-11.734755516052246,-116.995361328125,0.6913178563117981,-0.09070444852113724,-1.0483543872833252,0.6913178563117981,-1.0688954710960388,1.0522709814100737,-0.2461698623708426,0.0,9.846794494833704
1786016772.9211917,-8.668610572814941,-7.708672523498535,-119.81205749511719,0.3928276598453522,0.5929336547851562,0.1287122517824173,0.3928276598453522,-0.763473218679428,0.6067430780287347,-0.08954306625976012,0.0,3.5817226503904047
1786016772.9714324,-8.50678825378418,-7.207405090332031,-120.89192199707031,0.3955720365047455,0.5329373478889465,0.10563980042934418,0.3955720365047455,-0.6855387270450592,0.5433065287751065,-0.04957666029341718,0.0,1.9830664117366872
1786016773.0212114,-7.905395984649658,-6.5791144371032715,-121.21141815185547,0.26858386397361755,0.6477817893028259,0.12798504531383514,0.26858386397361755,-0.7182833015918731,0.6603040348024198,-0.0663687498046038,0.0,2.6547499921841524
1786016773.0712771,-7.230637550354004,-5.622081279754639,-122.47979736328125,0.20095476508140564,0.7358448505401611,0.14576643705368042,0.20095476508140564,-0.6423574268817901,0.7501436517346505,-0.027432403799433,0.0,1.0972961519773201
1786016773.1213806,-7.00393533706665,-5.119692325592041,-121.33821105957031,0.18380749225616455,0.7462570667266846,0.1401587277650833,0.18380749225616455,-0.5841463565826416,0.7593049970915785,-0.0,0.0,0.0
1786016773.1713574,-6.349468231201172,-3.7631921768188477,-119.67546081542969,-0.04051363468170166,0.7903904318809509,0.1921953409910202,-0.04051363468170166,-0.6049924612045288,0.8134224510717728,-0.008270882939298983,0.0,0.3308353175719593
1786016773.2212296,-6.317462921142578,-5.812645435333252,-118.12606811523438,0.22607649862766266,0.8566409349441528,0.17851713299751282,0.22607649862766266,-0.6458203166723251,0.8750440321467509,-0.029208244717656075,0.0,1.168329788706243
1786016773.2715054,-6.947768688201904,-6.026339530944824,-117.99913024902344,0.22989560663700104,0.7505833506584167,0.17229245603084564,0.22989560663700104,-0.6740553230047226,0.7701039259027035,-0.04368773514452659,0.0,1.7475094057810636
1786016773.3214185,-7.15122652053833,-5.888568878173828,-117.33067321777344,0.225926011800766,0.7618786692619324,0.16435512900352478,0.225926011800766,-0.6573593199253082,0.7794047184268891,-0.03512568228328842,0.0,1.4050272913315367
1786016773.3742394,-6.684447288513184,-6.3629302978515625,-119.95787048339844,0.33826327323913574,0.7783435583114624,0.0666855052113533,0.33826327323913574,-0.6161762714385985,0.7811950149420068,-0.014006170238821947,0.0,0.5602468095528779
1786016773.4251847,-7.043896198272705,-6.183750152587891,-118.41231536865234,0.3022853434085846,0.7577736377716064,0.1471751481294632,0.3022853434085846,-0.6252771794795989,0.7719335530526855,-0.018673302567540094,0.0,0.7469321027016038
1786016773.4712915,-6.668124198913574,-5.962352275848389,-118.13936614990234,0.2439037710428238,0.8042502403259277,0.18313758075237274,0.2439037710428238,-0.6504490703344344,0.8248380583776093,-0.03158196454437882,0.0,1.2632785817751526
1786016773.5218918,-6.557523727416992,-6.186930179595947,-118.56607055664062,0.301137775182724,0.8141186237335205,0.18621325492858887,0.301137775182724,-0.6269017517566681,0.8351434067397414,-0.019506416555780677,0.0,0.780256662231227
1786016773.5712676,-6.0301337242126465,-6.044644832611084,-118.84967803955078,0.2636307179927826,0.8627971410751343,0.18384410440921783,0.2636307179927826,-0.6430660068988799,0.8821664023150352,-0.02779577816717138,0.0,1.1118311266868552
1786016773.6236725,-6.556377410888672,-6.305798530578613,-117.97295379638672,0.2797755002975464,0.8352726697921753,0.18360839784145355,0.2797755002975464,-0.6660942792892456,0.8552148716314829,-0.03960514862376915,0.0,1.584205944950766
1786016773.6712132,-6.75568962097168,-6.2639594078063965,-118.28340911865234,0.2990635335445404,0.7825809121131897,0.18039707839488983,0.2990635335445404,-0.6405303776264191,0.8031039720343338,-0.026495455463345294,0.0,1.0598182185338119
1786016773.7212038,-7.088511943817139,-5.771541595458984,-117.1436767578125,0.22539152204990387,0.7730920910835266,0.17454640567302704,0.22539152204990387,-0.6403397172689438,0.7925514677478509,-0.026397680921050277,0.0,1.055907236842011
1786016773.7712164,-6.81032657623291,-5.32191276550293,-116.69322967529297,0.17166070640087128,0.7706432938575745,0.17108504474163055,0.17166070640087128,-0.6266262084245682,0.7894055858061163,-0.01936511228290894,0.0,0.7746044913163576
1786016773.8212328,-7.055154323577881,-5.327581405639648,-116.63212585449219,0.1773359775543213,0.7773925065994263,0.1725744903087616,0.1773359775543213,-0.621801233291626,0.7963171880741166,-0.016890766060887286,0.0,0.6756306424354914
1786016773.8713298,-7.014484405517578,-5.461507320404053,-116.01559448242188,0.16813911497592926,0.7675796151161194,0.17372451722621918,0.16813911497592926,-0.6510869830846786,0.7869934392530175,-0.031909099288093774,0.0,1.276363971523751
1786016773.921356,-6.844625473022461,-4.551723957061768,-116.48175048828125,0.041588228195905685,0.7618829607963562,0.16437771916389465,0.041588228195905685,-0.6411703653633595,0.7794136773943259,-0.02682365430280191,0.0,1.0729461721120765
1786016773.9713802,-7.05119514465332,-3.8823912143707275,-115.72600555419922,-0.010444333776831627,0.739207923412323,0.16620993614196777,-0.010444333776831627,-0.5928030159324408,0.7576635776569148,-0.002019885363869247,0.0,0.08079541455476988
1786016774.022575,-6.247447967529297,-3.1468732357025146,-116.39202880859375,-0.07370996475219727,0.792845606803894,0.15798169374465942,-0.07370996475219727,-0.5457409501075745,0.808432045249733,-0.0,0.0,0.0
1786016774.0714288,-5.657066345214844,-2.547497034072876,-116.4751968383789,-0.15432175993919373,0.8193239569664001,0.1507892906665802,-0.15432175993919373,-0.5364463150501251,0.8330841233865941,0.0,0.0,0.0
1786016774.1212175,-5.626906871795654,-4.010420322418213,-114.296142578125,0.012106724083423615,0.8962054252624512,0.17488917708396912,0.012106724083423615,-0.5894563242793083,0.9131102827867831,-0.000303633234057706,0.0,0.012145329362308239
1786016774.1712847,-5.8484978675842285,-4.79319429397583,-113.1877212524414,0.10724673420190811,0.8749346137046814,0.17108379304409027,0.10724673420190811,-0.6117324098944664,0.8915044826028151,-0.011727266882856757,0.0,0.4690906753142703
1786016774.2212605,-6.4710869789123535,-4.9514312744140625,-113.7484359741211,0.08920922875404358,0.8455687165260315,0.17584671080112457,0.08920922875404358,-0.6535054624080657,0.8636599562715956,-0.03314934509495897,0.0,1.3259738037983588
1786016774.2714002,-6.3614301681518555,-5.074511528015137,-113.46726989746094,0.1319761723279953,0.8519800305366516,0.1673881560564041,0.1319761723279953,-0.6292005568742752,0.8682676817786074,-0.0206852909750664,0.0,0.827411639002656
1786016774.3213491,-6.803112983703613,-4.696040630340576,-113.85231018066406,0.10117805004119873,0.8387937545776367,0.17452700436115265,0.10117805004119873,-0.6032280445098877,0.8567582144162532,-0.007366053865124053,0.0,0.2946421546049621
1786016774.3711967,-6.290472030639648,-5.1320295333862305,-113.3412857055664,0.12222319096326828,0.8741587996482849,0.18033836781978607,0.12222319096326828,-0.6475812390446662,0.8925668232185391,-0.03011128183167718,0.0,1.2044512732670871
1786016774.4216268,-6.829702854156494,-4.184135913848877,-113.74700927734375,0.03184383735060692,0.850257933139801,0.17169833183288574,0.03184383735060692,-0.5957765497267246,0.867420814842117,-0.0035447744891429797,0.0,0.14179097956571918
1786016774.4715118,-4.990789890289307,-5.948127746582031,-116.32795715332031,0.19851891696453094,0.9859375953674316,0.166767880320549,0.19851891696453094,-0.6937002450227737,0.9999422322642055,-0.05376205412814255,0.0,2.150482165125702
1786016774.5212257,-2.3246660232543945,-5.778879165649414,-120.80404663085938,0.08479588478803635,1.2401654720306396,0.1156444326043129,0.08479588478803635,-0.7820359900593757,1.2455456767254072,-0.09906243619819488,0.0,3.9624974479277952
1786016774.5712676,-3.2083544731140137,-6.035328388214111,-121.11539459228516,0.11036166548728943,1.1388499736785889,0.12392304837703705,0.11036166548728943,-0.7949375927448272,1.1455724265478722,-0.10567864270355462,0.0,4.227145708142185
1786016774.6214073,-4.345819473266602,-7.48187780380249,-121.64952087402344,0.25039586424827576,1.0579835176467896,0.143720805644989,0.25039586424827576,-0.8718858063220978,1.067700704124297,-0.14513926505087285,0.0,5.805570602034914
1786016774.6713414,-4.501931190490723,-7.516411781311035,-124.58769989013672,0.15014289319515228,1.0201785564422607,0.12835443019866943,0.15014289319515228,-0.9773188740015029,1.028221351060286,-0.1992075048864652,0.0,7.968300195458608
1786016774.7214274,-3.914260149002075,-8.36518383026123,-126.87828826904297,0.1665935069322586,1.075587272644043,0.12743179500102997,0.1665935069322586,-1.0881840676069259,1.0831098021212047,-0.25606145032514366,0.0,10.242458013005747
1786016774.7712255,-3.460486888885498,-8.518294334411621,-129.74774169921875,0.10487768799066544,1.0863977670669556,0.12671725451946259,0.10487768799066544,-1.1728664621710776,1.093762940897623,-0.29948831933240094,0.0,11.979532773296038
1786016774.8212223,-3.09334659576416,-9.358231544494629,-131.57838439941406,0.13940110802650452,1.1316173076629639,0.1291230171918869,0.13940110802650452,-1.2643336236476899,1.138960264702466,-0.3463945559870739,0.0,13.855782239482956
1786016774.8712144,-2.865333080291748,-10.117595672607422,-132.30189514160156,0.21940076351165771,1.2051011323928833,0.10976585745811462,0.21940076351165771,-1.2982385873794555,1.2100897829327064,-0.36378171687515887,0.0,14.551268675006355
1786016774.9212716,-4.0717573165893555,-13.2631254196167,-131.84251403808594,0.6004096865653992,1.2678565979003906,0.07271362096071243,0.6004096865653992,-1.3890591263771057,1.269940007840044,-0.4103563522585692,0.0,16.41425409034277
1786016774.9714696,-6.720230579376221,-13.638864517211914,-128.54632568359375,0.6965532898902893,0.9593530893325806,0.1452929675579071,0.6965532898902893,-1.3492763876914977,0.9702929436174157,-0.38995494780441126,0.0,15.59819791217645
1786016775.021557,-7.441425800323486,-11.679076194763184,-128.7146453857422,0.5144205093383789,0.8876994848251343,0.15644501149654388,0.5144205093383789,-1.2374409198760985,0.9013797296261784,-0.3326034258477963,0.0,13.304137033911852
1786016775.072255,-8.451362609863281,-12.507912635803223,-131.74099731445312,0.7621720433235168,0.9322454333305359,0.08865121006965637,0.7621720433235168,-1.1140148520469664,0.9364510585249253,-0.2693080064482413,0.0,10.772320257929653
1786016775.121233,-9.634454727172852,-7.58488655090332,-130.75157165527344,0.45094096660614014,0.8031924366950989,0.09941550344228745,0.45094096660614014,-0.6867920160293579,0.8093216497097393,-0.05021937259305752,0.0,2.008774903722301
1786016775.1716518,-6.222485065460205,-4.660051345825195,-125.88735961914062,0.09024418145418167,0.9837983846664429,0.15989285707473755,0.09024418145418167,-0.6087635204195976,0.9967070720205735,-0.010204759459847093,0.0,0.4081903783938837
1786016775.2212472,-8.803441047668457,-5.744597434997559,-124.01178741455078,0.041371896862983704,0.6883136630058289,0.17829352617263794,0.041371896862983704,-0.82031771838665,0.7110304354636128,-0.11869409175064323,0.0,4.747763670025729
1786016775.2713037,-8.970403671264648,-6.215160846710205,-124.5716323852539,0.07270370423793793,0.674231231212616,0.1903609335422516,0.07270370423793793,-0.8595704227685927,0.7005890651170325,-0.1388236837413831,0.0,5.552947349655324
1786016775.3215635,-9.195638656616211,-6.630943298339844,-121.44776153564453,0.21770118176937103,0.6781318783760071,0.17111513018608093,0.21770118176937103,-0.7769403129816055,0.6993877552891322,-0.096449268466005,0.0,3.8579707386402
1786016775.3713057,-8.572223663330078,-6.360304832458496,-121.10865783691406,0.19800089299678802,0.7061392664909363,0.17939704656600952,0.19800089299678802,-0.7560448318719863,0.7285711797737847,-0.08573363712773878,0.0,3.4293454851095513
1786016775.4212987,-9.298161506652832,-6.535238742828369,-122.26949310302734,0.14620700478553772,0.6414443254470825,0.18214409053325653,0.14620700478553772,-0.8340788066387176,0.6668037885048719,-0.12575106008503684,0.0,5.030042403401474
1786016775.471267,-9.131189346313477,-6.835066795349121,-122.11863708496094,0.2377927154302597,0.6426392793655396,0.17224642634391785,0.2377927154302597,-0.7874673038721085,0.6653225343934405,-0.10184772533292963,0.0,4.073909013317185
1786016775.5212424,-9.043798446655273,-6.862551212310791,-120.65912628173828,0.21559907495975494,0.6742022037506104,0.17282600700855255,0.21559907495975494,-0.8137836068868636,0.696001034654906,-0.11534326534049633,0.0,4.613730613619853
1786016775.5719793,-9.200024604797363,-6.500671863555908,-121.30752563476562,0.18623894453048706,0.6183218955993652,0.1822020411491394,0.18623894453048706,-0.7888618350028991,0.6446080595032186,-0.10256286950256582,0.0,4.1025147801026325
1786016775.621203,-8.95278263092041,-6.636508941650391,-122.09489440917969,0.21147273480892181,0.6617441177368164,0.17592459917068481,0.21147273480892181,-0.7840036064386368,0.6847296853157775,-0.10007147023884155,0.0,4.002858809553662
1786016775.6712213,-8.752408981323242,-6.333434104919434,-120.7627182006836,0.1833510398864746,0.6339662075042725,0.1845339685678482,0.1833510398864746,-0.7666640758514404,0.6602771674174035,-0.09117940327104852,0.0,3.647176130841941
1786016775.7212224,-8.321441650390625,-6.437364101409912,-120.22898864746094,0.18877723813056946,0.7253344655036926,0.17143861949443817,0.18877723813056946,-0.7768273770809173,0.7453195872252965,-0.09639135261949824,0.0,3.85565410477993
1786016775.7712014,-6.323326587677002,-5.8922438621521,-122.26853942871094,0.13742472231388092,0.9213840365409851,0.15987783670425415,0.13742472231388092,-0.746411857008934,0.9351521081951275,-0.08079365001848116,0.0,3.2317460007392462
1786016775.8212256,-5.380941390991211,-6.498787879943848,-120.85792541503906,0.19912941753864288,1.0647016763687134,0.14402002096176147,0.19912941753864288,-0.7756887644529342,1.0743981692557814,-0.09580744870771205,0.0,3.832297948308482
1786016775.8715196,-5.360809803009033,-7.635809898376465,-120.15504455566406,0.3211589455604553,1.0456386804580688,0.1428467035293579,0.3211589455604553,-0.8242125391960144,1.0553508567198377,-0.1206914357554455,0.0,4.82765743021782
1786016775.9213014,-5.870285987854004,-7.501716613769531,-121.02033996582031,0.27455589175224304,0.9519326686859131,0.16089367866516113,0.27455589175224304,-0.8507016003131866,0.9654338825346315,-0.13427556966168766,0.0,5.371022786467506
1786016775.9718301,-7.106031894683838,-5.923874855041504,-116.33838653564453,0.14681294560432434,0.8308743834495544,0.1661042422056198,0.14681294560432434,-0.7417682826519012,0.8473150891795687,-0.07841232983538741,0.0,3.1364931934154967
1786016776.0212781,-7.892676830291748,-5.658513069152832,-117.4246826171875,0.2229771912097931,0.8211901783943176,0.15013094246387482,0.2229771912097931,-0.6257997691631317,0.8348009397313725,-0.018941297277044095,0.0,0.7576518910817638
1786016776.073212,-6.162155628204346,-7.115046501159668,-122.25177001953125,0.3995193839073181,0.9569762945175171,0.14354418218135834,0.3995193839073181,-0.6677375912666321,0.967682055484441,-0.040447872714736606,0.0,1.6179149085894642
1786016776.121271,-8.184895515441895,-5.691427230834961,-120.10457611083984,0.18901298940181732,0.7625787854194641,0.15288786590099335,0.18901298940181732,-0.6647010952234268,0.7777538836364529,-0.03889069525668259,0.0,1.5556278102673036
1786016776.171234,-7.237996578216553,-5.355329990386963,-122.60631561279297,0.20774643123149872,0.8051049709320068,0.16932448744773865,0.20774643123149872,-0.5955530673265457,0.8227179323856184,-0.0034301681300768837,0.0,0.13720672520307534
1786016776.2213538,-7.582967758178711,-4.310070037841797,-114.74085998535156,0.06806736439466476,0.7881217002868652,0.16584822535514832,0.06806736439466476,-0.5784431412816048,0.8053827961388991,-0.0,0.0,0.0
1786016776.2723205,-7.2710466384887695,-5.8712310791015625,-116.43309020996094,0.43534234166145325,0.7420157790184021,0.1688583940267563,0.43534234166145325,-0.44534232020378106,0.7609865790837453,0.02231893295852035,0.892757318340814,0.0
1786016776.3223646,-6.502213478088379,-6.583595275878906,-116.8551025390625,0.5008041262626648,0.8108088374137878,0.2073650062084198,0.5008041262626648,-0.48673516511917114,0.8369057393925055,0.0010918330019100513,0.04367332007640205,0.0
1786016776.3723118,-6.871178150177002,-6.574589729309082,-116.31971740722656,0.3853825628757477,0.8004984855651855,0.21057145297527313,0.3853825628757477,-0.6008058965206146,0.8277307304916698,-0.006123926691137851,0.0,0.24495706764551403
1786016776.4212146,-6.733134746551514,-7.417694568634033,-117.39535522460938,0.5568825602531433,0.8355987071990967,0.22378574311733246,0.5568825602531433,-0.5557716250419615,0.8650463908342595,-0.0,0.0,0.0
1786016776.472364,-6.490067005157471,-6.45589017868042,-117.19401550292969,0.4938994348049164,0.8417758941650391,0.21945156157016754,0.4938994348049164,-0.4744840919971466,0.8699112850589629,0.007374434602948287,0.29497738411793145,0.0
1786016776.5223005,-6.898409843444824,-6.5965657234191895,-117.11395263671875,0.5124261379241943,0.8396468758583069,0.22806373238563538,0.5124261379241943,-0.47705872058868404,0.8700689295499994,0.006054112248313695,0.2421644899325478,0.0
1786016776.5722785,-6.368080139160156,-5.749377727508545,-115.94303131103516,0.3725183606147766,0.8661257028579712,0.20329496264457703,0.3725183606147766,-0.48988829851150506,0.8896643046609629,0.0,0.0,0.0
1786016776.6214564,-6.690134525299072,-5.214746475219727,-115.25530242919922,0.2776070535182953,0.8536962866783142,0.19095197319984436,0.2776070535182953,-0.5046049177646637,0.8747914071121506,0.0,0.0,0.0
1786016776.6713188,-6.421000003814697,-5.954401969909668,-114.94612121582031,0.38420844078063965,0.9032158255577087,0.2195214182138443,0.38420844078063965,-0.5089518547058105,0.9295098066144923,0.0,0.0,0.0
1786016776.7212713,-7.301734447479248,-5.844295501708984,-114.58798217773438,0.32352420687675476,0.8610783815383911,0.2196771204471588,0.32352420687675476,-0.5531201183795929,0.888658548825549,-0.0,0.0,0.0
1786016776.7715077,-6.81944465637207,-6.071518421173096,-114.56085968017578,0.38315919041633606,0.8383475542068481,0.183231920003891,0.38315919041633606,-0.5275685727596282,0.858137843328749,0.0,0.0,0.0
1786016776.8211913,-8.096315383911133,-7.219540119171143,-114.89350891113281,0.5180543661117554,0.7279906868934631,0.15183201432228088,0.5180543661117554,-0.5648766517639159,0.7436554314847553,-0.0,0.0,0.0
1786016776.8712163,-7.377466201782227,-6.217253684997559,-114.31794738769531,0.3450610339641571,0.7942895889282227,0.18398743867874146,0.3450610339641571,-0.5875270187854766,0.8153203840646501,-0.0,0.0,0.0
1786016776.921349,-7.58717679977417,-6.6201910972595215,-114.23312377929688,0.41074180603027344,0.7644239068031311,0.14529374241828918,0.41074180603027344,-0.5822868585586547,0.7781093630577094,-0.0,0.0,0.0
1786016776.9712677,-7.36289644241333,-6.136562347412109,-114.30042266845703,0.3558655381202698,0.7695841789245605,0.1597292274236679,0.3558655381202698,-0.5646188139915466,0.7859855180245702,-0.0,0.0,0.0
1786016777.021205,-7.398644924163818,-5.886578559875488,-114.75719451904297,0.3392370343208313,0.7838305234909058,0.16358830034732819,0.3392370343208313,-0.5437497496604919,0.800719315095218,-0.0,0.0,0.0
1786016777.0712342,-7.397362232208252,-6.136642932891846,-114.63577270507812,0.36028799414634705,0.7904587984085083,0.1658088117837906,0.36028799414634705,-0.5602084457874298,0.8076618562533303,-0.0,0.0,0.0
1786016777.1212668,-7.3449015617370605,-5.665050983428955,-114.7159194946289,0.3175344169139862,0.7916153073310852,0.164618581533432,0.3175344169139862,-0.532223230600357,0.8085505996454196,0.0,0.0,0.0
1786016777.1717129,-7.174829483032227,-6.273985862731934,-114.61444091796875,0.3706798553466797,0.8028715252876282,0.17625419795513153,0.3706798553466797,-0.5704180240631103,0.8219904065221743,-0.0,0.0,0.0
1786016777.2212088,-7.455144882202148,-5.855472087860107,-114.8552017211914,0.32853245735168457,0.790453314781189,0.1634797900915146,0.32853245735168457,-0.5497883558273315,0.8071815685562543,-0.0,0.0,0.0
1786016777.2715106,-7.1117706298828125,-5.485588550567627,-114.5210952758789,0.30079248547554016,0.7988529801368713,0.1657177060842514,0.30079248547554016,-0.5220457971096039,0.8158605530256913,0.0,0.0,0.0
1786016777.3218343,-7.173018455505371,-5.935966968536377,-115.02300262451172,0.35438424348831177,0.8213114142417908,0.1815568208694458,0.35438424348831177,-0.5360108017921448,0.8411392978383964,0.0,0.0,0.0
1786016777.3712704,-5.6638617515563965,-5.719055652618408,-114.99596405029297,0.3421037495136261,0.9644166827201843,0.23968082666397095,0.3421037495136261,-0.5157545983791351,0.9937537102216671,0.0,0.0,0.0
1786016777.4212563,-5.552705764770508,-6.481618881225586,-115.30763244628906,0.44586649537086487,1.009766697883606,0.2563953399658203,0.44586649537086487,-0.526376336812973,1.0418096536848513,0.0,0.0,0.0
1786016777.4712508,-5.549871444702148,-6.653372764587402,-115.4841537475586,0.48929113149642944,1.0094364881515503,0.2752871513366699,0.48929113149642944,-0.5087147831916808,1.046300644797084,0.0,0.0,0.0
1786016777.521274,-5.893089294433594,-6.008877754211426,-115.13414001464844,0.36230194568634033,0.9864198565483093,0.25233596563339233,0.36230194568634033,-0.5390297174453735,1.0181834672321701,-0.0,0.0,0.0
1786016777.5711954,-5.702455997467041,-5.168684005737305,-114.4080581665039,0.2682980000972748,0.9456266164779663,0.21608497202396393,0.2682980000972748,-0.5070046007633209,0.9700012437755758,0.0,0.0,0.0
1786016777.6226377,-6.21367883682251,-4.708293437957764,-114.92935943603516,0.22733429074287415,0.8940331339836121,0.20006608963012695,0.22733429074287415,-0.4789097249507904,0.9161450130194724,0.0051048792421052895,0.20419516968421159,0.0
1786016777.6723814,-6.13288688659668,-4.615912914276123,-114.8222427368164,0.20872099697589874,0.8768609762191772,0.18739621341228485,0.20872099697589874,-0.48366594016551967,0.8966618718431777,0.002665794516603114,0.10663178066412456,0.0
1786016777.7223513,-6.423719882965088,-4.752692222595215,-114.44548034667969,0.20557747781276703,0.8912994861602783,0.18552108108997345,0.20557747781276703,-0.5073263555765152,0.9104025733478397,0.0,0.0,0.0
1786016777.7716792,-6.18407678604126,-3.598893404006958,-114.47109985351562,0.04831936955451965,0.8573421835899353,0.14819148182868958,0.04831936955451965,-0.491514641046524,0.8700553632093426,0.0,0.0,0.0
1786016777.8224108,-6.954777240753174,-3.2718729972839355,-113.5850601196289,0.005831108428537846,0.8170634508132935,0.16944128274917603,0.005831108428537846,-0.4849498411640525,0.8344477400979725,0.002007383748124747,0.08029534992498988,0.0
1786016777.872364,-7.1913533210754395,-3.1796600818634033,-113.78115844726562,-0.0012202926445752382,0.7956743240356445,0.16899138689041138,-0.0012202926445752382,-0.4781693049240857,0.8134222266281667,0.005484581819902579,0.21938327279610315,0.0
1786016777.9224138,-6.717846393585205,-3.1895089149475098,-114.26471710205078,-0.004877147264778614,0.8394541144371033,0.16855855286121368,-0.004877147264778614,-0.4833034845069051,0.8562097850340463,0.0028516692133285456,0.11406676853314182,0.0
1786016777.9724047,-6.7887043952941895,-3.709568500518799,-114.12691497802734,0.03014790080487728,0.8287208080291748,0.16888311505317688,0.03014790080487728,-0.5262873742729425,0.8457539146883052,0.0,0.0,0.0
1786016778.0212367,-7.00513219833374,-3.669297456741333,-114.12979125976562,0.018660029396414757,0.8356794118881226,0.16931775212287903,0.018660029396414757,-0.5317345891147852,0.8526597097539106,0.0,0.0,0.0
1786016778.0724597,-7.221354961395264,-3.365703582763672,-114.38602447509766,0.02114546298980713,0.7912808656692505,0.17624661326408386,0.02114546298980713,-0.4837100744247437,0.8106714976248628,0.0026431615631549066,0.10572646252619626,0.0
1786016778.1224203,-7.095845699310303,-3.8349499702453613,-114.0645980834961,0.04590495675802231,0.8158948421478271,0.17403724789619446,0.04590495675802231,-0.5293375387787819,0.8342501765649853,0.0,0.0,0.0
1786016778.1720235,-6.980081558227539,-3.7494215965270996,-114.19962310791016,0.05740305781364441,0.798183023929596,0.17671310901641846,0.05740305781364441,-0.5050101816654206,0.8175106498313295,0.0,0.0,0.0
1786016778.2221665,-6.682204723358154,-3.304668426513672,-114.05084991455078,0.006029883399605751,0.846294641494751,0.16567827761173248,0.006029883399605751,-0.489670380577445,0.8623595026989146,0.0,0.0,0.0
1786016778.2725003,-6.809030055999756,-3.1645681858062744,-113.9720230102539,0.016317222267389297,0.8216265439987183,0.16862839460372925,0.016317222267389297,-0.45836800560355184,0.8387524743748352,0.01563909429197123,0.6255637716788492,0.0
1786016778.3227057,-7.4819746017456055,-3.6487295627593994,-114.210693359375,0.037204451858997345,0.7789134383201599,0.17770841717720032,0.037204451858997345,-0.5101049825549125,0.7989282983668556,0.0,0.0,0.0
1786016778.3715513,-6.5904927253723145,-3.548006057739258,-113.73995971679688,0.026068078354001045,0.8398194909095764,0.16362640261650085,0.026068078354001045,-0.5061328303068876,0.8556111131494479,0.0,0.0,0.0
1786016778.4214475,-6.7425312995910645,-3.811774253845215,-114.06938171386719,0.036977753043174744,0.8352918028831482,0.16570645570755005,0.036977753043174744,-0.5347883850336075,0.8515697419630046,0.0,0.0,0.0
1786016778.4723945,-6.225796222686768,-3.611621856689453,-113.43660736083984,0.08371870964765549,0.8678057789802551,0.16120348870754242,0.08371870964765549,-0.4580245688557625,0.8826513665105891,0.01581521570109398,0.6326086280437592,0.0
1786016778.5224543,-7.277027130126953,-4.931326389312744,-113.34744262695312,0.24206840991973877,0.7906687259674072,0.13684521615505219,0.24206840991973877,-0.4976305484771728,0.8024236084559364,0.0,0.0,0.0
1786016778.5712302,-6.713410377502441,-4.165604591369629,-113.91283416748047,0.12627966701984406,0.7968612909317017,0.14391589164733887,0.12627966701984406,-0.49856102168560024,0.809752864060379,0.0,0.0,0.0
1786016778.6212697,-7.254375457763672,-3.686891555786133,-114.13990783691406,0.05335580185055733,0.7894284725189209,0.16673623025417328,0.05335580185055733,-0.4996779315173626,0.8068446465726407,0.0,0.0,0.0
1786016778.6713426,-6.314305305480957,-3.292556047439575,-113.99528503417969,8.417060598731041e-05,0.8561997413635254,0.16671742498874664,8.417060598731041e-05,-0.49379923650994895,0.8722801711066497,0.0,0.0,0.0
1786016778.722543,-6.862286567687988,-2.8123080730438232,-113.87077331542969,-0.024950752034783363,0.8216181993484497,0.16659803688526154,-0.024950752034783363,-0.44679696299135685,0.8383384587352604,0.021572962298225074,0.8629184919290029,0.0
1786016778.7723658,-6.71621561050415,-3.3192968368530273,-114.10492706298828,0.006726829335093498,0.8158836364746094,0.1760823279619217,0.006726829335093498,-0.4911676961928606,0.8346682541510263,0.0,0.0,0.0
1786016778.8212607,-7.009368419647217,-3.489708185195923,-114.0986328125,0.0006630465504713356,0.8053061366081238,0.1732265055179596,0.0006630465504713356,-0.522793181228917,0.8237265297856236,0.0,0.0,0.0
1786016778.8725362,-6.90044641494751,-3.096951961517334,-113.94882202148438,-0.010943966917693615,0.8130608797073364,0.16681945323944092,-0.010943966917693615,-0.4754867611452937,0.8299980265576381,0.006860245296206175,0.274409811848247,0.0
1786016778.9223971,-6.72713041305542,-3.2865800857543945,-114.15437316894531,0.012332211248576641,0.8352242708206177,0.16602057218551636,0.012332211248576641,-0.4806548016145825,0.8515646851276999,0.004209968132468321,0.16839872529873284,0.0
1786016778.9724426,-6.369307994842529,-3.251281499862671,-114.11737060546875,0.003081335686147213,0.8478174805641174,0.17033709585666656,0.003081335686147213,-0.4846108892932534,0.8647596235804322,0.002181205220329401,0.08724820881317603,0.0
1786016779.022969,-6.573998928070068,-3.2669191360473633,-114.2471923828125,-0.002379260491579771,0.8443138599395752,0.16696640849113464,-0.002379260491579771,-0.4924171308986842,0.8606646708506706,0.0,0.0,0.0
1786016779.0724282,-6.645010948181152,-2.97776198387146,-113.7615966796875,-0.03609267994761467,0.84105384349823,0.16084419190883636,-0.03609267994761467,-0.48275697752833363,0.8562957559943595,0.0031319292023395447,0.1252771680935818,0.0
1786016779.1224358,-6.533167362213135,-3.27195405960083,-113.9961166381836,0.0009769527241587639,0.851187527179718,0.16765230894088745,0.0009769527241587639,-0.48981615621596575,0.8675410671083726,0.0,0.0,0.0
1786016779.1712017,-6.9927544593811035,-3.4427497386932373,-114.21887969970703,0.019178351387381554,0.8106961250305176,0.17017275094985962,0.019178351387381554,-0.49723410941660406,0.8283640336864823,0.0,0.0,0.0
1786016779.2224953,-7.153653144836426,-3.104490041732788,-113.90028381347656,-0.012234393507242203,0.8123062252998352,0.1683977097272873,-0.012234393507242203,-0.4779078997671604,0.8295777192658096,0.005618635746530937,0.2247454298612375,0.0
1786016779.272412,-6.660542964935303,-3.4310483932495117,-113.9822006225586,0.017982514575123787,0.8317441344261169,0.16787344217300415,0.017982514575123787,-0.49667474441230297,0.8485162330440493,0.0,0.0,0.0
1786016779.3224375,-6.980014324188232,-2.9565484523773193,-113.96674346923828,-0.013056553900241852,0.816465437412262,0.17269882559776306,-0.013056553900241852,-0.45653882175683974,0.834530224049221,0.016577137290285128,0.6630854916114051,0.0
1786016779.3724606,-6.593991756439209,-3.4746408462524414,-113.76036834716797,0.010831545107066631,0.841698944568634,0.16489160060882568,0.010831545107066631,-0.5103645818307996,0.8576982880006774,0.0,0.0,0.0
1786016779.4212472,-6.54487943649292,-3.5048770904541016,-113.59867095947266,0.01147405244410038,0.8614691495895386,0.16617274284362793,0.01147405244410038,-0.5142575111240149,0.8773496886411354,0.0,0.0,0.0
1786016779.4727333,-6.830472469329834,-3.4809439182281494,-114.24708557128906,0.048179250210523605,0.8136532306671143,0.17800597846508026,0.048179250210523605,-0.47396233752369876,0.8328971774140809,0.007642000999588195,0.3056800399835278,0.0
1786016779.522429,-6.482819557189941,-3.398604154586792,-113.90746307373047,0.0013352876994758844,0.8538129925727844,0.16847632825374603,0.0013352876994758844,-0.5084553354885429,0.8702763351188849,0.0,0.0,0.0
1786016779.5713038,-6.793316841125488,-3.16520619392395,-113.66771697998047,-0.026702573522925377,0.8214070200920105,0.16462191939353943,-0.026702573522925377,-0.5014835026115179,0.8377409319122765,0.0,0.0,0.0
1786016779.6212387,-6.789377689361572,-3.648064374923706,-114.13439178466797,0.03303243964910507,0.8306428790092468,0.1799003779888153,0.03303243964910507,-0.5141772165894508,0.8499010168538974,0.0,0.0,0.0
1786016779.6712923,-6.873637676239014,-3.6732964515686035,-114.02113342285156,0.02267339825630188,0.8257841467857361,0.1706748902797699,0.02267339825630188,-0.5283210694789886,0.8432374370571183,0.0,0.0,0.0
1786016779.7211986,-7.333784580230713,-3.4416990280151367,-114.11425018310547,0.026401672512292862,0.809707760810852,0.17340236902236938,0.026401672512292862,-0.4898531816899776,0.8280670501232941,0.0,0.0,0.0
1786016779.7715595,-6.695628643035889,-3.3694396018981934,-114.192626953125,0.016335640102624893,0.8247910737991333,0.1786530762910843,0.016335640102624893,-0.48908030018210413,0.8439177904790225,0.0,0.0,0.0
1786016779.8212843,-6.861368656158447,-3.597526788711548,-113.90605926513672,0.0247512124478817,0.8360404372215271,0.17293263971805573,0.0247512124478817,-0.5148778058588505,0.8537384321614069,0.0,0.0,0.0
1786016779.8723655,-6.872037887573242,-3.726590871810913,-114.15576171875,0.03327300027012825,0.8159733414649963,0.16795237362384796,0.03327300027012825,-0.5257156305015087,0.833078924104695,0.0,0.0,0.0
1786016779.9213197,-6.534753322601318,-3.751718282699585,-114.03900909423828,0.03197219967842102,0.8526657223701477,0.17278210818767548,0.03197219967842102,-0.5307855427265167,0.8699956844805515,0.0,0.0,0.0
1786016779.9712358,-6.690848350524902,-3.4033408164978027,-113.7530517578125,-0.007997389882802963,0.8248407244682312,0.16780316829681396,-0.007997389882802963,-0.5184985123574734,0.8417363744259395,0.0,0.0,0.0
1786016780.021304,-6.797924518585205,-3.587052822113037,-113.54550170898438,0.005681143142282963,0.8378588557243347,0.1661541908979416,0.005681143142282963,-0.5323767801746726,0.8541748516952727,0.0,0.0,0.0
1786016780.0713086,-6.55499267578125,-3.458860158920288,-113.95991516113281,0.01602293737232685,0.8318656086921692,0.1750558465719223,0.01602293737232685,-0.5028060864657163,0.8500852547502548,0.0,0.0,0.0
1786016780.1216722,-6.687251091003418,-3.3613009452819824,-113.96281433105469,-0.006530701648443937,0.8550659418106079,0.16793444752693176,-0.006530701648443937,-0.5107258434407412,0.8714010233587276,0.0,0.0,0.0
1786016780.1714628,-6.438232898712158,-3.244330644607544,-113.48553466796875,-0.010985268279910088,0.842936635017395,0.16512171924114227,-0.010985268279910088,-0.49763486497104165,0.858957130955672,0.0,0.0,0.0
1786016780.2212746,-6.68307638168335,-3.674384355545044,-114.15234375,0.04234113544225693,0.8295336961746216,0.18411988019943237,0.04234113544225693,-0.5088165178894997,0.8497212974698132,0.0,0.0,0.0
1786016780.2724967,-6.272432327270508,-3.102750539779663,-113.29890441894531,-0.022533971816301346,0.8413353562355042,0.16269662976264954,-0.022533971816301346,-0.4879465527832508,0.8569220355365168,0.0004706085587922908,0.01882434235169163,0.0
1786016780.322482,-6.577683925628662,-3.070706367492676,-113.76226806640625,-0.010813976638019085,0.8421400785446167,0.16955013573169708,-0.010813976638019085,-0.47141993176192043,0.8590385092752071,0.008945798826141186,0.35783195304564747,0.0
1786016780.3727221,-6.379035949707031,-3.1699259281158447,-113.70482635498047,-0.005937220994383097,0.8248841166496277,0.17041337490081787,-0.005937220994383097,-0.4814261102117598,0.8423031071092658,0.003814425262120999,0.15257701048483996,0.0
1786016780.4225514,-5.682455062866211,-3.219067096710205,-113.53131103515625,0.003605710342526436,0.8832528591156006,0.1638190746307373,0.003605710342526436,-0.4792543541640043,0.8983163709677978,0.00492814631225202,0.1971258524900808,0.0
1786016780.4724884,-6.659484386444092,-3.2426211833953857,-113.50104522705078,0.00929613783955574,0.7996121048927307,0.17623114585876465,0.00929613783955574,-0.4770970396697521,0.8188021342556921,0.006034461437509566,0.24137845750038267,0.0
1786016780.522488,-6.691023349761963,-2.867039442062378,-113.41609191894531,-0.02116522192955017,0.8181811571121216,0.1751468926668167,-0.02116522192955017,-0.45122113823890686,0.8367178974207325,0.019304154478968657,0.7721661791587463,0.0
1786016780.572694,-6.823610782623291,-3.0417933464050293,-113.42351531982422,0.007235926575958729,0.8013625144958496,0.18158240616321564,0.007235926575958729,-0.44903307538479564,0.8216775826728716,0.02042623799389749,0.8170495197558996,0.0
1786016780.6226344,-6.523581027984619,-2.724696159362793,-113.32623291015625,-0.031146835535764694,0.8274351954460144,0.1760808676481247,-0.031146835535764694,-0.4398512594401836,0.8459630456553646,0.025134861555236993,1.0053944622094797,0.0
1786016780.6725018,-6.322094440460205,-2.585754871368408,-113.33120727539062,-0.024988088756799698,0.8227129578590393,0.17224517464637756,-0.024988088756799698,-0.41285131946206094,0.8405504215798898,0.03898098462094093,1.5592393848376371,0.0
1786016780.7224932,-6.559101581573486,-3.0836408138275146,-113.43102264404297,-0.002092807088047266,0.830090343952179,0.1782592236995697,-0.002092807088047266,-0.4646389291621744,0.8490149173934578,0.012423236056780166,0.49692944227120667,0.0
1786016780.7727742,-6.401860237121582,-2.735692024230957,-113.06332397460938,-0.019020603969693184,0.8216187357902527,0.16831108927726746,-0.019020603969693184,-0.4293744076043367,0.8386810894346393,0.03050760608644053,1.2203042434576212,0.0
1786016780.8225608,-6.8671650886535645,-2.8080782890319824,-113.51764678955078,-0.02895941399037838,0.7946787476539612,0.17175811529159546,-0.02895941399037838,-0.4501711573451757,0.8130283895051815,0.019842606219343608,0.7937042487737443,0.0
1786016780.8724992,-6.516040802001953,-2.8033158779144287,-113.02804565429688,-0.014112946577370167,0.8206585049629211,0.17243142426013947,-0.014112946577370167,-0.43461032826453444,0.8385779497699406,0.027822518568390412,1.1129007427356166,0.0
1786016780.923347,-6.381269931793213,-2.648271322250366,-113.23868560791016,-0.0389312319457531,0.8315842151641846,0.16920803487300873,-0.0389312319457531,-0.43617193028330803,0.8486245730450057,0.027021697020301393,1.0808678808120558,0.0
1786016780.9724863,-6.091368198394775,-2.932107925415039,-113.3196029663086,-0.010085294023156166,0.8441958427429199,0.1750349998474121,-0.010085294023156166,-0.44990148283541204,0.8621507246856621,0.019980900839735236,0.7992360335894094,0.0
1786016781.022552,-6.204537868499756,-2.8332901000976562,-113.04469299316406,-0.030774950981140137,0.8488006591796875,0.16401568055152893,-0.030774950981140137,-0.4557684659957886,0.8645019968112585,0.016972191526721626,0.678887661068865,0.0
1786016781.0725482,-6.352827072143555,-3.0455574989318848,-112.70513153076172,-0.017124852165579796,0.8255285024642944,0.17533978819847107,-0.017124852165579796,-0.4739584770053625,0.843943925688446,0.007643980752581161,0.30575923010324646,0.0
1786016781.122501,-6.591454982757568,-2.785630941390991,-113.02545928955078,-0.04319082945585251,0.8241469860076904,0.16888540983200073,-0.04319082945585251,-0.4610354706645012,0.8412731638413786,0.014271163491484391,0.5708465396593756,0.0
1786016781.1725163,-5.985551357269287,-3.047180414199829,-112.89415740966797,0.00018164020730182528,0.8584517240524292,0.17131443321704865,0.00018164020730182528,-0.4568954219226725,0.875378773764287,0.016394265410370885,0.6557706164148354,0.0
1786016781.2225835,-6.657663822174072,-2.466139078140259,-112.51155853271484,-0.050477445125579834,0.8333930373191833,0.1642504185438156,-0.050477445125579834,-0.42039830684661866,0.8494246020948018,0.03511073468014209,1.4044293872056837,0.0
1786016781.2726614,-6.368591785430908,-2.9496147632598877,-112.82451629638672,-0.011798784136772156,0.8508891463279724,0.17122165858745575,-0.011798784136772156,-0.4542409986257553,0.8679453875147819,0.017755508126738696,0.7102203250695478,0.0
1786016781.3225625,-6.788735389709473,-2.7472565174102783,-112.99414825439453,-0.01935514248907566,0.8197102546691895,0.17306949198246002,-0.01935514248907566,-0.4314436201006174,0.8377815650065918,0.029446471472963264,1.1778588589185306,0.0
1786016781.372707,-6.810713291168213,-2.7047033309936523,-112.73182678222656,-0.03448120504617691,0.8147857785224915,0.16494981944561005,-0.03448120504617691,-0.44018670469522475,0.8313148066873595,0.024962838347523587,0.9985135339009434,0.0
1786016781.4225652,-6.386646747589111,-2.9957144260406494,-112.8761215209961,-0.008862211368978024,0.8456823825836182,0.16806834936141968,-0.008862211368978024,-0.45821937527507545,0.8622213534060598,0.015715314973241176,0.628612598929647,0.0
1786016781.4725373,-6.311965465545654,-2.7044260501861572,-112.70811462402344,-0.036464013159275055,0.8312600255012512,0.16998454928398132,-0.036464013159275055,-0.44212792068719864,0.8484621246653378,0.023967342967024158,0.9586937186809663,0.0
1786016781.5225227,-6.221161365509033,-2.7438175678253174,-112.82079315185547,-0.04112928360700607,0.8435259461402893,0.17619629204273224,-0.04112928360700607,-0.4527019187808037,0.8617314866833392,0.018544779842098492,0.7417911936839396,0.0
1786016781.57371,-6.400642395019531,-2.7079927921295166,-112.73127746582031,-0.03634689748287201,0.8233727812767029,0.16863219439983368,-0.03634689748287201,-0.4425458163022995,0.8404638921068748,0.02375303752338269,0.9501215009353076,0.0
1786016781.6225727,-6.449573993682861,-2.893385648727417,-113.00977325439453,-0.024512648582458496,0.8358036279678345,0.16393311321735382,-0.024512648582458496,-0.458520495891571,0.8517286951449552,0.015560894144269094,0.6224357657707638,0.0
1786016781.672659,-6.462200164794922,-2.8882062435150146,-112.6808853149414,-0.01355221588164568,0.8269204497337341,0.17156893014907837,-0.01355221588164568,-0.4467831524088979,0.8445314250993509,0.021580044648204035,0.8632017859281614,0.0
1786016781.7237349,-6.626891613006592,-3.0363576412200928,-112.88314819335938,-0.0050734952092170715,0.8366461396217346,0.16802753508090973,-0.0050734952092170715,-0.46052714139223094,0.8533522224083777,0.014531845169571692,0.5812738067828677,0.0
1786016781.7725327,-6.414968013763428,-3.0368154048919678,-112.96318054199219,0.0008378251222893596,0.8404386639595032,0.16816112399101257,0.0008378251222893596,-0.45468448561150576,0.8570970257210997,0.017528078903276914,0.7011231561310766,0.0
1786016781.8226106,-6.5630645751953125,-2.796442747116089,-112.72916412353516,-0.026337767019867897,0.8401563763618469,0.1773860603570938,-0.026337767019867897,-0.4458041790872812,0.8586783746843051,0.022082082249033096,0.8832832899613239,0.0
1786016781.8725355,-6.292224407196045,-2.843768835067749,-112.64586639404297,-0.032800011336803436,0.8441842794418335,0.16608284413814545,-0.032800011336803436,-0.45936533659696577,0.8603665548902648,0.01512764250047691,0.6051057000190764,0.0
1786016781.9226062,-6.30743408203125,-2.782686948776245,-112.77587127685547,-0.026262426748871803,0.8356074690818787,0.17591597139835358,-0.026262426748871803,-0.44366546906530857,0.8539240430966031,0.023178856619275472,0.9271542647710189,0.0
1786016781.9725409,-5.996356010437012,-2.4781384468078613,-112.73495483398438,-0.04595304653048515,0.8290995359420776,0.17259016633033752,-0.04595304653048515,-0.41767381355166433,0.8468727212594004,0.03650791072883662,1.460316429153465,0.0
1786016782.0225954,-6.40388298034668,-3.0857088565826416,-112.67440795898438,-0.005195351783186197,0.8333936333656311,0.16623350977897644,-0.005195351783186197,-0.4680516802705824,0.8498108777297482,0.010673107283237605,0.42692429132950416,0.0
1786016782.0725746,-6.422609806060791,-3.311152458190918,-112.66378021240234,0.011454848572611809,0.8267865180969238,0.17158688604831696,0.011454848572611809,-0.4852180201560259,0.8444039353121189,0.0018698560599332596,0.07479424239733039,0.0
1786016782.1228726,-6.480684280395508,-3.0346508026123047,-112.68162536621094,-0.015212303027510643,0.8343718647956848,0.17039737105369568,-0.015212303027510643,-0.47040992341935634,0.851593607787564,0.009463751822327901,0.37855007289311604,0.0
1786016782.172552,-6.266228675842285,-2.6825993061065674,-112.48641967773438,-0.028568144887685776,0.8370282649993896,0.16941918432712555,-0.028568144887685776,-0.4309580408036709,0.8540018597321419,0.029695486497038383,1.1878194598815353,0.0
1786016782.222593,-6.488906383514404,-2.710411787033081,-112.61746215820312,-0.019540956243872643,0.8379209637641907,0.16870428621768951,-0.019540956243872643,-0.4261027242988348,0.8547354431072401,0.032185392396954345,1.2874156958781737,0.0
1786016782.2726398,-6.539532661437988,-3.031928300857544,-112.5505142211914,-0.010083040222525597,0.8197572231292725,0.1708446741104126,-0.010083040222525597,-0.46487228535115716,0.8373707706533043,0.012303566216276198,0.49214264865104795,0.0
1786016782.3228383,-6.527162075042725,-3.014084577560425,-112.61296844482422,-0.013611095026135445,0.8344031572341919,0.16928477585315704,-0.013611095026135445,-0.4657237816601991,0.8514023514990084,0.011866901442408524,0.47467605769634097,0.0
1786016782.3725572,-6.226222991943359,-2.9284071922302246,-112.54795837402344,-0.02358342707157135,0.8437579870223999,0.16889145970344543,-0.02358342707157135,-0.46284450590610504,0.8604951282981519,0.013343453111174719,0.5337381244469888,0.0
1786016782.422667,-6.382333278656006,-2.8764801025390625,-112.70569610595703,-0.02644437551498413,0.845093846321106,0.17131879925727844,-0.02644437551498413,-0.4579163908958435,0.8622840251731193,0.0158706915779755,0.63482766311902,0.0
1786016782.4737163,-6.189916133880615,-2.900287389755249,-112.65750885009766,-0.026506565511226654,0.8550353050231934,0.1662285178899765,-0.026506565511226654,-0.461549673974514,0.8710437951079174,0.014007469486349603,0.5602987794539841,0.0
1786016782.522569,-6.633411407470703,-2.963074207305908,-112.62970733642578,-0.017816176638007164,0.8326436281204224,0.17371560633182526,-0.017816176638007164,-0.46227730773389336,0.8505718801681454,0.01363432396871917,0.5453729587487668,0.0
1786016782.5725849,-6.04446268081665,-2.6841554641723633,-112.84882354736328,-0.035991087555885315,0.8455847501754761,0.1710221916437149,-0.035991087555885315,-0.4386144071817398,0.8627062998285928,0.02576914476469537,1.030765790587815,0.0
1786016782.6239789,-6.5758256912231445,-2.893125057220459,-112.66385650634766,-0.022672267630696297,0.8405025601387024,0.1680816411972046,-0.022672267630696297,-0.4566410262137651,0.8571440903997757,0.016524724748272112,0.6609889899308845,0.0
1786016782.6725554,-6.454367160797119,-2.9228014945983887,-112.74957275390625,-0.027403736487030983,0.8391740918159485,0.1650363802909851,-0.027403736487030983,-0.4658239606767893,0.8552485973064631,0.011815527587746908,0.4726211035098763,0.0
1786016782.7225778,-6.41016960144043,-3.0285263061523438,-112.6178207397461,-0.011203592643141747,0.8392888903617859,0.17031335830688477,-0.011203592643141747,-0.4654825385659933,0.8563950499054085,0.011990615849693556,0.47962463398774224,0.0
1786016782.7732453,-6.4095659255981445,-2.8627724647521973,-112.47964477539062,-0.020646337419748306,0.8463995456695557,0.1678902506828308,-0.020646337419748306,-0.4500622071325779,0.862890101452076,0.019898478123239926,0.7959391249295971,0.0
1786016782.8226976,-6.630065441131592,-2.7604053020477295,-112.7497787475586,-0.024886896833777428,0.8367710709571838,0.16817672550678253,-0.024886896833777428,-0.4389476921409368,0.8535040926633076,0.025598229401004577,1.0239291760401832,0.0
1786016782.8728883,-6.581732749938965,-3.0168185234069824,-112.6031723022461,-0.005487262737005949,0.829517662525177,0.16998255252838135,-0.005487262737005949,-0.4580100412480533,0.8467547582418993,0.015822665756329467,0.6329066302531787,0.0
1786016782.9225748,-6.5018839836120605,-3.045849084854126,-112.67564392089844,-0.018597638234496117,0.8447271585464478,0.16971014440059662,-0.018597638234496117,-0.47547500096261497,0.8616063518210778,0.006866276159118345,0.2746510463647338,0.0
1786016782.9732318,-6.392941474914551,-2.8546528816223145,-112.62574005126953,-0.017250869423151016,0.8465925455093384,0.16976462304592133,-0.017250869423151016,-0.4454488016664982,0.8634459828790131,0.022264327080203872,0.8905730832081549,0.0
1786016783.0227222,-6.404849052429199,-2.7697184085845947,-112.64295959472656,-0.03359314799308777,0.8478245139122009,0.16854006052017212,-0.03359314799308777,-0.44905090928077696,0.8644143441606016,0.020417092406214764,0.8166836962485906,0.0
1786016783.072683,-6.538125514984131,-3.051943063735962,-112.61876678466797,-0.010998638346791267,0.8290678858757019,0.16985099017620087,-0.010998638346791267,-0.4687900979071855,0.8462877278173433,0.010294431572159094,0.41177726288636374,0.0
1786016783.1225777,-6.439903736114502,-3.1132771968841553,-112.65213775634766,-0.005854187998920679,0.8418305516242981,0.17047958076000214,-0.005854187998920679,-0.47284576753154395,0.8589190678429348,0.008214600995565024,0.3285840398226009,0.0
1786016783.1726155,-6.6203932762146,-2.7179646492004395,-112.56112670898438,-0.026007218286395073,0.8290749192237854,0.16980430483818054,-0.026007218286395073,-0.433701915666461,0.8462852495627606,0.028288371182787053,1.1315348473114821,0.0
1786016783.2237804,-6.64380407333374,-2.923431873321533,-112.63545989990234,-0.027318282052874565,0.8344201445579529,0.17140792310237885,-0.027318282052874565,-0.46583306305110456,0.8518436791726437,0.01181085970348266,0.4724343881393064,0.0
1786016783.2726128,-6.318318843841553,-3.0203957557678223,-112.76583862304688,-0.02117295376956463,0.8394202589988708,0.17192330956459045,-0.02117295376956463,-0.47423231713473796,0.8568453743758984,0.007503549917003993,0.30014199668015973,0.0
1786016783.3228028,-6.6673994064331055,-2.9726407527923584,-112.64481353759766,-0.022263983264565468,0.838323712348938,0.1714315414428711,-0.022263983264565468,-0.4681600961834192,0.855672495811326,0.010617509379218742,0.4247003751687497,0.0
1786016783.372951,-6.457491397857666,-3.0659148693084717,-112.75330352783203,-0.015025049448013306,0.8411229848861694,0.17202536761760712,-0.015025049448013306,-0.474912279844284,0.8585339846551167,0.007154851091595753,0.2861940436638301,0.0
1786016783.4226866,-6.466269493103027,-2.920623540878296,-112.66593933105469,-0.021775105968117714,0.841742753982544,0.16706010699272156,-0.021775105968117714,-0.4598686370998621,0.858160791012114,0.014869539678478799,0.594781587139152,0.0
1786016783.4726288,-6.4684553146362305,-2.9015390872955322,-112.65792083740234,-0.027339961379766464,0.8345334529876709,0.1697862297296524,-0.027339961379766464,-0.4625708244740963,0.8516298773301318,0.013483802563486889,0.5393521025394755,0.0
1786016783.522643,-6.884404182434082,-3.2611167430877686,-112.56248474121094,0.007967826910316944,0.8181310892105103,0.17175108194351196,0.007967826910316944,-0.48119968455284834,0.8359646603066082,0.003930540984639694,0.15722163938558775,0.0
1786016783.572619,-6.31483793258667,-2.9970569610595703,-112.5565414428711,-0.019539501518011093,0.8378762006759644,0.1689518690109253,-0.019539501518011093,-0.46909804567694663,0.8547404645279605,0.010136509638948264,0.40546038555793057,0.0
1786016783.6226735,-6.707882881164551,-2.8019354343414307,-112.60562896728516,-0.028867121785879135,0.8316104412078857,0.17057056725025177,-0.028867121785879135,-0.4491574369370937,0.848922990817216,0.02036246283887284,0.8144985135549137,0.0
1786016783.6726267,-6.205686092376709,-3.024897575378418,-112.66779327392578,-0.023342816159129143,0.8502240777015686,0.16928154230117798,-0.023342816159129143,-0.47707745246589184,0.8669124655161837,0.0060445061574379,0.24178024629751602,0.0
1786016783.7226236,-6.595026016235352,-2.90085506439209,-112.68634033203125,-0.023890076205134392,0.8389264941215515,0.17007583379745483,-0.023890076205134392,-0.45901833586394786,0.8559926704014335,0.015305591594332249,0.61222366377329,0.0
1786016783.7726085,-6.45014762878418,-2.864278793334961,-112.59526824951172,-0.020244156941771507,0.8351210951805115,0.16281406581401825,-0.020244156941771507,-0.4498859759420156,0.8508440889154654,0.019988853092759034,0.7995541237103614,0.0
1786016783.8226876,-6.194714546203613,-2.93830943107605,-112.67071533203125,-0.020687054842710495,0.8463216423988342,0.1715695559978485,-0.020687054842710495,-0.46143346950411795,0.8635371647693915,0.014067061522450148,0.5626824608980059,0.0
1786016783.8726523,-6.289501667022705,-2.8360486030578613,-112.67243194580078,-0.03186243399977684,0.8322085738182068,0.16922986507415771,-0.03186243399977684,-0.45726972445845604,0.8492407535967356,0.016202315392020362,0.6480926156808144,0.0
1786016783.9226327,-6.176857948303223,-2.7211759090423584,-112.70269775390625,-0.039177700877189636,0.8603786826133728,0.16876700520515442,-0.039177700877189636,-0.44735408723354336,0.8767746458135292,0.021287257558642247,0.8514903023456899,0.0
1786016783.9726317,-6.282492637634277,-2.878136396408081,-112.65826416015625,-0.0262208990752697,0.8453328013420105,0.16795504093170166,-0.0262208990752697,-0.4579413585364818,0.8618563922134015,0.015857887659699445,0.6343155063879778,0.0
1786016784.0226836,-6.38122034072876,-2.8232827186584473,-112.655029296875,-0.02732863463461399,0.843519389629364,0.1688200980424881,-0.02732863463461399,-0.45082104243338106,0.8602471657516636,0.019509331815135735,0.7803732726054293,0.0
1786016784.0726378,-6.415667533874512,-2.814204692840576,-112.7410659790039,-0.017484040930867195,0.8372265696525574,0.16936266422271729,-0.017484040930867195,-0.4396147448569536,0.8541850156522329,0.025256151085098523,1.0102460434039409,0.0
1786016784.1226408,-6.40223503112793,-2.7477753162384033,-112.75460052490234,-0.03668765351176262,0.8454594612121582,0.1696121096611023,-0.03668765351176262,-0.4488539509475231,0.8623050320488932,0.02051809667967827,0.8207238671871309,0.0
1786016784.1726468,-6.214588642120361,-2.864943504333496,-112.70201873779297,-0.0288110189139843,0.8430386185646057,0.1710696965456009,-0.0288110189139843,-0.4585525445640087,0.8602202935687595,0.015544458927634392,0.6217783571053757,0.0
1786016784.2227027,-6.629617214202881,-2.9744439125061035,-112.54619598388672,-0.011110642924904823,0.8260199427604675,0.16992738842964172,-0.011110642924904823,-0.45727722980082036,0.8433174154353297,0.016198466498500194,0.6479386599400078,0.0
1786016784.2726305,-6.212303161621094,-3.025890827178955,-112.6872787475586,-0.011725804768502712,0.8431494235992432,0.17029045522212982,-0.011725804768502712,-0.46560942884534595,0.8601742786525857,0.011925543911563995,0.4770217564625598,0.0
1786016784.322659,-6.587254047393799,-3.03627610206604,-112.58238220214844,-0.01875464618206024,0.830786943435669,0.17015717923641205,-0.01875464618206024,-0.47419606149196625,0.8480332605675758,0.0075221425543228184,0.3008857021729127,0.0
1786016784.3726733,-6.510279178619385,-2.8215484619140625,-112.65484619140625,-0.02804120071232319,0.8295440673828125,0.1704922765493393,-0.02804120071232319,-0.4512734699994326,0.8468830947025667,0.01927731767869906,0.7710927071479624,0.0
1786016784.4227133,-6.434378623962402,-2.9993393421173096,-112.62783813476562,-0.018971586599946022,0.8320026993751526,0.16977567970752716,-0.018971586599946022,-0.46887248791754244,0.8491479689592936,0.010252180284796568,0.4100872113918627,0.0
1786016784.4726672,-6.495886325836182,-3.059051752090454,-112.59083557128906,-0.013886533677577972,0.8369028568267822,0.17009863257408142,-0.013886533677577972,-0.4727442964911461,0.8540140142693221,0.008266637426538291,0.33066549706153164,0.0
1786016784.5229378,-6.600064277648926,-3.0251171588897705,-112.60660552978516,-0.017679328098893166,0.8399826884269714,0.17008018493652344,-0.017679328098893166,-0.4714469019323587,0.857028696231955,0.008931967969506165,0.35727871878024664,0.0
1786016784.572714,-6.529428482055664,-2.822218894958496,-112.68458557128906,-0.023940114304423332,0.831827700138092,0.17034754157066345,-0.023940114304423332,-0.4472729485481977,0.8490910479072291,0.021328867140870785,0.8531546856348314,0.0
1786016784.6227033,-6.5737738609313965,-2.9584922790527344,-112.69068908691406,-0.0222148559987545,0.8371636867523193,0.1696065217256546,-0.0222148559987545,-0.46598869785666464,0.8541717688080135,0.01173104698268262,0.46924187930730477,0.0
1786016784.6712494,-6.496357440948486,-3.0089781284332275,-112.68119812011719,-0.014804168604314327,0.834620475769043,0.16977062821388245,-0.014804168604314327,-0.4661508878692984,0.8517120433439226,0.011647872617229394,0.4659149046891758,0.0
1786016784.72278,-6.487249851226807,-2.9330949783325195,-112.62928771972656,-0.01661870628595352,0.8366162776947021,0.16978788375854492,-0.01661870628595352,-0.45658295303583146,0.8536713194051585,0.01655450586516117,0.6621802346064467,0.0
1786016784.7726738,-6.479933261871338,-2.8730616569519043,-112.6447525024414,-0.020630383864045143,0.8352406620979309,0.1703997254371643,-0.020630383864045143,-0.45158963240683075,0.8524453237896558,0.01911518311080256,0.7646073244321023,0.0
1786016784.8227847,-6.470587730407715,-2.911781072616577,-112.62115478515625,-0.021468648687005043,0.8339697122573853,0.17008386552333832,-0.021468648687005043,-0.4582358095794916,0.8511368880938172,0.01570688712482263,0.6282754849929052,0.0
1786016784.8727016,-6.420346260070801,-2.9939088821411133,-112.6755142211914,-0.018442796543240547,0.8317874073982239,0.1704021692276001,-0.018442796543240547,-0.4675291288644075,0.849062536203153,0.010941082363327302,0.4376432945330921,0.0
1786016784.9226701,-6.450245380401611,-2.9845492839813232,-112.7215347290039,-0.018497347831726074,0.834885835647583,0.17026357352733612,-0.018497347831726074,-0.46617974042892457,0.8520704448783925,0.01163307643280573,0.46532305731222917,0.0
1786016784.972781,-6.348632335662842,-2.849710464477539,-112.55535888671875,-0.01787221059203148,0.8320237398147583,0.16964849829673767,-0.01787221059203148,-0.44532878026366235,0.8491431661325873,0.022325876517555587,0.8930350607022235,0.0
1786016785.0231047,-6.624581336975098,-3.0635204315185547,-112.66419982910156,-0.026066143065690994,0.8379634618759155,0.1699071079492569,-0.026066143065690994,-0.4855942077934742,0.8550153149334516,0.001676939322780291,0.06707757291121164,0.0
1786016785.0726907,-6.442272663116455,-2.92978572845459,-112.64917755126953,-0.01894400268793106,0.8309682607650757,0.169760063290596,-0.01894400268793106,-0.45841186195611955,0.8481313161812633,0.015616603854757024,0.624664154190281,0.0
1786016785.122817,-6.529583930969238,-2.9894402027130127,-112.72315216064453,-0.017293179407715797,0.8369598984718323,0.1699347347021103,-0.017293179407715797,-0.4657092098146677,0.8540372859004789,0.0118743741837067,0.47497496734826794,0.0
1786016785.1712499,-6.37990140914917,-2.9693679809570312,-112.5548095703125,-0.02043228968977928,0.8336689472198486,0.17012210190296173,-0.02043228968977928,-0.465837486833334,0.8508498358197717,0.011808591097211161,0.47234364388844646,0.0
1786016785.2228043,-6.611771583557129,-2.917640447616577,-112.64302825927734,-0.022012004628777504,0.8385062217712402,0.1697511374950409,-0.022012004628777504,-0.45965807177126405,0.855516295946454,0.014977521898272662,0.5991008759309064,0.0
1786016785.2730534,-6.43113899230957,-2.8553318977355957,-112.62735748291016,-0.016671938821673393,0.8334085941314697,0.17009074985980988,-0.016671938821673393,-0.44497172348201275,0.8505884715654599,0.02250898255942718,0.9003593023770872,0.0
1786016785.322769,-6.595727443695068,-3.091151714324951,-112.67498779296875,-0.020021114498376846,0.8376603722572327,0.17022497951984406,-0.020021114498376846,-0.4836938716471195,0.8547815176421732,0.0026514706798852414,0.10605882719540966,0.0
1786016785.3727245,-6.504266738891602,-2.56972336769104,-112.6001205444336,-0.028355227783322334,0.8292723298072815,0.17016690969467163,-0.028355227783322334,-0.4138137329369783,0.8465514598292482,0.038487439249188425,1.539497569967537,0.0
1786016785.42276,-6.516123294830322,-2.7570371627807617,-112.61747741699219,-0.036325227469205856,0.8275262713432312,0.17310741543769836,-0.036325227469205856,-0.4498808018863201,0.845438292865157,0.019991506454654164,0.7996602581861666,0.0
1786016785.4727147,-7.207650661468506,-2.0601460933685303,-112.69026184082031,-0.09378111362457275,0.7816603183746338,0.17082829773426056,-0.09378111362457275,-0.40280302762985226,0.8001094679031857,0.04413395479130435,1.7653581916521741,0.0
1786016785.5230396,-7.028268337249756,-2.813338279724121,-112.33698272705078,-0.008798710070550442,0.8025798201560974,0.174309641122818,-0.008798710070550442,-0.4307994520291686,0.8212905811648878,0.029776814073706238,1.1910725629482495,0.0
1786016785.572721,-6.769191265106201,-2.736872434616089,-112.69574737548828,-0.043649666011333466,0.8101667761802673,0.16663913428783417,-0.043649666011333466,-0.4541805312037468,0.8271268380983211,0.017786517061102024,0.711460682444081,0.0
1786016785.622756,-6.197760581970215,-2.6792945861816406,-112.60980987548828,-0.036149315536022186,0.8536545634269714,0.16078098118305206,-0.036149315536022186,-0.43804350346326826,0.8686637079847863,0.02606191590237307,1.0424766360949227,0.0
1786016785.6727145,-6.30888032913208,-2.690793752670288,-112.5084228515625,-0.029096288606524467,0.8489251136779785,0.1693550944328308,-0.029096288606524467,-0.4327153515070677,0.8656529308236193,0.02879430152093746,1.1517720608374984,0.0
1786016785.72274,-6.305923938751221,-3.1500725746154785,-112.56166076660156,-0.0013497145846486092,0.8573186993598938,0.15858732163906097,-0.0013497145846486092,-0.47386060077697034,0.8718631147472583,0.007694173690218154,0.30776694760872614,0.0
1786016785.7730083,-6.603026390075684,-3.191741466522217,-112.41464233398438,-0.010052173398435116,0.8291052579879761,0.17090123891830444,-0.010052173398435116,-0.4888133933767676,0.846535741884015,2.607492109135405e-05,0.001042996843654162,0.0
1786016785.821263,-5.954221248626709,-3.635180950164795,-112.0768814086914,0.0337231419980526,0.8856066465377808,0.16983120143413544,0.0337231419980526,-0.5115540005266667,0.9017437381942032,0.0,0.0,0.0
1786016785.8713005,-6.338821887969971,-3.3286824226379395,-112.43142700195312,-0.0010672779753804207,0.8463953137397766,0.16699889302253723,-0.0010672779753804207,-0.5003696413710713,0.8627129635002639,0.0,0.0,0.0
1786016785.9231222,-7.10484504699707,-3.3482255935668945,-112.48809051513672,0.016527576372027397,0.7879968881607056,0.17586064338684082,0.016527576372027397,-0.48570626266300676,0.8073822277232693,0.001619475287122555,0.0647790114849022,0.0
1786016785.9727476,-6.084112167358398,-3.5360629558563232,-112.94734191894531,0.024053271859884262,0.840417206287384,0.1706470400094986,0.024053271859884262,-0.5063561715185642,0.8575671943864777,0.0,0.0,0.0
1786016786.021551,-6.739820957183838,-3.9203836917877197,-112.36961364746094,0.048600465059280396,0.8123283982276917,0.17532135546207428,0.048600465059280396,-0.5394570887088775,0.8310324928955704,-0.0,0.0,0.0
1786016786.0712209,-6.331218719482422,-3.686994791030884,-112.5770263671875,0.007184536196291447,0.8284192681312561,0.17662274837493896,0.007184536196291447,-0.5458646824583411,0.8470384165164193,-0.0,0.0,0.0
1786016786.1213071,-6.101712703704834,-3.877819299697876,-112.53627014160156,0.025085387751460075,0.8610883951187134,0.16663724184036255,0.025085387751460075,-0.5565875072032213,0.8770639626482695,-0.0,0.0,0.0
1786016786.1712365,-6.332189083099365,-4.008514404296875,-112.49994659423828,0.0582655593752861,0.8373520970344543,0.16489502787590027,0.0582655593752861,-0.5430116012692451,0.8534335970807525,-0.0,0.0,0.0
1786016786.2216306,-5.946882247924805,-5.056990146636963,-112.12474060058594,0.10846417397260666,0.8953456282615662,0.1758291870355606,0.10846417397260666,-0.6500843480229378,0.9124470927460314,-0.03139492746156002,0.0,1.255797098462401
1786016786.2712681,-6.676998138427734,-4.409781455993652,-112.57685852050781,0.06708969920873642,0.8445909023284912,0.17768248915672302,0.06708969920873642,-0.5943775191903115,0.8630787097646332,-0.0028273229320080547,0.0,0.11309291728032218
1786016786.3216634,-6.8194756507873535,-3.9813785552978516,-112.84544372558594,0.00799223780632019,0.8284010887145996,0.18386298418045044,0.00799223780632019,-0.5892145454883575,0.8485599334963173,-0.00017964411049320594,0.0,0.007185764419728237
1786016786.3714244,-6.210282802581787,-4.235987663269043,-112.2729263305664,0.041108377277851105,0.8765507340431213,0.17756906151771545,0.041108377277851105,-0.5942897722125053,0.8943556121363677,-0.002782324481851073,0.0,0.11129297927404291
1786016786.421656,-6.33163595199585,-4.422326564788818,-112.46556091308594,0.02845051698386669,0.8772266507148743,0.17258864641189575,0.02845051698386669,-0.634898467734456,0.8940433085677262,-0.023607296544389884,0.0,0.9442918617755953
1786016786.4728456,-6.958794116973877,-3.827573537826538,-112.23844909667969,0.08649718016386032,0.8104076981544495,0.17019861936569214,0.08649718016386032,-0.48763885051012035,0.8280870771011832,0.0006284045962950743,0.025136183851802975,0.0
1786016786.5227516,-7.6216630935668945,-2.6919119358062744,-112.6125717163086,-0.08117692917585373,0.7584909796714783,0.1710604429244995,-0.08117692917585373,-0.4849637195467949,0.7775411509216248,0.0020002666287696614,0.08001066515078646,0.0
1786016786.5730288,-6.093349933624268,-5.04650354385376,-111.86963653564453,0.11071300506591797,0.896267831325531,0.1729627251625061,0.11071300506591797,-0.646262526512146,0.9128045408325985,-0.02943501899448731,0.0,1.1774007597794924
1786016786.6229084,-7.013926029205322,-2.2188799381256104,-112.85951232910156,-0.07673754543066025,0.7872444987297058,0.1633787304162979,-0.07673754543066025,-0.4095695361495018,0.8040189738635695,0.0406639504222533,1.626558016890132,0.0
1786016786.6734347,-5.408339500427246,-5.424610614776611,-111.77803039550781,0.13352501392364502,0.9449173808097839,0.17496483027935028,0.13352501392364502,-0.6801665782928467,0.9609794734494094,-0.04682171221535944,0.0,1.8728684886143776
1786016786.7213573,-6.481835842132568,-4.0214338302612305,-112.56443786621094,-0.021919744089245796,0.840839147567749,0.18151088058948517,-0.021919744089245796,-0.6251348186284303,0.8602073423627754,-0.018600297002838256,0.0,0.7440118801135303
1786016786.772871,-7.199216842651367,-2.7628512382507324,-112.5262680053711,-0.036464668810367584,0.7527424097061157,0.17442363500595093,-0.036464668810367584,-0.45089235454797744,0.7726867022402152,0.019472761499958108,0.7789104599983243,0.0
1786016786.8229659,-6.175037860870361,-4.960634708404541,-111.70816802978516,0.1303722858428955,0.88194340467453,0.1628442406654358,0.1303722858428955,-0.6137229204177856,0.8968513900121938,-0.012748041510199946,0.0,0.5099216604079979
1786016786.8718045,-5.689048767089844,-5.422961235046387,-111.92411804199219,0.138611301779747,0.9167505502700806,0.1688443124294281,0.138611301779747,-0.6748328834772109,0.9321694981387568,-0.044086484104777016,0.0,1.7634593641910805
1786016786.9217184,-6.130672931671143,-4.687693119049072,-111.93882751464844,0.04362700134515762,0.8864105343818665,0.1747545599937439,0.04362700134515762,-0.6595269665122032,0.9034726291934654,-0.03623729591759357,0.0,1.4494918367037428
1786016786.9727666,-6.542276382446289,-3.183701276779175,-112.1744384765625,-0.003368135541677475,0.8129512667655945,0.1825430989265442,-0.003368135541677475,-0.4809233270585537,0.8331937020294206,0.004072262776585676,0.16289051106342706,0.0
1786016787.0228472,-6.7088212966918945,-3.678206205368042,-111.60576629638672,0.05680353567004204,0.7979901432991028,0.17405901849269867,0.05680353567004204,-0.49492739513516426,0.8167526006822166,0.0,0.0,0.0
1786016787.0712757,-5.443595886230469,-5.1025190353393555,-111.53895568847656,0.13703590631484985,0.9218129515647888,0.1683494597673416,0.13703590631484985,-0.6283419489860534,0.937059580964062,-0.020244979237516766,0.0,0.8097991695006707
1786016787.1213105,-6.903375625610352,-3.953174352645874,-111.88278198242188,-0.011582894250750542,0.7877371907234192,0.18728861212730408,-0.011582894250750542,-0.6045590471476316,0.8096955637036652,-0.008048619320377383,0.0,0.3219447728150953
1786016787.172789,-6.541400909423828,-3.29093861579895,-111.49113464355469,0.03844168037176132,0.8035072684288025,0.16518652439117432,0.03844168037176132,-0.45519911199808116,0.8203112325564924,0.01726416793580235,0.690566717432094,0.0
1786016787.2228205,-6.483449459075928,-3.6022591590881348,-111.47052764892578,-0.008721179328858852,0.8367182612419128,0.167275533080101,-0.008721179328858852,-0.5490600531920791,0.853275191636861,-0.0,0.0,0.0
1786016787.2715826,-5.495758056640625,-5.040615558624268,-111.34503936767578,0.10426699370145798,0.9188171625137329,0.1700153350830078,0.10426699370145798,-0.6518253400921822,0.9344143579232796,-0.032287743907326374,0.0,1.2915097562930549
1786016787.3221679,-6.672956466674805,-4.568201065063477,-111.6925048828125,0.09719260036945343,0.8266130685806274,0.16629551351070404,0.09719260036945343,-0.5880375593900681,0.8431745744281369,-0.0,0.0,0.0
1786016787.3712246,-6.0752434730529785,-4.849703311920166,-111.65449523925781,0.12848089635372162,0.8768287897109985,0.16004706919193268,0.12848089635372162,-0.5989746004343033,0.8913157638138023,-0.005184800493029506,0.0,0.20739201972118024
1786016787.4212406,-6.487667083740234,-4.760195255279541,-111.7024154663086,0.09680764377117157,0.8506151437759399,0.1790127456188202,0.09680764377117157,-0.6172216445207596,0.8692477701524183,-0.014542258998904519,0.0,0.5816903599561808
1786016787.4712484,-6.314196586608887,-4.037159442901611,-111.49796295166016,0.055412326008081436,0.8414300084114075,0.17744508385658264,0.055412326008081436,-0.5501615904271603,0.85993675165101,-0.0,0.0,0.0
1786016787.5213017,-6.47605037689209,-3.859271287918091,-111.29045104980469,0.04799409955739975,0.8254443407058716,0.1683734655380249,0.04799409955739975,-0.5308965936303138,0.8424416795841926,0.0,0.0,0.0
1786016787.5713365,-6.160806179046631,-4.292956352233887,-111.39289855957031,0.0594460628926754,0.8649560809135437,0.17339633405208588,0.0594460628926754,-0.5844973899424076,0.8821651265902656,-0.0,0.0,0.0
1786016787.6212697,-6.57750129699707,-3.620509147644043,-111.15129852294922,0.02367519587278366,0.8285811543464661,0.17036941647529602,0.02367519587278366,-0.5194011762738228,0.8459151656095634,0.0,0.0,0.0
1786016787.671254,-6.260288715362549,-4.064529895782471,-111.38624572753906,0.0591668076813221,0.8664271235466003,0.17552131414413452,0.0591668076813221,-0.5505126766860485,0.8840269747785526,-0.0,0.0,0.0
1786016787.7226708,-6.625958442687988,-3.9918510913848877,-111.07837677001953,0.04323138669133186,0.8412979245185852,0.17511244118213654,0.04323138669133186,-0.5555462770164012,0.8593291365105958,-0.0,0.0,0.0
1786016787.7713408,-5.977960109710693,-3.4204976558685303,-111.16877746582031,0.01079948153346777,0.8721467852592468,0.1653149425983429,0.01079948153346777,-0.5022751668468117,0.8876762052034133,0.0,0.0,0.0
1786016787.8258786,-6.634627819061279,-3.0876576900482178,-110.91399383544922,-0.011497990228235722,0.8290325999259949,0.16723483800888062,-0.011497990228235722,-0.4746466437354684,0.8457319568184185,0.007291074737142233,0.29164298948568934,0.0
1786016787.8728888,-6.415205001831055,-3.5606331825256348,-111.33350372314453,0.009206559509038925,0.8315223455429077,0.16320586204528809,0.009206559509038925,-0.5248884178698062,0.8473874937377377,0.0,0.0,0.0
1786016787.9213588,-6.256828308105469,-3.5317025184631348,-111.24822235107422,0.014713114127516747,0.8473556041717529,0.16403435170650482,0.014713114127516747,-0.5150422636419535,0.8630867792180864,0.0,0.0,0.0
1786016787.9729295,-6.488840103149414,-3.0059356689453125,-110.912109375,-0.010798746719956398,0.8269899487495422,0.16464456915855408,-0.010798746719956398,-0.46168909706175326,0.8432201429556675,0.013935970467252555,0.5574388186901023,0.0
1786016788.02289,-6.1205644607543945,-4.317567348480225,-110.64754486083984,0.09048181772232056,0.870249330997467,0.16766420006752014,0.09048181772232056,-0.5571532845497131,0.886253452509958,-0.0,0.0,0.0
1786016788.0714974,-5.951038360595703,-4.079309463500977,-111.04562377929688,0.05142053961753845,0.8667738437652588,0.1691478043794632,0.05142053961753845,-0.560475879907608,0.8831239301264542,-0.0,0.0,0.0
1786016788.1228497,-6.44426965713501,-3.309451103210449,-111.10237121582031,0.012894092127680779,0.829302966594696,0.17182350158691406,0.012894092127680779,-0.48352357335388657,0.846916008881844,0.0027388031379534214,0.10955212551813685,0.0
1786016788.173106,-6.532292366027832,-3.114975929260254,-110.64329528808594,-0.006797893438488245,0.8244892358779907,0.16830910742282867,-0.006797893438488245,-0.4740442828275263,0.8414929920802325,0.00759997776685612,0.3039991106742448,0.0
1786016788.2229855,-6.42322301864624,-3.195772886276245,-110.97370910644531,-0.008215384557843208,0.8313515186309814,0.17666134238243103,-0.008215384557843208,-0.48758131749927996,0.8499144530024193,0.0006579087044183476,0.0263163481767339,0.0
1786016788.2730217,-6.280239582061768,-3.395771026611328,-111.13875579833984,0.004229542333632708,0.8309565186500549,0.17347893118858337,0.004229542333632708,-0.5051361116580665,0.8488720018079006,0.0,0.0,0.0
1786016788.3212707,-6.6214470863342285,-3.252175807952881,-110.92398834228516,-0.008312392048537731,0.8196617960929871,0.16607671976089478,-0.008312392048537731,-0.4961387632414698,0.8363174856601531,0.0,0.0,0.0
1786016788.3728666,-6.080405235290527,-3.152104139328003,-110.76689910888672,-0.0034864931367337704,0.8482393026351929,0.1690540909767151,-0.0034864931367337704,-0.4763021140359342,0.8649214994500957,0.006442115608698228,0.2576846243479291,0.0
1786016788.4229078,-6.81628942489624,-3.312879800796509,-110.76534271240234,0.008345012553036213,0.8217833638191223,0.1662958711385727,0.008345012553036213,-0.4885869575664401,0.8384403460041798,0.00014219584946442923,0.00568783397857717,0.0
1786016788.4732137,-6.161560535430908,-3.4268887042999268,-110.99006652832031,0.01395328901708126,0.846076250076294,0.16993848979473114,0.01395328901708126,-0.5000800166279077,0.8629739922250713,0.0,0.0,0.0
1786016788.5213223,-6.924805164337158,-3.655855894088745,-110.92882537841797,0.01576797477900982,0.8045442700386047,0.16827787458896637,0.01576797477900982,-0.5326104093343019,0.8219543329943162,0.0,0.0,0.0
1786016788.5713358,-6.223679065704346,-3.5926353931427,-110.8858413696289,0.033980585634708405,0.854030191898346,0.16810880601406097,0.033980585634708405,-0.5049147233366966,0.8704183702871848,0.0,0.0,0.0
1786016788.6213255,-7.028632164001465,-3.768939971923828,-110.85882568359375,0.04199900105595589,0.8114378452301025,0.17230314016342163,0.04199900105595589,-0.5233419947326183,0.8295298359805074,0.0,0.0,0.0
1786016788.6712444,-6.3316569328308105,-3.5140128135681152,-110.9131088256836,0.027259472757577896,0.8477180004119873,0.15358823537826538,0.027259472757577896,-0.4998424492776393,0.8615190968684951,0.0,0.0,0.0
1786016788.7230961,-6.58762788772583,-3.295091152191162,-110.70184326171875,0.010634046979248524,0.8341649770736694,0.17395010590553284,0.010634046979248524,-0.48362962584942576,0.8521090589360387,0.0026844172428051195,0.10737668971220478,0.0
1786016788.7728374,-6.299771308898926,-3.129164695739746,-110.7273178100586,-0.013137326575815678,0.8455868363380432,0.17017149925231934,-0.013137326575815678,-0.4825120309367776,0.8625401074419454,0.003257542839034955,0.1303017135613982,0.0
1786016788.8232098,-6.7993950843811035,-3.4507687091827393,-110.80059051513672,0.012184404768049717,0.8202025890350342,0.16986025869846344,0.012184404768049717,-0.5054309016093611,0.8376065869755813,0.0,0.0,0.0
1786016788.8712144,-6.514039993286133,-3.8166751861572266,-110.80892181396484,0.03905995190143585,0.8272788524627686,0.17083127796649933,0.03905995190143585,-0.5334413260221481,0.8447328721340153,0.0,0.0,0.0
1786016788.9214985,-6.799813747406006,-3.4306907653808594,-110.93431854248047,-0.006033134646713734,0.8227475881576538,0.17083431780338287,-0.006033134646713734,-0.5206367494538426,0.8402963512705405,0.0,0.0,0.0
1786016788.971253,-6.124321460723877,-3.338740348815918,-110.72067260742188,0.008474226109683514,0.8646827936172485,0.16887137293815613,0.008474226109683514,-0.49233682621270414,0.8810186571099088,0.0,0.0,0.0
1786016789.0212758,-6.2211809158325195,-3.282398223876953,-110.73760986328125,-0.010352779179811478,0.8556832075119019,0.17371691763401031,-0.010352779179811478,-0.5027125127613544,0.8731387742450326,0.0,0.0,0.0
1786016789.0712788,-6.64800500869751,-3.574152946472168,-110.81249237060547,0.017395421862602234,0.8205548524856567,0.16854219138622284,0.017395421862602234,-0.518727520108223,0.8376853443955123,0.0,0.0,0.0
1786016789.12126,-6.593945026397705,-3.625162124633789,-110.885498046875,0.02059355564415455,0.8392087817192078,0.1617671549320221,0.02059355564415455,-0.5231807630509138,0.8546578214288089,0.0,0.0,0.0
1786016789.171269,-6.961410999298096,-3.4513745307922363,-110.7640609741211,0.004757152870297432,0.8099560141563416,0.16690462827682495,0.004757152870297432,-0.512949026748538,0.8269739414324087,0.0,0.0,0.0
1786016789.2212946,-6.9202470779418945,-3.5107600688934326,-110.8674545288086,0.00923588965088129,0.8113106489181519,0.16926638782024384,0.00923588965088129,-0.5173781206831336,0.8287798737262542,0.0,0.0,0.0
1786016789.2713287,-6.654841899871826,-3.604166269302368,-110.8743667602539,0.01312999241054058,0.8429974317550659,0.16611765325069427,0.01312999241054058,-0.5274949479848147,0.8592087899149746,0.0,0.0,0.0
1786016789.321632,-6.394491672515869,-3.5513205528259277,-110.99991607666016,0.018406245857477188,0.8523077368736267,0.16988970339298248,0.018406245857477188,-0.5142918370664119,0.86907478944772,0.0,0.0,0.0
1786016789.371308,-6.714814186096191,-3.371882915496826,-110.8272933959961,0.0009768944000825286,0.830454409122467,0.17139513790607452,0.0009768944000825286,-0.5048055429244414,0.8479568496856359,0.0,0.0,0.0
1786016789.4212465,-6.590383529663086,-3.6203224658966064,-110.97815704345703,0.017634334042668343,0.842080295085907,0.17187733948230743,0.017634334042668343,-0.5254140358418226,0.8594422861364714,0.0,0.0,0.0
1786016789.471284,-6.603194713592529,-3.52032208442688,-110.82516479492188,0.025421835482120514,0.8338144421577454,0.17286096513271332,0.025421835482120514,-0.5026264771819114,0.8515441487189288,0.0,0.0,0.0
1786016789.521284,-6.7751593589782715,-3.6167166233062744,-110.90611267089844,0.0156215475872159,0.8282293677330017,0.174606591463089,0.0156215475872159,-0.5268859459087253,0.8464344908838284,0.0,0.0,0.0
1786016789.571324,-6.648475646972656,-3.5652148723602295,-110.82327270507812,0.023402858525514603,0.8360270857810974,0.17348383367061615,0.023402858525514603,-0.5113793723285198,0.8538371792705495,0.0,0.0,0.0
